timestamp,device_id,watts
2026-01-05T00:00:00Z,refrigerator,86.986
2026-01-05T00:00:00Z,television,4.799
2026-01-05T00:00:00Z,game_console,11.603
2026-01-05T00:00:00Z,printer,18.28
2026-01-05T00:05:00Z,refrigerator,87.991
2026-01-05T00:05:00Z,television,5.508
2026-01-05T00:05:00Z,game_console,11.4
2026-01-05T00:05:00Z,printer,18.006
2026-01-05T00:10:00Z,refrigerator,88.823
2026-01-05T00:10:00Z,television,5.232
2026-01-05T00:10:00Z,game_console,12.245
2026-01-05T00:10:00Z,printer,18.267
2026-01-05T00:15:00Z,refrigerator,87.69
2026-01-05T00:15:00Z,television,4.501
2026-01-05T00:15:00Z,game_console,12.055
2026-01-05T00:15:00Z,printer,17.738
2026-01-05T00:20:00Z,refrigerator,86.823
2026-01-05T00:20:00Z,television,5.523
2026-01-05T00:20:00Z,game_console,12.143
2026-01-05T00:20:00Z,printer,2.436
2026-01-05T00:25:00Z,refrigerator,4.188
2026-01-05T00:25:00Z,television,4.782
2026-01-05T00:25:00Z,game_console,11.382
2026-01-05T00:25:00Z,printer,1.935
2026-01-05T00:30:00Z,refrigerator,4.247
2026-01-05T00:30:00Z,television,4.657
2026-01-05T00:30:00Z,game_console,11.46
2026-01-05T00:30:00Z,printer,1.864
2026-01-05T00:35:00Z,refrigerator,2.018
2026-01-05T00:35:00Z,television,4.554
2026-01-05T00:35:00Z,game_console,11.653
2026-01-05T00:35:00Z,printer,1.964
2026-01-05T00:40:00Z,refrigerator,2.643
2026-01-05T00:40:00Z,television,5.8
2026-01-05T00:40:00Z,game_console,11.467
2026-01-05T00:40:00Z,printer,2.42
2026-01-05T00:45:00Z,refrigerator,3.672
2026-01-05T00:45:00Z,television,5.296
2026-01-05T00:45:00Z,game_console,11.876
2026-01-05T00:45:00Z,printer,2.389
2026-01-05T00:50:00Z,refrigerator,3.309
2026-01-05T00:50:00Z,television,4.821
2026-01-05T00:50:00Z,game_console,11.629
2026-01-05T00:50:00Z,printer,2.021
2026-01-05T00:55:00Z,refrigerator,2.862
2026-01-05T00:55:00Z,television,5.882
2026-01-05T00:55:00Z,game_console,11.727
2026-01-05T00:55:00Z,printer,1.899
2026-01-05T01:00:00Z,refrigerator,3.044
2026-01-05T01:00:00Z,television,5.638
2026-01-05T01:00:00Z,game_console,11.746
2026-01-05T01:00:00Z,printer,2.342
2026-01-05T01:05:00Z,refrigerator,2.118
2026-01-05T01:05:00Z,television,4.587
2026-01-05T01:05:00Z,game_console,11.962
2026-01-05T01:05:00Z,printer,1.884
2026-01-05T01:10:00Z,refrigerator,2.625
2026-01-05T01:10:00Z,television,5.038
2026-01-05T01:10:00Z,game_console,11.494
2026-01-05T01:10:00Z,printer,1.875
2026-01-05T01:15:00Z,refrigerator,1.916
2026-01-05T01:15:00Z,television,5.832
2026-01-05T01:15:00Z,game_console,11.989
2026-01-05T01:15:00Z,printer,2.516
2026-01-05T01:20:00Z,refrigerator,3.08
2026-01-05T01:20:00Z,television,5.836
2026-01-05T01:20:00Z,game_console,12.163
2026-01-05T01:20:00Z,printer,2.283
2026-01-05T01:25:00Z,refrigerator,3.16
2026-01-05T01:25:00Z,television,5.212
2026-01-05T01:25:00Z,game_console,11.525
2026-01-05T01:25:00Z,printer,2.113
2026-01-05T01:30:00Z,refrigerator,88.535
2026-01-05T01:30:00Z,television,4.773
2026-01-05T01:30:00Z,game_console,12.15
2026-01-05T01:30:00Z,printer,2.207
2026-01-05T01:35:00Z,refrigerator,88.25
2026-01-05T01:35:00Z,television,5.651
2026-01-05T01:35:00Z,game_console,11.946
2026-01-05T01:35:00Z,printer,1.946
2026-01-05T01:40:00Z,refrigerator,87.395
2026-01-05T01:40:00Z,television,4.501
2026-01-05T01:40:00Z,game_console,11.327
2026-01-05T01:40:00Z,printer,2.516
2026-01-05T01:45:00Z,refrigerator,88.223
2026-01-05T01:45:00Z,television,5.856
2026-01-05T01:45:00Z,game_console,12.081
2026-01-05T01:45:00Z,printer,2.071
2026-01-05T01:50:00Z,refrigerator,89.121
2026-01-05T01:50:00Z,television,5.792
2026-01-05T01:50:00Z,game_console,11.756
2026-01-05T01:50:00Z,printer,1.908
2026-01-05T01:55:00Z,refrigerator,2.664
2026-01-05T01:55:00Z,television,4.733
2026-01-05T01:55:00Z,game_console,11.666
2026-01-05T01:55:00Z,printer,1.908
2026-01-05T02:00:00Z,refrigerator,3.612
2026-01-05T02:00:00Z,television,5.871
2026-01-05T02:00:00Z,game_console,11.511
2026-01-05T02:00:00Z,printer,2.396
2026-01-05T02:05:00Z,refrigerator,3.303
2026-01-05T02:05:00Z,television,5.176
2026-01-05T02:05:00Z,game_console,12.207
2026-01-05T02:05:00Z,printer,2.114
2026-01-05T02:10:00Z,refrigerator,3.871
2026-01-05T02:10:00Z,television,4.549
2026-01-05T02:10:00Z,game_console,12.265
2026-01-05T02:10:00Z,printer,1.978
2026-01-05T02:15:00Z,refrigerator,1.909
2026-01-05T02:15:00Z,television,5.734
2026-01-05T02:15:00Z,game_console,12.021
2026-01-05T02:15:00Z,printer,2.322
2026-01-05T02:20:00Z,refrigerator,3.738
2026-01-05T02:20:00Z,television,5.028
2026-01-05T02:20:00Z,game_console,11.414
2026-01-05T02:20:00Z,printer,2.073
2026-01-05T02:25:00Z,refrigerator,4.189
2026-01-05T02:25:00Z,television,5.874
2026-01-05T02:25:00Z,game_console,11.53
2026-01-05T02:25:00Z,printer,2.16
2026-01-05T02:30:00Z,refrigerator,2.981
2026-01-05T02:30:00Z,television,5.766
2026-01-05T02:30:00Z,game_console,11.306
2026-01-05T02:30:00Z,printer,2.43
2026-01-05T02:35:00Z,refrigerator,2.508
2026-01-05T02:35:00Z,television,5.269
2026-01-05T02:35:00Z,game_console,11.429
2026-01-05T02:35:00Z,printer,1.909
2026-01-05T02:40:00Z,refrigerator,4.019
2026-01-05T02:40:00Z,television,5.204
2026-01-05T02:40:00Z,game_console,12.272
2026-01-05T02:40:00Z,printer,2.455
2026-01-05T02:45:00Z,refrigerator,3.706
2026-01-05T02:45:00Z,television,4.605
2026-01-05T02:45:00Z,game_console,11.889
2026-01-05T02:45:00Z,printer,2.545
2026-01-05T02:50:00Z,refrigerator,3.107
2026-01-05T02:50:00Z,television,4.592
2026-01-05T02:50:00Z,game_console,11.485
2026-01-05T02:50:00Z,printer,2.542
2026-01-05T02:55:00Z,refrigerator,4.244
2026-01-05T02:55:00Z,television,4.846
2026-01-05T02:55:00Z,game_console,11.618
2026-01-05T02:55:00Z,printer,2.35
2026-01-05T03:00:00Z,refrigerator,88.018
2026-01-05T03:00:00Z,television,4.76
2026-01-05T03:00:00Z,game_console,12.284
2026-01-05T03:00:00Z,printer,2.284
2026-01-05T03:05:00Z,refrigerator,87.676
2026-01-05T03:05:00Z,television,4.531
2026-01-05T03:05:00Z,game_console,11.81
2026-01-05T03:05:00Z,printer,2.376
2026-01-05T03:10:00Z,refrigerator,87.227
2026-01-05T03:10:00Z,television,4.622
2026-01-05T03:10:00Z,game_console,12.024
2026-01-05T03:10:00Z,printer,2.494
2026-01-05T03:15:00Z,refrigerator,87.705
2026-01-05T03:15:00Z,television,5.162
2026-01-05T03:15:00Z,game_console,11.936
2026-01-05T03:15:00Z,printer,2.214
2026-01-05T03:20:00Z,refrigerator,87.108
2026-01-05T03:20:00Z,television,4.885
2026-01-05T03:20:00Z,game_console,11.506
2026-01-05T03:20:00Z,printer,1.988
2026-01-05T03:25:00Z,refrigerator,2.112
2026-01-05T03:25:00Z,television,5.048
2026-01-05T03:25:00Z,game_console,11.519
2026-01-05T03:25:00Z,printer,2.443
2026-01-05T03:30:00Z,refrigerator,2.673
2026-01-05T03:30:00Z,television,5.848
2026-01-05T03:30:00Z,game_console,12.111
2026-01-05T03:30:00Z,printer,2.038
2026-01-05T03:35:00Z,refrigerator,2.27
2026-01-05T03:35:00Z,television,5.301
2026-01-05T03:35:00Z,game_console,11.774
2026-01-05T03:35:00Z,printer,2.225
2026-01-05T03:40:00Z,refrigerator,2.196
2026-01-05T03:40:00Z,television,5.244
2026-01-05T03:40:00Z,game_console,12.059
2026-01-05T03:40:00Z,printer,2.162
2026-01-05T03:45:00Z,refrigerator,2.513
2026-01-05T03:45:00Z,television,5.791
2026-01-05T03:45:00Z,game_console,11.596
2026-01-05T03:45:00Z,printer,2.547
2026-01-05T03:50:00Z,refrigerator,3.553
2026-01-05T03:50:00Z,television,4.503
2026-01-05T03:50:00Z,game_console,11.747
2026-01-05T03:50:00Z,printer,1.954
2026-01-05T03:55:00Z,refrigerator,3.787
2026-01-05T03:55:00Z,television,5.089
2026-01-05T03:55:00Z,game_console,11.386
2026-01-05T03:55:00Z,printer,2.516
2026-01-05T04:00:00Z,refrigerator,3.818
2026-01-05T04:00:00Z,television,5.351
2026-01-05T04:00:00Z,game_console,11.868
2026-01-05T04:00:00Z,printer,1.902
2026-01-05T04:05:00Z,refrigerator,4.258
2026-01-05T04:05:00Z,television,4.922
2026-01-05T04:05:00Z,game_console,11.824
2026-01-05T04:05:00Z,printer,2.193
2026-01-05T04:10:00Z,refrigerator,3.034
2026-01-05T04:10:00Z,television,4.525
2026-01-05T04:10:00Z,game_console,12.193
2026-01-05T04:10:00Z,printer,2.195
2026-01-05T04:15:00Z,refrigerator,2.844
2026-01-05T04:15:00Z,television,5.705
2026-01-05T04:15:00Z,game_console,12.16
2026-01-05T04:15:00Z,printer,2.353
2026-01-05T04:20:00Z,refrigerator,4.078
2026-01-05T04:20:00Z,television,4.989
2026-01-05T04:20:00Z,game_console,11.405
2026-01-05T04:20:00Z,printer,2.093
2026-01-05T04:25:00Z,refrigerator,3.344
2026-01-05T04:25:00Z,television,5.602
2026-01-05T04:25:00Z,game_console,12.034
2026-01-05T04:25:00Z,printer,2.291
2026-01-05T04:30:00Z,refrigerator,88.242
2026-01-05T04:30:00Z,television,5.432
2026-01-05T04:30:00Z,game_console,11.875
2026-01-05T04:30:00Z,printer,1.861
2026-01-05T04:35:00Z,refrigerator,88.112
2026-01-05T04:35:00Z,television,4.886
2026-01-05T04:35:00Z,game_console,11.372
2026-01-05T04:35:00Z,printer,2.279
2026-01-05T04:40:00Z,refrigerator,88.818
2026-01-05T04:40:00Z,television,4.896
2026-01-05T04:40:00Z,game_console,11.97
2026-01-05T04:40:00Z,printer,2.288
2026-01-05T04:45:00Z,refrigerator,88.435
2026-01-05T04:45:00Z,television,5.721
2026-01-05T04:45:00Z,game_console,11.996
2026-01-05T04:45:00Z,printer,1.906
2026-01-05T04:50:00Z,refrigerator,88.281
2026-01-05T04:50:00Z,television,4.988
2026-01-05T04:50:00Z,game_console,11.717
2026-01-05T04:50:00Z,printer,2.322
2026-01-05T04:55:00Z,refrigerator,2.317
2026-01-05T04:55:00Z,television,5.378
2026-01-05T04:55:00Z,game_console,12.238
2026-01-05T04:55:00Z,printer,1.904
2026-01-05T05:00:00Z,refrigerator,3.944
2026-01-05T05:00:00Z,television,5.491
2026-01-05T05:00:00Z,game_console,11.704
2026-01-05T05:00:00Z,printer,2.386
2026-01-05T05:05:00Z,refrigerator,2.09
2026-01-05T05:05:00Z,television,4.725
2026-01-05T05:05:00Z,game_console,12.298
2026-01-05T05:05:00Z,printer,2.285
2026-01-05T05:10:00Z,refrigerator,2.302
2026-01-05T05:10:00Z,television,4.681
2026-01-05T05:10:00Z,game_console,11.747
2026-01-05T05:10:00Z,printer,2.232
2026-01-05T05:15:00Z,refrigerator,4.276
2026-01-05T05:15:00Z,television,4.761
2026-01-05T05:15:00Z,game_console,11.936
2026-01-05T05:15:00Z,printer,2.158
2026-01-05T05:20:00Z,refrigerator,3.237
2026-01-05T05:20:00Z,television,5.818
2026-01-05T05:20:00Z,game_console,11.418
2026-01-05T05:20:00Z,printer,2.435
2026-01-05T05:25:00Z,refrigerator,3.656
2026-01-05T05:25:00Z,television,4.875
2026-01-05T05:25:00Z,game_console,11.42
2026-01-05T05:25:00Z,printer,2.373
2026-01-05T05:30:00Z,refrigerator,3.948
2026-01-05T05:30:00Z,television,4.984
2026-01-05T05:30:00Z,game_console,11.438
2026-01-05T05:30:00Z,printer,2.239
2026-01-05T05:35:00Z,refrigerator,3.509
2026-01-05T05:35:00Z,television,5.002
2026-01-05T05:35:00Z,game_console,11.711
2026-01-05T05:35:00Z,printer,1.922
2026-01-05T05:40:00Z,refrigerator,2.239
2026-01-05T05:40:00Z,television,4.811
2026-01-05T05:40:00Z,game_console,12.058
2026-01-05T05:40:00Z,printer,1.935
2026-01-05T05:45:00Z,refrigerator,2.375
2026-01-05T05:45:00Z,television,5.15
2026-01-05T05:45:00Z,game_console,11.51
2026-01-05T05:45:00Z,printer,2.018
2026-01-05T05:50:00Z,refrigerator,3.668
2026-01-05T05:50:00Z,television,4.827
2026-01-05T05:50:00Z,game_console,11.862
2026-01-05T05:50:00Z,printer,1.909
2026-01-05T05:55:00Z,refrigerator,3.142
2026-01-05T05:55:00Z,television,5.477
2026-01-05T05:55:00Z,game_console,11.748
2026-01-05T05:55:00Z,printer,1.983
2026-01-05T06:00:00Z,refrigerator,86.872
2026-01-05T06:00:00Z,television,4.885
2026-01-05T06:00:00Z,game_console,11.709
2026-01-05T06:00:00Z,printer,17.721
2026-01-05T06:05:00Z,refrigerator,87.823
2026-01-05T06:05:00Z,television,5.212
2026-01-05T06:05:00Z,game_console,11.364
2026-01-05T06:05:00Z,printer,18.115
2026-01-05T06:10:00Z,refrigerator,89.094
2026-01-05T06:10:00Z,television,5.484
2026-01-05T06:10:00Z,game_console,11.75
2026-01-05T06:10:00Z,printer,18.233
2026-01-05T06:15:00Z,refrigerator,89.068
2026-01-05T06:15:00Z,television,5.83
2026-01-05T06:15:00Z,game_console,12.252
2026-01-05T06:15:00Z,printer,18.186
2026-01-05T06:20:00Z,refrigerator,89.064
2026-01-05T06:20:00Z,television,5.566
2026-01-05T06:20:00Z,game_console,11.625
2026-01-05T06:20:00Z,printer,1.944
2026-01-05T06:25:00Z,refrigerator,3.069
2026-01-05T06:25:00Z,television,5.484
2026-01-05T06:25:00Z,game_console,11.569
2026-01-05T06:25:00Z,printer,2.102
2026-01-05T06:30:00Z,refrigerator,2.097
2026-01-05T06:30:00Z,television,4.557
2026-01-05T06:30:00Z,game_console,11.559
2026-01-05T06:30:00Z,printer,2.444
2026-01-05T06:35:00Z,refrigerator,2.045
2026-01-05T06:35:00Z,television,4.71
2026-01-05T06:35:00Z,game_console,11.7
2026-01-05T06:35:00Z,printer,2.528
2026-01-05T06:40:00Z,refrigerator,2.422
2026-01-05T06:40:00Z,television,4.561
2026-01-05T06:40:00Z,game_console,11.349
2026-01-05T06:40:00Z,printer,2.091
2026-01-05T06:45:00Z,refrigerator,1.913
2026-01-05T06:45:00Z,television,5.439
2026-01-05T06:45:00Z,game_console,11.362
2026-01-05T06:45:00Z,printer,1.983
2026-01-05T06:50:00Z,refrigerator,2.084
2026-01-05T06:50:00Z,television,4.878
2026-01-05T06:50:00Z,game_console,11.388
2026-01-05T06:50:00Z,printer,1.965
2026-01-05T06:55:00Z,refrigerator,2.365
2026-01-05T06:55:00Z,television,4.827
2026-01-05T06:55:00Z,game_console,11.934
2026-01-05T06:55:00Z,printer,2.109
2026-01-05T07:00:00Z,refrigerator,2.397
2026-01-05T07:00:00Z,television,4.517
2026-01-05T07:00:00Z,game_console,0.765
2026-01-05T07:00:00Z,printer,2.448
2026-01-05T07:05:00Z,refrigerator,4.175
2026-01-05T07:05:00Z,television,5.493
2026-01-05T07:05:00Z,game_console,0.333
2026-01-05T07:05:00Z,printer,2.08
2026-01-05T07:10:00Z,refrigerator,2.368
2026-01-05T07:10:00Z,television,5.116
2026-01-05T07:10:00Z,game_console,0.318
2026-01-05T07:10:00Z,printer,2.506
2026-01-05T07:15:00Z,refrigerator,2.381
2026-01-05T07:15:00Z,television,5.479
2026-01-05T07:15:00Z,game_console,0.631
2026-01-05T07:15:00Z,printer,2.311
2026-01-05T07:20:00Z,refrigerator,3.372
2026-01-05T07:20:00Z,television,4.559
2026-01-05T07:20:00Z,game_console,0.047
2026-01-05T07:20:00Z,printer,2.213
2026-01-05T07:25:00Z,refrigerator,3.348
2026-01-05T07:25:00Z,television,5.847
2026-01-05T07:25:00Z,game_console,0.686
2026-01-05T07:25:00Z,printer,2.002
2026-01-05T07:30:00Z,refrigerator,87.156
2026-01-05T07:30:00Z,television,5.583
2026-01-05T07:30:00Z,game_console,0.0
2026-01-05T07:30:00Z,printer,2.488
2026-01-05T07:35:00Z,refrigerator,87.008
2026-01-05T07:35:00Z,television,5.339
2026-01-05T07:35:00Z,game_console,0.746
2026-01-05T07:35:00Z,printer,1.909
2026-01-05T07:40:00Z,refrigerator,87.045
2026-01-05T07:40:00Z,television,5.384
2026-01-05T07:40:00Z,game_console,0.62
2026-01-05T07:40:00Z,printer,1.857
2026-01-05T07:45:00Z,refrigerator,87.924
2026-01-05T07:45:00Z,television,5.611
2026-01-05T07:45:00Z,game_console,0.676
2026-01-05T07:45:00Z,printer,2.125
2026-01-05T07:50:00Z,refrigerator,86.819
2026-01-05T07:50:00Z,television,5.365
2026-01-05T07:50:00Z,game_console,0.436
2026-01-05T07:50:00Z,printer,2.145
2026-01-05T07:55:00Z,refrigerator,3.331
2026-01-05T07:55:00Z,television,5.318
2026-01-05T07:55:00Z,game_console,0.381
2026-01-05T07:55:00Z,printer,2.235
2026-01-05T08:00:00Z,refrigerator,3.248
2026-01-05T08:00:00Z,television,5.58
2026-01-05T08:00:00Z,game_console,0.691
2026-01-05T08:00:00Z,printer,1.865
2026-01-05T08:05:00Z,refrigerator,3.782
2026-01-05T08:05:00Z,television,4.84
2026-01-05T08:05:00Z,game_console,0.322
2026-01-05T08:05:00Z,printer,2.002
2026-01-05T08:10:00Z,refrigerator,2.64
2026-01-05T08:10:00Z,television,5.058
2026-01-05T08:10:00Z,game_console,0.354
2026-01-05T08:10:00Z,printer,1.924
2026-01-05T08:15:00Z,refrigerator,2.606
2026-01-05T08:15:00Z,television,5.139
2026-01-05T08:15:00Z,game_console,0.286
2026-01-05T08:15:00Z,printer,2.221
2026-01-05T08:20:00Z,refrigerator,2.066
2026-01-05T08:20:00Z,television,5.282
2026-01-05T08:20:00Z,game_console,0.805
2026-01-05T08:20:00Z,printer,2.367
2026-01-05T08:25:00Z,refrigerator,3.238
2026-01-05T08:25:00Z,television,5.628
2026-01-05T08:25:00Z,game_console,0.28
2026-01-05T08:25:00Z,printer,1.974
2026-01-05T08:30:00Z,refrigerator,3.37
2026-01-05T08:30:00Z,television,4.842
2026-01-05T08:30:00Z,game_console,0.173
2026-01-05T08:30:00Z,printer,2.388
2026-01-05T08:35:00Z,refrigerator,3.122
2026-01-05T08:35:00Z,television,4.744
2026-01-05T08:35:00Z,game_console,0.117
2026-01-05T08:35:00Z,printer,2.364
2026-01-05T08:40:00Z,refrigerator,3.46
2026-01-05T08:40:00Z,television,5.758
2026-01-05T08:40:00Z,game_console,0.639
2026-01-05T08:40:00Z,printer,2.049
2026-01-05T08:45:00Z,refrigerator,3.586
2026-01-05T08:45:00Z,television,5.734
2026-01-05T08:45:00Z,game_console,0.782
2026-01-05T08:45:00Z,printer,2.489
2026-01-05T08:50:00Z,refrigerator,2.248
2026-01-05T08:50:00Z,television,4.85
2026-01-05T08:50:00Z,game_console,0.073
2026-01-05T08:50:00Z,printer,2.421
2026-01-05T08:55:00Z,refrigerator,3.564
2026-01-05T08:55:00Z,television,5.281
2026-01-05T08:55:00Z,game_console,0.096
2026-01-05T08:55:00Z,printer,2.138
2026-01-05T09:00:00Z,refrigerator,88.457
2026-01-05T09:00:00Z,television,4.545
2026-01-05T09:00:00Z,game_console,0.791
2026-01-05T09:00:00Z,printer,2.343
2026-01-05T09:05:00Z,refrigerator,88.946
2026-01-05T09:05:00Z,television,5.828
2026-01-05T09:05:00Z,game_console,0.415
2026-01-05T09:05:00Z,printer,2.061
2026-01-05T09:10:00Z,refrigerator,87.711
2026-01-05T09:10:00Z,television,5.183
2026-01-05T09:10:00Z,game_console,0.505
2026-01-05T09:10:00Z,printer,2.042
2026-01-05T09:15:00Z,refrigerator,87.493
2026-01-05T09:15:00Z,television,5.218
2026-01-05T09:15:00Z,game_console,0.639
2026-01-05T09:15:00Z,printer,1.86
2026-01-05T09:20:00Z,refrigerator,88.964
2026-01-05T09:20:00Z,television,5.41
2026-01-05T09:20:00Z,game_console,0.401
2026-01-05T09:20:00Z,printer,2.238
2026-01-05T09:25:00Z,refrigerator,3.874
2026-01-05T09:25:00Z,television,5.101
2026-01-05T09:25:00Z,game_console,0.225
2026-01-05T09:25:00Z,printer,1.913
2026-01-05T09:30:00Z,refrigerator,2.702
2026-01-05T09:30:00Z,television,4.585
2026-01-05T09:30:00Z,game_console,0.155
2026-01-05T09:30:00Z,printer,2.299
2026-01-05T09:35:00Z,refrigerator,2.759
2026-01-05T09:35:00Z,television,5.775
2026-01-05T09:35:00Z,game_console,0.369
2026-01-05T09:35:00Z,printer,2.435
2026-01-05T09:40:00Z,refrigerator,2.398
2026-01-05T09:40:00Z,television,5.869
2026-01-05T09:40:00Z,game_console,0.752
2026-01-05T09:40:00Z,printer,2.483
2026-01-05T09:45:00Z,refrigerator,3.833
2026-01-05T09:45:00Z,television,5.226
2026-01-05T09:45:00Z,game_console,0.055
2026-01-05T09:45:00Z,printer,2.44
2026-01-05T09:50:00Z,refrigerator,4.196
2026-01-05T09:50:00Z,television,5.14
2026-01-05T09:50:00Z,game_console,0.666
2026-01-05T09:50:00Z,printer,2.288
2026-01-05T09:55:00Z,refrigerator,3.748
2026-01-05T09:55:00Z,television,5.772
2026-01-05T09:55:00Z,game_console,0.55
2026-01-05T09:55:00Z,printer,1.951
2026-01-05T10:00:00Z,refrigerator,2.952
2026-01-05T10:00:00Z,television,5.259
2026-01-05T10:00:00Z,game_console,0.126
2026-01-05T10:00:00Z,printer,2.344
2026-01-05T10:05:00Z,refrigerator,2.686
2026-01-05T10:05:00Z,television,4.623
2026-01-05T10:05:00Z,game_console,0.259
2026-01-05T10:05:00Z,printer,2.364
2026-01-05T10:10:00Z,refrigerator,3.425
2026-01-05T10:10:00Z,television,4.953
2026-01-05T10:10:00Z,game_console,0.319
2026-01-05T10:10:00Z,printer,2.333
2026-01-05T10:15:00Z,refrigerator,3.94
2026-01-05T10:15:00Z,television,4.651
2026-01-05T10:15:00Z,game_console,0.097
2026-01-05T10:15:00Z,printer,2.14
2026-01-05T10:20:00Z,refrigerator,2.423
2026-01-05T10:20:00Z,television,4.753
2026-01-05T10:20:00Z,game_console,0.202
2026-01-05T10:20:00Z,printer,1.949
2026-01-05T10:25:00Z,refrigerator,1.989
2026-01-05T10:25:00Z,television,5.098
2026-01-05T10:25:00Z,game_console,0.337
2026-01-05T10:25:00Z,printer,2.282
2026-01-05T10:30:00Z,refrigerator,89.035
2026-01-05T10:30:00Z,television,5.816
2026-01-05T10:30:00Z,game_console,0.377
2026-01-05T10:30:00Z,printer,2.046
2026-01-05T10:35:00Z,refrigerator,88.283
2026-01-05T10:35:00Z,television,5.121
2026-01-05T10:35:00Z,game_console,0.491
2026-01-05T10:35:00Z,printer,2.5
2026-01-05T10:40:00Z,refrigerator,88.623
2026-01-05T10:40:00Z,television,5.881
2026-01-05T10:40:00Z,game_console,0.712
2026-01-05T10:40:00Z,printer,2.386
2026-01-05T10:45:00Z,refrigerator,89.188
2026-01-05T10:45:00Z,television,5.531
2026-01-05T10:45:00Z,game_console,0.648
2026-01-05T10:45:00Z,printer,2.321
2026-01-05T10:50:00Z,refrigerator,89.125
2026-01-05T10:50:00Z,television,5.244
2026-01-05T10:50:00Z,game_console,0.291
2026-01-05T10:50:00Z,printer,2.28
2026-01-05T10:55:00Z,refrigerator,2.358
2026-01-05T10:55:00Z,television,5.602
2026-01-05T10:55:00Z,game_console,0.422
2026-01-05T10:55:00Z,printer,2.101
2026-01-05T11:00:00Z,refrigerator,3.524
2026-01-05T11:00:00Z,television,5.494
2026-01-05T11:00:00Z,game_console,0.512
2026-01-05T11:00:00Z,printer,2.07
2026-01-05T11:05:00Z,refrigerator,3.146
2026-01-05T11:05:00Z,television,4.517
2026-01-05T11:05:00Z,game_console,0.308
2026-01-05T11:05:00Z,printer,1.866
2026-01-05T11:10:00Z,refrigerator,3.329
2026-01-05T11:10:00Z,television,4.609
2026-01-05T11:10:00Z,game_console,0.132
2026-01-05T11:10:00Z,printer,2.396
2026-01-05T11:15:00Z,refrigerator,3.596
2026-01-05T11:15:00Z,television,4.811
2026-01-05T11:15:00Z,game_console,0.0
2026-01-05T11:15:00Z,printer,2.52
2026-01-05T11:20:00Z,refrigerator,2.934
2026-01-05T11:20:00Z,television,4.581
2026-01-05T11:20:00Z,game_console,0.425
2026-01-05T11:20:00Z,printer,2.422
2026-01-05T11:25:00Z,refrigerator,3.326
2026-01-05T11:25:00Z,television,4.905
2026-01-05T11:25:00Z,game_console,0.415
2026-01-05T11:25:00Z,printer,2.107
2026-01-05T11:30:00Z,refrigerator,4.169
2026-01-05T11:30:00Z,television,5.615
2026-01-05T11:30:00Z,game_console,0.108
2026-01-05T11:30:00Z,printer,2.278
2026-01-05T11:35:00Z,refrigerator,3.836
2026-01-05T11:35:00Z,television,4.785
2026-01-05T11:35:00Z,game_console,0.042
2026-01-05T11:35:00Z,printer,2.249
2026-01-05T11:40:00Z,refrigerator,3.433
2026-01-05T11:40:00Z,television,5.093
2026-01-05T11:40:00Z,game_console,0.441
2026-01-05T11:40:00Z,printer,2.269
2026-01-05T11:45:00Z,refrigerator,3.574
2026-01-05T11:45:00Z,television,4.638
2026-01-05T11:45:00Z,game_console,0.239
2026-01-05T11:45:00Z,printer,1.954
2026-01-05T11:50:00Z,refrigerator,2.433
2026-01-05T11:50:00Z,television,5.779
2026-01-05T11:50:00Z,game_console,0.522
2026-01-05T11:50:00Z,printer,2.433
2026-01-05T11:55:00Z,refrigerator,2.869
2026-01-05T11:55:00Z,television,4.801
2026-01-05T11:55:00Z,game_console,0.0
2026-01-05T11:55:00Z,printer,2.392
2026-01-05T12:00:00Z,refrigerator,88.867
2026-01-05T12:00:00Z,television,5.524
2026-01-05T12:00:00Z,game_console,0.121
2026-01-05T12:00:00Z,printer,18.184
2026-01-05T12:05:00Z,refrigerator,88.938
2026-01-05T12:05:00Z,television,4.93
2026-01-05T12:05:00Z,game_console,0.396
2026-01-05T12:05:00Z,printer,18.339
2026-01-05T12:10:00Z,refrigerator,87.281
2026-01-05T12:10:00Z,television,5.413
2026-01-05T12:10:00Z,game_console,0.677
2026-01-05T12:10:00Z,printer,18.047
2026-01-05T12:15:00Z,refrigerator,88.998
2026-01-05T12:15:00Z,television,5.2
2026-01-05T12:15:00Z,game_console,0.062
2026-01-05T12:15:00Z,printer,17.903
2026-01-05T12:20:00Z,refrigerator,87.555
2026-01-05T12:20:00Z,television,5.211
2026-01-05T12:20:00Z,game_console,0.275
2026-01-05T12:20:00Z,printer,2.431
2026-01-05T12:25:00Z,refrigerator,3.402
2026-01-05T12:25:00Z,television,5.619
2026-01-05T12:25:00Z,game_console,0.5
2026-01-05T12:25:00Z,printer,1.9
2026-01-05T12:30:00Z,refrigerator,2.33
2026-01-05T12:30:00Z,television,4.675
2026-01-05T12:30:00Z,game_console,0.616
2026-01-05T12:30:00Z,printer,2.103
2026-01-05T12:35:00Z,refrigerator,3.877
2026-01-05T12:35:00Z,television,5.748
2026-01-05T12:35:00Z,game_console,0.752
2026-01-05T12:35:00Z,printer,2.312
2026-01-05T12:40:00Z,refrigerator,2.469
2026-01-05T12:40:00Z,television,4.614
2026-01-05T12:40:00Z,game_console,0.392
2026-01-05T12:40:00Z,printer,2.409
2026-01-05T12:45:00Z,refrigerator,4.015
2026-01-05T12:45:00Z,television,4.608
2026-01-05T12:45:00Z,game_console,0.0
2026-01-05T12:45:00Z,printer,2.141
2026-01-05T12:50:00Z,refrigerator,3.354
2026-01-05T12:50:00Z,television,4.952
2026-01-05T12:50:00Z,game_console,0.591
2026-01-05T12:50:00Z,printer,2.381
2026-01-05T12:55:00Z,refrigerator,3.894
2026-01-05T12:55:00Z,television,5.799
2026-01-05T12:55:00Z,game_console,0.073
2026-01-05T12:55:00Z,printer,2.509
2026-01-05T13:00:00Z,refrigerator,2.065
2026-01-05T13:00:00Z,television,5.353
2026-01-05T13:00:00Z,game_console,0.675
2026-01-05T13:00:00Z,printer,1.931
2026-01-05T13:05:00Z,refrigerator,2.539
2026-01-05T13:05:00Z,television,5.458
2026-01-05T13:05:00Z,game_console,0.326
2026-01-05T13:05:00Z,printer,1.926
2026-01-05T13:10:00Z,refrigerator,2.021
2026-01-05T13:10:00Z,television,5.35
2026-01-05T13:10:00Z,game_console,0.038
2026-01-05T13:10:00Z,printer,1.956
2026-01-05T13:15:00Z,refrigerator,2.532
2026-01-05T13:15:00Z,television,5.249
2026-01-05T13:15:00Z,game_console,0.0
2026-01-05T13:15:00Z,printer,2.081
2026-01-05T13:20:00Z,refrigerator,2.582
2026-01-05T13:20:00Z,television,4.854
2026-01-05T13:20:00Z,game_console,0.649
2026-01-05T13:20:00Z,printer,2.175
2026-01-05T13:25:00Z,refrigerator,3.785
2026-01-05T13:25:00Z,television,5.804
2026-01-05T13:25:00Z,game_console,0.846
2026-01-05T13:25:00Z,printer,2.016
2026-01-05T13:30:00Z,refrigerator,88.431
2026-01-05T13:30:00Z,television,4.693
2026-01-05T13:30:00Z,game_console,0.0
2026-01-05T13:30:00Z,printer,2.293
2026-01-05T13:35:00Z,refrigerator,88.071
2026-01-05T13:35:00Z,television,4.729
2026-01-05T13:35:00Z,game_console,0.195
2026-01-05T13:35:00Z,printer,2.351
2026-01-05T13:40:00Z,refrigerator,88.265
2026-01-05T13:40:00Z,television,4.653
2026-01-05T13:40:00Z,game_console,0.758
2026-01-05T13:40:00Z,printer,1.863
2026-01-05T13:45:00Z,refrigerator,87.772
2026-01-05T13:45:00Z,television,5.355
2026-01-05T13:45:00Z,game_console,0.14
2026-01-05T13:45:00Z,printer,1.96
2026-01-05T13:50:00Z,refrigerator,88.053
2026-01-05T13:50:00Z,television,5.769
2026-01-05T13:50:00Z,game_console,0.059
2026-01-05T13:50:00Z,printer,1.926
2026-01-05T13:55:00Z,refrigerator,2.637
2026-01-05T13:55:00Z,television,5.851
2026-01-05T13:55:00Z,game_console,0.0
2026-01-05T13:55:00Z,printer,2.266
2026-01-05T14:00:00Z,refrigerator,3.455
2026-01-05T14:00:00Z,television,5.827
2026-01-05T14:00:00Z,game_console,0.034
2026-01-05T14:00:00Z,printer,2.375
2026-01-05T14:05:00Z,refrigerator,2.927
2026-01-05T14:05:00Z,television,5.752
2026-01-05T14:05:00Z,game_console,0.832
2026-01-05T14:05:00Z,printer,2.281
2026-01-05T14:10:00Z,refrigerator,3.407
2026-01-05T14:10:00Z,television,4.662
2026-01-05T14:10:00Z,game_console,0.21
2026-01-05T14:10:00Z,printer,2.486
2026-01-05T14:15:00Z,refrigerator,3.439
2026-01-05T14:15:00Z,television,4.861
2026-01-05T14:15:00Z,game_console,0.093
2026-01-05T14:15:00Z,printer,2.421
2026-01-05T14:20:00Z,refrigerator,3.8
2026-01-05T14:20:00Z,television,5.401
2026-01-05T14:20:00Z,game_console,0.714
2026-01-05T14:20:00Z,printer,1.995
2026-01-05T14:25:00Z,refrigerator,3.068
2026-01-05T14:25:00Z,television,5.717
2026-01-05T14:25:00Z,game_console,0.624
2026-01-05T14:25:00Z,printer,2.121
2026-01-05T14:30:00Z,refrigerator,2.832
2026-01-05T14:30:00Z,television,5.711
2026-01-05T14:30:00Z,game_console,0.586
2026-01-05T14:30:00Z,printer,1.979
2026-01-05T14:35:00Z,refrigerator,2.715
2026-01-05T14:35:00Z,television,4.845
2026-01-05T14:35:00Z,game_console,0.252
2026-01-05T14:35:00Z,printer,2.168
2026-01-05T14:40:00Z,refrigerator,1.962
2026-01-05T14:40:00Z,television,4.513
2026-01-05T14:40:00Z,game_console,0.634
2026-01-05T14:40:00Z,printer,2.156
2026-01-05T14:45:00Z,refrigerator,1.93
2026-01-05T14:45:00Z,television,5.139
2026-01-05T14:45:00Z,game_console,0.544
2026-01-05T14:45:00Z,printer,2.089
2026-01-05T14:50:00Z,refrigerator,2.392
2026-01-05T14:50:00Z,television,5.721
2026-01-05T14:50:00Z,game_console,0.707
2026-01-05T14:50:00Z,printer,2.203
2026-01-05T14:55:00Z,refrigerator,3.509
2026-01-05T14:55:00Z,television,5.44
2026-01-05T14:55:00Z,game_console,0.472
2026-01-05T14:55:00Z,printer,2.084
2026-01-05T15:00:00Z,refrigerator,87.709
2026-01-05T15:00:00Z,television,4.83
2026-01-05T15:00:00Z,game_console,0.253
2026-01-05T15:00:00Z,printer,1.906
2026-01-05T15:05:00Z,refrigerator,88.712
2026-01-05T15:05:00Z,television,4.918
2026-01-05T15:05:00Z,game_console,0.0
2026-01-05T15:05:00Z,printer,1.993
2026-01-05T15:10:00Z,refrigerator,88.754
2026-01-05T15:10:00Z,television,5.324
2026-01-05T15:10:00Z,game_console,0.1
2026-01-05T15:10:00Z,printer,1.887
2026-01-05T15:15:00Z,refrigerator,87.755
2026-01-05T15:15:00Z,television,5.28
2026-01-05T15:15:00Z,game_console,0.504
2026-01-05T15:15:00Z,printer,1.94
2026-01-05T15:20:00Z,refrigerator,88.645
2026-01-05T15:20:00Z,television,5.67
2026-01-05T15:20:00Z,game_console,0.44
2026-01-05T15:20:00Z,printer,2.529
2026-01-05T15:25:00Z,refrigerator,2.461
2026-01-05T15:25:00Z,television,4.838
2026-01-05T15:25:00Z,game_console,0.104
2026-01-05T15:25:00Z,printer,2.472
2026-01-05T15:30:00Z,refrigerator,3.96
2026-01-05T15:30:00Z,television,4.798
2026-01-05T15:30:00Z,game_console,0.625
2026-01-05T15:30:00Z,printer,2.091
2026-01-05T15:35:00Z,refrigerator,3.835
2026-01-05T15:35:00Z,television,4.916
2026-01-05T15:35:00Z,game_console,0.518
2026-01-05T15:35:00Z,printer,2.28
2026-01-05T15:40:00Z,refrigerator,3.341
2026-01-05T15:40:00Z,television,5.702
2026-01-05T15:40:00Z,game_console,0.51
2026-01-05T15:40:00Z,printer,2.015
2026-01-05T15:45:00Z,refrigerator,2.777
2026-01-05T15:45:00Z,television,4.881
2026-01-05T15:45:00Z,game_console,0.417
2026-01-05T15:45:00Z,printer,2.149
2026-01-05T15:50:00Z,refrigerator,3.094
2026-01-05T15:50:00Z,television,4.947
2026-01-05T15:50:00Z,game_console,0.705
2026-01-05T15:50:00Z,printer,2.166
2026-01-05T15:55:00Z,refrigerator,3.026
2026-01-05T15:55:00Z,television,5.125
2026-01-05T15:55:00Z,game_console,0.401
2026-01-05T15:55:00Z,printer,2.098
2026-01-05T16:00:00Z,refrigerator,3.029
2026-01-05T16:00:00Z,television,4.527
2026-01-05T16:00:00Z,game_console,0.406
2026-01-05T16:00:00Z,printer,2.003
2026-01-05T16:05:00Z,refrigerator,2.84
2026-01-05T16:05:00Z,television,4.654
2026-01-05T16:05:00Z,game_console,0.0
2026-01-05T16:05:00Z,printer,2.105
2026-01-05T16:10:00Z,refrigerator,3.391
2026-01-05T16:10:00Z,television,4.503
2026-01-05T16:10:00Z,game_console,0.817
2026-01-05T16:10:00Z,printer,1.99
2026-01-05T16:15:00Z,refrigerator,2.651
2026-01-05T16:15:00Z,television,4.855
2026-01-05T16:15:00Z,game_console,0.847
2026-01-05T16:15:00Z,printer,2.452
2026-01-05T16:20:00Z,refrigerator,4.216
2026-01-05T16:20:00Z,television,5.544
2026-01-05T16:20:00Z,game_console,0.676
2026-01-05T16:20:00Z,printer,1.922
2026-01-05T16:25:00Z,refrigerator,2.569
2026-01-05T16:25:00Z,television,5.758
2026-01-05T16:25:00Z,game_console,0.343
2026-01-05T16:25:00Z,printer,1.96
2026-01-05T16:30:00Z,refrigerator,87.748
2026-01-05T16:30:00Z,television,5.155
2026-01-05T16:30:00Z,game_console,0.575
2026-01-05T16:30:00Z,printer,2.325
2026-01-05T16:35:00Z,refrigerator,87.992
2026-01-05T16:35:00Z,television,4.825
2026-01-05T16:35:00Z,game_console,0.485
2026-01-05T16:35:00Z,printer,2.318
2026-01-05T16:40:00Z,refrigerator,87.696
2026-01-05T16:40:00Z,television,5.895
2026-01-05T16:40:00Z,game_console,0.356
2026-01-05T16:40:00Z,printer,1.912
2026-01-05T16:45:00Z,refrigerator,87.714
2026-01-05T16:45:00Z,television,5.234
2026-01-05T16:45:00Z,game_console,0.241
2026-01-05T16:45:00Z,printer,2.394
2026-01-05T16:50:00Z,refrigerator,88.511
2026-01-05T16:50:00Z,television,5.113
2026-01-05T16:50:00Z,game_console,0.624
2026-01-05T16:50:00Z,printer,2.404
2026-01-05T16:55:00Z,refrigerator,2.443
2026-01-05T16:55:00Z,television,5.895
2026-01-05T16:55:00Z,game_console,0.0
2026-01-05T16:55:00Z,printer,2.519
2026-01-05T17:00:00Z,refrigerator,3.716
2026-01-05T17:00:00Z,television,5.636
2026-01-05T17:00:00Z,game_console,0.0
2026-01-05T17:00:00Z,printer,2.437
2026-01-05T17:05:00Z,refrigerator,2.431
2026-01-05T17:05:00Z,television,4.866
2026-01-05T17:05:00Z,game_console,0.785
2026-01-05T17:05:00Z,printer,2.191
2026-01-05T17:10:00Z,refrigerator,4.218
2026-01-05T17:10:00Z,television,5.467
2026-01-05T17:10:00Z,game_console,0.783
2026-01-05T17:10:00Z,printer,2.282
2026-01-05T17:15:00Z,refrigerator,4.209
2026-01-05T17:15:00Z,television,5.393
2026-01-05T17:15:00Z,game_console,0.279
2026-01-05T17:15:00Z,printer,2.054
2026-01-05T17:20:00Z,refrigerator,3.224
2026-01-05T17:20:00Z,television,4.842
2026-01-05T17:20:00Z,game_console,0.896
2026-01-05T17:20:00Z,printer,2.505
2026-01-05T17:25:00Z,refrigerator,4.072
2026-01-05T17:25:00Z,television,5.581
2026-01-05T17:25:00Z,game_console,0.759
2026-01-05T17:25:00Z,printer,2.286
2026-01-05T17:30:00Z,refrigerator,4.282
2026-01-05T17:30:00Z,television,4.665
2026-01-05T17:30:00Z,game_console,0.111
2026-01-05T17:30:00Z,printer,2.181
2026-01-05T17:35:00Z,refrigerator,2.196
2026-01-05T17:35:00Z,television,4.565
2026-01-05T17:35:00Z,game_console,0.562
2026-01-05T17:35:00Z,printer,2.386
2026-01-05T17:40:00Z,refrigerator,4.155
2026-01-05T17:40:00Z,television,5.513
2026-01-05T17:40:00Z,game_console,0.811
2026-01-05T17:40:00Z,printer,2.052
2026-01-05T17:45:00Z,refrigerator,2.501
2026-01-05T17:45:00Z,television,5.164
2026-01-05T17:45:00Z,game_console,0.0
2026-01-05T17:45:00Z,printer,1.908
2026-01-05T17:50:00Z,refrigerator,2.688
2026-01-05T17:50:00Z,television,5.333
2026-01-05T17:50:00Z,game_console,0.79
2026-01-05T17:50:00Z,printer,2.173
2026-01-05T17:55:00Z,refrigerator,3.331
2026-01-05T17:55:00Z,television,4.762
2026-01-05T17:55:00Z,game_console,0.827
2026-01-05T17:55:00Z,printer,2.359
2026-01-05T18:00:00Z,refrigerator,87.776
2026-01-05T18:00:00Z,television,71.32
2026-01-05T18:00:00Z,game_console,0.643
2026-01-05T18:00:00Z,printer,17.919
2026-01-05T18:05:00Z,refrigerator,88.656
2026-01-05T18:05:00Z,television,71.604
2026-01-05T18:05:00Z,game_console,0.776
2026-01-05T18:05:00Z,printer,18.074
2026-01-05T18:10:00Z,refrigerator,88.035
2026-01-05T18:10:00Z,television,71.879
2026-01-05T18:10:00Z,game_console,0.191
2026-01-05T18:10:00Z,printer,17.895
2026-01-05T18:15:00Z,refrigerator,87.597
2026-01-05T18:15:00Z,television,72.075
2026-01-05T18:15:00Z,game_console,0.0
2026-01-05T18:15:00Z,printer,17.744
2026-01-05T18:20:00Z,refrigerator,88.735
2026-01-05T18:20:00Z,television,71.501
2026-01-05T18:20:00Z,game_console,0.0
2026-01-05T18:20:00Z,printer,2.496
2026-01-05T18:25:00Z,refrigerator,2.485
2026-01-05T18:25:00Z,television,72.365
2026-01-05T18:25:00Z,game_console,0.214
2026-01-05T18:25:00Z,printer,2.521
2026-01-05T18:30:00Z,refrigerator,2.195
2026-01-05T18:30:00Z,television,71.656
2026-01-05T18:30:00Z,game_console,0.559
2026-01-05T18:30:00Z,printer,1.969
2026-01-05T18:35:00Z,refrigerator,2.745
2026-01-05T18:35:00Z,television,71.878
2026-01-05T18:35:00Z,game_console,0.716
2026-01-05T18:35:00Z,printer,2.305
2026-01-05T18:40:00Z,refrigerator,3.041
2026-01-05T18:40:00Z,television,71.666
2026-01-05T18:40:00Z,game_console,0.0
2026-01-05T18:40:00Z,printer,2.536
2026-01-05T18:45:00Z,refrigerator,2.746
2026-01-05T18:45:00Z,television,71.466
2026-01-05T18:45:00Z,game_console,0.323
2026-01-05T18:45:00Z,printer,1.936
2026-01-05T18:50:00Z,refrigerator,2.851
2026-01-05T18:50:00Z,television,71.599
2026-01-05T18:50:00Z,game_console,0.523
2026-01-05T18:50:00Z,printer,2.207
2026-01-05T18:55:00Z,refrigerator,4.211
2026-01-05T18:55:00Z,television,72.621
2026-01-05T18:55:00Z,game_console,0.209
2026-01-05T18:55:00Z,printer,2.264
2026-01-05T19:00:00Z,refrigerator,2.225
2026-01-05T19:00:00Z,television,72.684
2026-01-05T19:00:00Z,game_console,148.354
2026-01-05T19:00:00Z,printer,2.154
2026-01-05T19:05:00Z,refrigerator,3.66
2026-01-05T19:05:00Z,television,71.596
2026-01-05T19:05:00Z,game_console,147.509
2026-01-05T19:05:00Z,printer,1.866
2026-01-05T19:10:00Z,refrigerator,2.661
2026-01-05T19:10:00Z,television,72.008
2026-01-05T19:10:00Z,game_console,147.751
2026-01-05T19:10:00Z,printer,2.013
2026-01-05T19:15:00Z,refrigerator,3.603
2026-01-05T19:15:00Z,television,71.62
2026-01-05T19:15:00Z,game_console,147.798
2026-01-05T19:15:00Z,printer,2.087
2026-01-05T19:20:00Z,refrigerator,1.968
2026-01-05T19:20:00Z,television,72.613
2026-01-05T19:20:00Z,game_console,148.149
2026-01-05T19:20:00Z,printer,1.886
2026-01-05T19:25:00Z,refrigerator,1.989
2026-01-05T19:25:00Z,television,71.627
2026-01-05T19:25:00Z,game_console,147.639
2026-01-05T19:25:00Z,printer,2.028
2026-01-05T19:30:00Z,refrigerator,88.597
2026-01-05T19:30:00Z,television,72.502
2026-01-05T19:30:00Z,game_console,148.263
2026-01-05T19:30:00Z,printer,1.864
2026-01-05T19:35:00Z,refrigerator,88.524
2026-01-05T19:35:00Z,television,72.268
2026-01-05T19:35:00Z,game_console,148.096
2026-01-05T19:35:00Z,printer,1.983
2026-01-05T19:40:00Z,refrigerator,88.25
2026-01-05T19:40:00Z,television,71.475
2026-01-05T19:40:00Z,game_console,148.021
2026-01-05T19:40:00Z,printer,2.42
2026-01-05T19:45:00Z,refrigerator,88.579
2026-01-05T19:45:00Z,television,72.471
2026-01-05T19:45:00Z,game_console,148.421
2026-01-05T19:45:00Z,printer,2.061
2026-01-05T19:50:00Z,refrigerator,87.349
2026-01-05T19:50:00Z,television,71.79
2026-01-05T19:50:00Z,game_console,148.204
2026-01-05T19:50:00Z,printer,2.033
2026-01-05T19:55:00Z,refrigerator,2.192
2026-01-05T19:55:00Z,television,72.179
2026-01-05T19:55:00Z,game_console,148.288
2026-01-05T19:55:00Z,printer,1.869
2026-01-05T20:00:00Z,refrigerator,3.262
2026-01-05T20:00:00Z,television,71.784
2026-01-05T20:00:00Z,game_console,147.872
2026-01-05T20:00:00Z,printer,2.327
2026-01-05T20:05:00Z,refrigerator,3.865
2026-01-05T20:05:00Z,television,71.801
2026-01-05T20:05:00Z,game_console,147.689
2026-01-05T20:05:00Z,printer,2.003
2026-01-05T20:10:00Z,refrigerator,4.214
2026-01-05T20:10:00Z,television,71.527
2026-01-05T20:10:00Z,game_console,148.048
2026-01-05T20:10:00Z,printer,2.112
2026-01-05T20:15:00Z,refrigerator,3.778
2026-01-05T20:15:00Z,television,71.864
2026-01-05T20:15:00Z,game_console,148.272
2026-01-05T20:15:00Z,printer,2.54
2026-01-05T20:20:00Z,refrigerator,2.184
2026-01-05T20:20:00Z,television,72.1
2026-01-05T20:20:00Z,game_console,148.406
2026-01-05T20:20:00Z,printer,2.424
2026-01-05T20:25:00Z,refrigerator,3.976
2026-01-05T20:25:00Z,television,72.24
2026-01-05T20:25:00Z,game_console,148.034
2026-01-05T20:25:00Z,printer,2.047
2026-01-05T20:30:00Z,refrigerator,3.218
2026-01-05T20:30:00Z,television,71.437
2026-01-05T20:30:00Z,game_console,148.079
2026-01-05T20:30:00Z,printer,2.18
2026-01-05T20:35:00Z,refrigerator,4.089
2026-01-05T20:35:00Z,television,72.616
2026-01-05T20:35:00Z,game_console,147.941
2026-01-05T20:35:00Z,printer,2.114
2026-01-05T20:40:00Z,refrigerator,3.981
2026-01-05T20:40:00Z,television,71.885
2026-01-05T20:40:00Z,game_console,148.086
2026-01-05T20:40:00Z,printer,1.983
2026-01-05T20:45:00Z,refrigerator,3.89
2026-01-05T20:45:00Z,television,72.196
2026-01-05T20:45:00Z,game_console,147.96
2026-01-05T20:45:00Z,printer,1.851
2026-01-05T20:50:00Z,refrigerator,2.838
2026-01-05T20:50:00Z,television,72.489
2026-01-05T20:50:00Z,game_console,148.308
2026-01-05T20:50:00Z,printer,2.534
2026-01-05T20:55:00Z,refrigerator,2.566
2026-01-05T20:55:00Z,television,71.959
2026-01-05T20:55:00Z,game_console,147.701
2026-01-05T20:55:00Z,printer,2.371
2026-01-05T21:00:00Z,refrigerator,87.771
2026-01-05T21:00:00Z,television,71.365
2026-01-05T21:00:00Z,game_console,147.992
2026-01-05T21:00:00Z,printer,1.982
2026-01-05T21:05:00Z,refrigerator,88.782
2026-01-05T21:05:00Z,television,72.354
2026-01-05T21:05:00Z,game_console,147.545
2026-01-05T21:05:00Z,printer,2.228
2026-01-05T21:10:00Z,refrigerator,88.113
2026-01-05T21:10:00Z,television,71.899
2026-01-05T21:10:00Z,game_console,147.57
2026-01-05T21:10:00Z,printer,2.084
2026-01-05T21:15:00Z,refrigerator,87.018
2026-01-05T21:15:00Z,television,72.676
2026-01-05T21:15:00Z,game_console,147.626
2026-01-05T21:15:00Z,printer,1.891
2026-01-05T21:20:00Z,refrigerator,87.525
2026-01-05T21:20:00Z,television,72.055
2026-01-05T21:20:00Z,game_console,147.816
2026-01-05T21:20:00Z,printer,2.358
2026-01-05T21:25:00Z,refrigerator,4.025
2026-01-05T21:25:00Z,television,71.789
2026-01-05T21:25:00Z,game_console,147.768
2026-01-05T21:25:00Z,printer,1.914
2026-01-05T21:30:00Z,refrigerator,2.994
2026-01-05T21:30:00Z,television,71.751
2026-01-05T21:30:00Z,game_console,147.585
2026-01-05T21:30:00Z,printer,2.276
2026-01-05T21:35:00Z,refrigerator,4.176
2026-01-05T21:35:00Z,television,72.33
2026-01-05T21:35:00Z,game_console,147.733
2026-01-05T21:35:00Z,printer,2.374
2026-01-05T21:40:00Z,refrigerator,3.346
2026-01-05T21:40:00Z,television,72.463
2026-01-05T21:40:00Z,game_console,147.525
2026-01-05T21:40:00Z,printer,2.157
2026-01-05T21:45:00Z,refrigerator,3.297
2026-01-05T21:45:00Z,television,71.577
2026-01-05T21:45:00Z,game_console,147.671
2026-01-05T21:45:00Z,printer,2.015
2026-01-05T21:50:00Z,refrigerator,3.135
2026-01-05T21:50:00Z,television,72.487
2026-01-05T21:50:00Z,game_console,148.129
2026-01-05T21:50:00Z,printer,2.184
2026-01-05T21:55:00Z,refrigerator,3.401
2026-01-05T21:55:00Z,television,71.763
2026-01-05T21:55:00Z,game_console,147.804
2026-01-05T21:55:00Z,printer,2.288
2026-01-05T22:00:00Z,refrigerator,3.177
2026-01-05T22:00:00Z,television,4.652
2026-01-05T22:00:00Z,game_console,148.431
2026-01-05T22:00:00Z,printer,2.056
2026-01-05T22:05:00Z,refrigerator,2.517
2026-01-05T22:05:00Z,television,4.883
2026-01-05T22:05:00Z,game_console,148.382
2026-01-05T22:05:00Z,printer,2.48
2026-01-05T22:10:00Z,refrigerator,3.443
2026-01-05T22:10:00Z,television,4.521
2026-01-05T22:10:00Z,game_console,147.766
2026-01-05T22:10:00Z,printer,1.883
2026-01-05T22:15:00Z,refrigerator,3.168
2026-01-05T22:15:00Z,television,4.787
2026-01-05T22:15:00Z,game_console,147.728
2026-01-05T22:15:00Z,printer,2.383
2026-01-05T22:20:00Z,refrigerator,2.065
2026-01-05T22:20:00Z,television,5.698
2026-01-05T22:20:00Z,game_console,147.667
2026-01-05T22:20:00Z,printer,2.527
2026-01-05T22:25:00Z,refrigerator,3.513
2026-01-05T22:25:00Z,television,5.673
2026-01-05T22:25:00Z,game_console,147.802
2026-01-05T22:25:00Z,printer,2.257
2026-01-05T22:30:00Z,refrigerator,88.516
2026-01-05T22:30:00Z,television,5.768
2026-01-05T22:30:00Z,game_console,147.999
2026-01-05T22:30:00Z,printer,1.926
2026-01-05T22:35:00Z,refrigerator,89.17
2026-01-05T22:35:00Z,television,4.686
2026-01-05T22:35:00Z,game_console,148.086
2026-01-05T22:35:00Z,printer,2.137
2026-01-05T22:40:00Z,refrigerator,88.367
2026-01-05T22:40:00Z,television,4.703
2026-01-05T22:40:00Z,game_console,147.604
2026-01-05T22:40:00Z,printer,2.069
2026-01-05T22:45:00Z,refrigerator,87.229
2026-01-05T22:45:00Z,television,4.732
2026-01-05T22:45:00Z,game_console,147.875
2026-01-05T22:45:00Z,printer,2.215
2026-01-05T22:50:00Z,refrigerator,89.103
2026-01-05T22:50:00Z,television,5.371
2026-01-05T22:50:00Z,game_console,147.575
2026-01-05T22:50:00Z,printer,2.503
2026-01-05T22:55:00Z,refrigerator,4.281
2026-01-05T22:55:00Z,television,4.608
2026-01-05T22:55:00Z,game_console,148.226
2026-01-05T22:55:00Z,printer,2.276
2026-01-05T23:00:00Z,refrigerator,3.525
2026-01-05T23:00:00Z,television,5.462
2026-01-05T23:00:00Z,game_console,11.622
2026-01-05T23:00:00Z,printer,2.347
2026-01-05T23:05:00Z,refrigerator,3.868
2026-01-05T23:05:00Z,television,4.976
2026-01-05T23:05:00Z,game_console,11.445
2026-01-05T23:05:00Z,printer,2.414
2026-01-05T23:10:00Z,refrigerator,3.217
2026-01-05T23:10:00Z,television,5.854
2026-01-05T23:10:00Z,game_console,11.403
2026-01-05T23:10:00Z,printer,1.865
2026-01-05T23:15:00Z,refrigerator,3.476
2026-01-05T23:15:00Z,television,5.162
2026-01-05T23:15:00Z,game_console,11.569
2026-01-05T23:15:00Z,printer,2.233
2026-01-05T23:20:00Z,refrigerator,4.091
2026-01-05T23:20:00Z,television,4.928
2026-01-05T23:20:00Z,game_console,12.061
2026-01-05T23:20:00Z,printer,2.085
2026-01-05T23:25:00Z,refrigerator,3.706
2026-01-05T23:25:00Z,television,5.191
2026-01-05T23:25:00Z,game_console,11.448
2026-01-05T23:25:00Z,printer,2.336
2026-01-05T23:30:00Z,refrigerator,3.057
2026-01-05T23:30:00Z,television,5.682
2026-01-05T23:30:00Z,game_console,12.279
2026-01-05T23:30:00Z,printer,1.953
2026-01-05T23:35:00Z,refrigerator,2.923
2026-01-05T23:35:00Z,television,5.618
2026-01-05T23:35:00Z,game_console,11.462
2026-01-05T23:35:00Z,printer,1.92
2026-01-05T23:40:00Z,refrigerator,4.266
2026-01-05T23:40:00Z,television,4.633
2026-01-05T23:40:00Z,game_console,11.815
2026-01-05T23:40:00Z,printer,2.311
2026-01-05T23:45:00Z,refrigerator,3.444
2026-01-05T23:45:00Z,television,5.152
2026-01-05T23:45:00Z,game_console,11.932
2026-01-05T23:45:00Z,printer,2.01
2026-01-05T23:50:00Z,refrigerator,3.594
2026-01-05T23:50:00Z,television,5.006
2026-01-05T23:50:00Z,game_console,11.527
2026-01-05T23:50:00Z,printer,1.888
2026-01-05T23:55:00Z,refrigerator,2.392
2026-01-05T23:55:00Z,television,5.714
2026-01-05T23:55:00Z,game_console,11.801
2026-01-05T23:55:00Z,printer,2.5
2026-01-06T00:00:00Z,refrigerator,87.722
2026-01-06T00:00:00Z,television,5.189
2026-01-06T00:00:00Z,game_console,12.237
2026-01-06T00:00:00Z,printer,17.999
2026-01-06T00:05:00Z,refrigerator,87.463
2026-01-06T00:05:00Z,television,4.728
2026-01-06T00:05:00Z,game_console,12.289
2026-01-06T00:05:00Z,printer,17.686
2026-01-06T00:10:00Z,refrigerator,88.741
2026-01-06T00:10:00Z,television,4.925
2026-01-06T00:10:00Z,game_console,12.127
2026-01-06T00:10:00Z,printer,18.02
2026-01-06T00:15:00Z,refrigerator,87.434
2026-01-06T00:15:00Z,television,5.825
2026-01-06T00:15:00Z,game_console,12.016
2026-01-06T00:15:00Z,printer,18.236
2026-01-06T00:20:00Z,refrigerator,87.064
2026-01-06T00:20:00Z,television,5.672
2026-01-06T00:20:00Z,game_console,11.491
2026-01-06T00:20:00Z,printer,2.084
2026-01-06T00:25:00Z,refrigerator,2.024
2026-01-06T00:25:00Z,television,5.263
2026-01-06T00:25:00Z,game_console,11.983
2026-01-06T00:25:00Z,printer,2.377
2026-01-06T00:30:00Z,refrigerator,1.906
2026-01-06T00:30:00Z,television,4.676
2026-01-06T00:30:00Z,game_console,11.707
2026-01-06T00:30:00Z,printer,2.42
2026-01-06T00:35:00Z,refrigerator,2.501
2026-01-06T00:35:00Z,television,5.763
2026-01-06T00:35:00Z,game_console,11.558
2026-01-06T00:35:00Z,printer,2.143
2026-01-06T00:40:00Z,refrigerator,3.528
2026-01-06T00:40:00Z,television,4.798
2026-01-06T00:40:00Z,game_console,11.309
2026-01-06T00:40:00Z,printer,1.923
2026-01-06T00:45:00Z,refrigerator,4.021
2026-01-06T00:45:00Z,television,5.725
2026-01-06T00:45:00Z,game_console,11.518
2026-01-06T00:45:00Z,printer,1.854
2026-01-06T00:50:00Z,refrigerator,3.109
2026-01-06T00:50:00Z,television,5.814
2026-01-06T00:50:00Z,game_console,12.238
2026-01-06T00:50:00Z,printer,1.862
2026-01-06T00:55:00Z,refrigerator,2.337
2026-01-06T00:55:00Z,television,5.529
2026-01-06T00:55:00Z,game_console,11.929
2026-01-06T00:55:00Z,printer,2.346
2026-01-06T01:00:00Z,refrigerator,3.682
2026-01-06T01:00:00Z,television,4.754
2026-01-06T01:00:00Z,game_console,11.941
2026-01-06T01:00:00Z,printer,2.345
2026-01-06T01:05:00Z,refrigerator,3.941
2026-01-06T01:05:00Z,television,5.78
2026-01-06T01:05:00Z,game_console,11.475
2026-01-06T01:05:00Z,printer,2.335
2026-01-06T01:10:00Z,refrigerator,2.852
2026-01-06T01:10:00Z,television,4.705
2026-01-06T01:10:00Z,game_console,12.127
2026-01-06T01:10:00Z,printer,2.065
2026-01-06T01:15:00Z,refrigerator,2.574
2026-01-06T01:15:00Z,television,5.425
2026-01-06T01:15:00Z,game_console,11.456
2026-01-06T01:15:00Z,printer,2.468
2026-01-06T01:20:00Z,refrigerator,2.689
2026-01-06T01:20:00Z,television,4.964
2026-01-06T01:20:00Z,game_console,11.959
2026-01-06T01:20:00Z,printer,1.962
2026-01-06T01:25:00Z,refrigerator,4.232
2026-01-06T01:25:00Z,television,5.553
2026-01-06T01:25:00Z,game_console,11.349
2026-01-06T01:25:00Z,printer,1.97
2026-01-06T01:30:00Z,refrigerator,88.739
2026-01-06T01:30:00Z,television,5.622
2026-01-06T01:30:00Z,game_console,11.3
2026-01-06T01:30:00Z,printer,2.358
2026-01-06T01:35:00Z,refrigerator,87.882
2026-01-06T01:35:00Z,television,5.428
2026-01-06T01:35:00Z,game_console,11.792
2026-01-06T01:35:00Z,printer,1.961
2026-01-06T01:40:00Z,refrigerator,88.915
2026-01-06T01:40:00Z,television,5.391
2026-01-06T01:40:00Z,game_console,11.323
2026-01-06T01:40:00Z,printer,2.055
2026-01-06T01:45:00Z,refrigerator,88.896
2026-01-06T01:45:00Z,television,5.761
2026-01-06T01:45:00Z,game_console,12.145
2026-01-06T01:45:00Z,printer,2.348
2026-01-06T01:50:00Z,refrigerator,87.784
2026-01-06T01:50:00Z,television,5.625
2026-01-06T01:50:00Z,game_console,11.89
2026-01-06T01:50:00Z,printer,2.542
2026-01-06T01:55:00Z,refrigerator,2.599
2026-01-06T01:55:00Z,television,5.757
2026-01-06T01:55:00Z,game_console,11.911
2026-01-06T01:55:00Z,printer,1.979
2026-01-06T02:00:00Z,refrigerator,2.633
2026-01-06T02:00:00Z,television,5.377
2026-01-06T02:00:00Z,game_console,11.492
2026-01-06T02:00:00Z,printer,2.326
2026-01-06T02:05:00Z,refrigerator,2.784
2026-01-06T02:05:00Z,television,4.717
2026-01-06T02:05:00Z,game_console,12.073
2026-01-06T02:05:00Z,printer,2.516
2026-01-06T02:10:00Z,refrigerator,3.824
2026-01-06T02:10:00Z,television,5.375
2026-01-06T02:10:00Z,game_console,11.728
2026-01-06T02:10:00Z,printer,2.203
2026-01-06T02:15:00Z,refrigerator,3.693
2026-01-06T02:15:00Z,television,5.77
2026-01-06T02:15:00Z,game_console,12.056
2026-01-06T02:15:00Z,printer,2.158
2026-01-06T02:20:00Z,refrigerator,2.042
2026-01-06T02:20:00Z,television,5.629
2026-01-06T02:20:00Z,game_console,11.601
2026-01-06T02:20:00Z,printer,2.52
2026-01-06T02:25:00Z,refrigerator,3.532
2026-01-06T02:25:00Z,television,5.147
2026-01-06T02:25:00Z,game_console,11.569
2026-01-06T02:25:00Z,printer,2.252
2026-01-06T02:30:00Z,refrigerator,4.056
2026-01-06T02:30:00Z,television,5.172
2026-01-06T02:30:00Z,game_console,12.162
2026-01-06T02:30:00Z,printer,2.372
2026-01-06T02:35:00Z,refrigerator,3.566
2026-01-06T02:35:00Z,television,5.422
2026-01-06T02:35:00Z,game_console,11.442
2026-01-06T02:35:00Z,printer,2.498
2026-01-06T02:40:00Z,refrigerator,1.95
2026-01-06T02:40:00Z,television,5.725
2026-01-06T02:40:00Z,game_console,11.564
2026-01-06T02:40:00Z,printer,2.317
2026-01-06T02:45:00Z,refrigerator,3.827
2026-01-06T02:45:00Z,television,4.692
2026-01-06T02:45:00Z,game_console,11.42
2026-01-06T02:45:00Z,printer,2.341
2026-01-06T02:50:00Z,refrigerator,3.263
2026-01-06T02:50:00Z,television,5.766
2026-01-06T02:50:00Z,game_console,11.922
2026-01-06T02:50:00Z,printer,2.289
2026-01-06T02:55:00Z,refrigerator,2.645
2026-01-06T02:55:00Z,television,4.763
2026-01-06T02:55:00Z,game_console,11.928
2026-01-06T02:55:00Z,printer,2.531
2026-01-06T03:00:00Z,refrigerator,88.012
2026-01-06T03:00:00Z,television,4.984
2026-01-06T03:00:00Z,game_console,12.217
2026-01-06T03:00:00Z,printer,2.369
2026-01-06T03:05:00Z,refrigerator,88.709
2026-01-06T03:05:00Z,television,5.516
2026-01-06T03:05:00Z,game_console,11.563
2026-01-06T03:05:00Z,printer,2.539
2026-01-06T03:10:00Z,refrigerator,87.984
2026-01-06T03:10:00Z,television,5.236
2026-01-06T03:10:00Z,game_console,11.649
2026-01-06T03:10:00Z,printer,2.04
2026-01-06T03:15:00Z,refrigerator,88.599
2026-01-06T03:15:00Z,television,5.451
2026-01-06T03:15:00Z,game_console,12.193
2026-01-06T03:15:00Z,printer,2.279
2026-01-06T03:20:00Z,refrigerator,87.542
2026-01-06T03:20:00Z,television,5.04
2026-01-06T03:20:00Z,game_console,11.931
2026-01-06T03:20:00Z,printer,2.523
2026-01-06T03:25:00Z,refrigerator,2.215
2026-01-06T03:25:00Z,television,4.615
2026-01-06T03:25:00Z,game_console,11.634
2026-01-06T03:25:00Z,printer,2.021
2026-01-06T03:30:00Z,refrigerator,2.797
2026-01-06T03:30:00Z,television,4.7
2026-01-06T03:30:00Z,game_console,12.207
2026-01-06T03:30:00Z,printer,1.928
2026-01-06T03:35:00Z,refrigerator,4.002
2026-01-06T03:35:00Z,television,5.474
2026-01-06T03:35:00Z,game_console,12.236
2026-01-06T03:35:00Z,printer,2.311
2026-01-06T03:40:00Z,refrigerator,2.156
2026-01-06T03:40:00Z,television,4.59
2026-01-06T03:40:00Z,game_console,12.244
2026-01-06T03:40:00Z,printer,2.258
2026-01-06T03:45:00Z,refrigerator,4.06
2026-01-06T03:45:00Z,television,5.312
2026-01-06T03:45:00Z,game_console,11.747
2026-01-06T03:45:00Z,printer,2.471
2026-01-06T03:50:00Z,refrigerator,3.762
2026-01-06T03:50:00Z,television,5.272
2026-01-06T03:50:00Z,game_console,11.727
2026-01-06T03:50:00Z,printer,2.428
2026-01-06T03:55:00Z,refrigerator,3.448
2026-01-06T03:55:00Z,television,5.067
2026-01-06T03:55:00Z,game_console,11.724
2026-01-06T03:55:00Z,printer,2.144
2026-01-06T04:00:00Z,refrigerator,2.409
2026-01-06T04:00:00Z,television,4.78
2026-01-06T04:00:00Z,game_console,12.209
2026-01-06T04:00:00Z,printer,2.44
2026-01-06T04:05:00Z,refrigerator,2.3
2026-01-06T04:05:00Z,television,4.711
2026-01-06T04:05:00Z,game_console,11.852
2026-01-06T04:05:00Z,printer,2.245
2026-01-06T04:10:00Z,refrigerator,2.954
2026-01-06T04:10:00Z,television,4.951
2026-01-06T04:10:00Z,game_console,11.35
2026-01-06T04:10:00Z,printer,2.409
2026-01-06T04:15:00Z,refrigerator,2.153
2026-01-06T04:15:00Z,television,5.095
2026-01-06T04:15:00Z,game_console,11.671
2026-01-06T04:15:00Z,printer,2.105
2026-01-06T04:20:00Z,refrigerator,2.228
2026-01-06T04:20:00Z,television,4.516
2026-01-06T04:20:00Z,game_console,12.231
2026-01-06T04:20:00Z,printer,2.319
2026-01-06T04:25:00Z,refrigerator,3.863
2026-01-06T04:25:00Z,television,5.729
2026-01-06T04:25:00Z,game_console,12.191
2026-01-06T04:25:00Z,printer,1.978
2026-01-06T04:30:00Z,refrigerator,88.479
2026-01-06T04:30:00Z,television,4.885
2026-01-06T04:30:00Z,game_console,11.655
2026-01-06T04:30:00Z,printer,1.852
2026-01-06T04:35:00Z,refrigerator,87.394
2026-01-06T04:35:00Z,television,5.493
2026-01-06T04:35:00Z,game_console,11.303
2026-01-06T04:35:00Z,printer,2.538
2026-01-06T04:40:00Z,refrigerator,88.214
2026-01-06T04:40:00Z,television,4.725
2026-01-06T04:40:00Z,game_console,12.233
2026-01-06T04:40:00Z,printer,2.391
2026-01-06T04:45:00Z,refrigerator,88.164
2026-01-06T04:45:00Z,television,5.049
2026-01-06T04:45:00Z,game_console,11.947
2026-01-06T04:45:00Z,printer,2.06
2026-01-06T04:50:00Z,refrigerator,88.819
2026-01-06T04:50:00Z,television,4.821
2026-01-06T04:50:00Z,game_console,11.858
2026-01-06T04:50:00Z,printer,2.394
2026-01-06T04:55:00Z,refrigerator,2.225
2026-01-06T04:55:00Z,television,4.658
2026-01-06T04:55:00Z,game_console,11.922
2026-01-06T04:55:00Z,printer,2.013
2026-01-06T05:00:00Z,refrigerator,3.447
2026-01-06T05:00:00Z,television,5.501
2026-01-06T05:00:00Z,game_console,12.054
2026-01-06T05:00:00Z,printer,2.455
2026-01-06T05:05:00Z,refrigerator,2.107
2026-01-06T05:05:00Z,television,5.285
2026-01-06T05:05:00Z,game_console,11.945
2026-01-06T05:05:00Z,printer,1.851
2026-01-06T05:10:00Z,refrigerator,4.294
2026-01-06T05:10:00Z,television,4.739
2026-01-06T05:10:00Z,game_console,11.808
2026-01-06T05:10:00Z,printer,2.125
2026-01-06T05:15:00Z,refrigerator,4.014
2026-01-06T05:15:00Z,television,5.625
2026-01-06T05:15:00Z,game_console,11.731
2026-01-06T05:15:00Z,printer,2.363
2026-01-06T05:20:00Z,refrigerator,4.024
2026-01-06T05:20:00Z,television,5.179
2026-01-06T05:20:00Z,game_console,11.494
2026-01-06T05:20:00Z,printer,1.967
2026-01-06T05:25:00Z,refrigerator,3.727
2026-01-06T05:25:00Z,television,4.555
2026-01-06T05:25:00Z,game_console,11.648
2026-01-06T05:25:00Z,printer,2.057
2026-01-06T05:30:00Z,refrigerator,3.182
2026-01-06T05:30:00Z,television,4.778
2026-01-06T05:30:00Z,game_console,11.581
2026-01-06T05:30:00Z,printer,2.297
2026-01-06T05:35:00Z,refrigerator,3.135
2026-01-06T05:35:00Z,television,5.593
2026-01-06T05:35:00Z,game_console,11.828
2026-01-06T05:35:00Z,printer,2.148
2026-01-06T05:40:00Z,refrigerator,2.629
2026-01-06T05:40:00Z,television,4.98
2026-01-06T05:40:00Z,game_console,12.159
2026-01-06T05:40:00Z,printer,1.892
2026-01-06T05:45:00Z,refrigerator,3.627
2026-01-06T05:45:00Z,television,5.235
2026-01-06T05:45:00Z,game_console,11.814
2026-01-06T05:45:00Z,printer,1.921
2026-01-06T05:50:00Z,refrigerator,3.692
2026-01-06T05:50:00Z,television,5.06
2026-01-06T05:50:00Z,game_console,11.995
2026-01-06T05:50:00Z,printer,2.012
2026-01-06T05:55:00Z,refrigerator,3.848
2026-01-06T05:55:00Z,television,4.568
2026-01-06T05:55:00Z,game_console,11.606
2026-01-06T05:55:00Z,printer,1.939
2026-01-06T06:00:00Z,refrigerator,88.868
2026-01-06T06:00:00Z,television,5.221
2026-01-06T06:00:00Z,game_console,12.283
2026-01-06T06:00:00Z,printer,18.105
2026-01-06T06:05:00Z,refrigerator,89.126
2026-01-06T06:05:00Z,television,5.055
2026-01-06T06:05:00Z,game_console,11.778
2026-01-06T06:05:00Z,printer,18.313
2026-01-06T06:10:00Z,refrigerator,88.799
2026-01-06T06:10:00Z,television,4.899
2026-01-06T06:10:00Z,game_console,12.004
2026-01-06T06:10:00Z,printer,18.099
2026-01-06T06:15:00Z,refrigerator,88.437
2026-01-06T06:15:00Z,television,5.655
2026-01-06T06:15:00Z,game_console,11.399
2026-01-06T06:15:00Z,printer,17.871
2026-01-06T06:20:00Z,refrigerator,87.498
2026-01-06T06:20:00Z,television,4.812
2026-01-06T06:20:00Z,game_console,11.559
2026-01-06T06:20:00Z,printer,2.527
2026-01-06T06:25:00Z,refrigerator,1.908
2026-01-06T06:25:00Z,television,5.022
2026-01-06T06:25:00Z,game_console,12.277
2026-01-06T06:25:00Z,printer,2.535
2026-01-06T06:30:00Z,refrigerator,3.295
2026-01-06T06:30:00Z,television,5.44
2026-01-06T06:30:00Z,game_console,11.83
2026-01-06T06:30:00Z,printer,2.519
2026-01-06T06:35:00Z,refrigerator,3.89
2026-01-06T06:35:00Z,television,5.507
2026-01-06T06:35:00Z,game_console,11.961
2026-01-06T06:35:00Z,printer,1.984
2026-01-06T06:40:00Z,refrigerator,3.028
2026-01-06T06:40:00Z,television,5.695
2026-01-06T06:40:00Z,game_console,11.635
2026-01-06T06:40:00Z,printer,2.025
2026-01-06T06:45:00Z,refrigerator,3.721
2026-01-06T06:45:00Z,television,5.738
2026-01-06T06:45:00Z,game_console,11.793
2026-01-06T06:45:00Z,printer,2.023
2026-01-06T06:50:00Z,refrigerator,2.572
2026-01-06T06:50:00Z,television,5.32
2026-01-06T06:50:00Z,game_console,11.599
2026-01-06T06:50:00Z,printer,1.929
2026-01-06T06:55:00Z,refrigerator,3.343
2026-01-06T06:55:00Z,television,5.413
2026-01-06T06:55:00Z,game_console,12.162
2026-01-06T06:55:00Z,printer,2.546
2026-01-06T07:00:00Z,refrigerator,3.739
2026-01-06T07:00:00Z,television,4.589
2026-01-06T07:00:00Z,game_console,0.443
2026-01-06T07:00:00Z,printer,2.21
2026-01-06T07:05:00Z,refrigerator,3.483
2026-01-06T07:05:00Z,television,5.241
2026-01-06T07:05:00Z,game_console,0.148
2026-01-06T07:05:00Z,printer,2.289
2026-01-06T07:10:00Z,refrigerator,3.108
2026-01-06T07:10:00Z,television,5.588
2026-01-06T07:10:00Z,game_console,0.187
2026-01-06T07:10:00Z,printer,2.46
2026-01-06T07:15:00Z,refrigerator,3.892
2026-01-06T07:15:00Z,television,5.368
2026-01-06T07:15:00Z,game_console,0.129
2026-01-06T07:15:00Z,printer,2.304
2026-01-06T07:20:00Z,refrigerator,4.164
2026-01-06T07:20:00Z,television,5.479
2026-01-06T07:20:00Z,game_console,0.788
2026-01-06T07:20:00Z,printer,2.447
2026-01-06T07:25:00Z,refrigerator,2.719
2026-01-06T07:25:00Z,television,5.125
2026-01-06T07:25:00Z,game_console,0.195
2026-01-06T07:25:00Z,printer,2.119
2026-01-06T07:30:00Z,refrigerator,89.171
2026-01-06T07:30:00Z,television,5.214
2026-01-06T07:30:00Z,game_console,0.508
2026-01-06T07:30:00Z,printer,2.126
2026-01-06T07:35:00Z,refrigerator,89.155
2026-01-06T07:35:00Z,television,4.545
2026-01-06T07:35:00Z,game_console,0.251
2026-01-06T07:35:00Z,printer,2.515
2026-01-06T07:40:00Z,refrigerator,88.652
2026-01-06T07:40:00Z,television,5.535
2026-01-06T07:40:00Z,game_console,0.185
2026-01-06T07:40:00Z,printer,2.301
2026-01-06T07:45:00Z,refrigerator,86.974
2026-01-06T07:45:00Z,television,5.527
2026-01-06T07:45:00Z,game_console,0.36
2026-01-06T07:45:00Z,printer,2.407
2026-01-06T07:50:00Z,refrigerator,87.197
2026-01-06T07:50:00Z,television,5.255
2026-01-06T07:50:00Z,game_console,0.555
2026-01-06T07:50:00Z,printer,2.326
2026-01-06T07:55:00Z,refrigerator,2.652
2026-01-06T07:55:00Z,television,5.289
2026-01-06T07:55:00Z,game_console,0.724
2026-01-06T07:55:00Z,printer,2.094
2026-01-06T08:00:00Z,refrigerator,1.929
2026-01-06T08:00:00Z,television,5.616
2026-01-06T08:00:00Z,game_console,0.0
2026-01-06T08:00:00Z,printer,2.436
2026-01-06T08:05:00Z,refrigerator,2.671
2026-01-06T08:05:00Z,television,4.577
2026-01-06T08:05:00Z,game_console,0.256
2026-01-06T08:05:00Z,printer,2.211
2026-01-06T08:10:00Z,refrigerator,2.906
2026-01-06T08:10:00Z,television,5.072
2026-01-06T08:10:00Z,game_console,0.825
2026-01-06T08:10:00Z,printer,2.529
2026-01-06T08:15:00Z,refrigerator,2.38
2026-01-06T08:15:00Z,television,4.928
2026-01-06T08:15:00Z,game_console,0.7
2026-01-06T08:15:00Z,printer,2.257
2026-01-06T08:20:00Z,refrigerator,4.174
2026-01-06T08:20:00Z,television,4.787
2026-01-06T08:20:00Z,game_console,0.046
2026-01-06T08:20:00Z,printer,2.124
2026-01-06T08:25:00Z,refrigerator,2.299
2026-01-06T08:25:00Z,television,4.86
2026-01-06T08:25:00Z,game_console,0.012
2026-01-06T08:25:00Z,printer,2.276
2026-01-06T08:30:00Z,refrigerator,2.126
2026-01-06T08:30:00Z,television,4.771
2026-01-06T08:30:00Z,game_console,0.4
2026-01-06T08:30:00Z,printer,1.86
2026-01-06T08:35:00Z,refrigerator,3.096
2026-01-06T08:35:00Z,television,4.726
2026-01-06T08:35:00Z,game_console,0.525
2026-01-06T08:35:00Z,printer,2.195
2026-01-06T08:40:00Z,refrigerator,2.871
2026-01-06T08:40:00Z,television,5.887
2026-01-06T08:40:00Z,game_console,0.69
2026-01-06T08:40:00Z,printer,1.924
2026-01-06T08:45:00Z,refrigerator,3.879
2026-01-06T08:45:00Z,television,5.341
2026-01-06T08:45:00Z,game_console,0.892
2026-01-06T08:45:00Z,printer,2.38
2026-01-06T08:50:00Z,refrigerator,3.835
2026-01-06T08:50:00Z,television,4.575
2026-01-06T08:50:00Z,game_console,0.691
2026-01-06T08:50:00Z,printer,2.033
2026-01-06T08:55:00Z,refrigerator,2.22
2026-01-06T08:55:00Z,television,5.498
2026-01-06T08:55:00Z,game_console,0.0
2026-01-06T08:55:00Z,printer,2.146
2026-01-06T09:00:00Z,refrigerator,86.975
2026-01-06T09:00:00Z,television,4.602
2026-01-06T09:00:00Z,game_console,0.392
2026-01-06T09:00:00Z,printer,2.405
2026-01-06T09:05:00Z,refrigerator,88.883
2026-01-06T09:05:00Z,television,5.286
2026-01-06T09:05:00Z,game_console,0.675
2026-01-06T09:05:00Z,printer,2.05
2026-01-06T09:10:00Z,refrigerator,87.939
2026-01-06T09:10:00Z,television,5.827
2026-01-06T09:10:00Z,game_console,0.44
2026-01-06T09:10:00Z,printer,2.47
2026-01-06T09:15:00Z,refrigerator,88.659
2026-01-06T09:15:00Z,television,4.872
2026-01-06T09:15:00Z,game_console,0.0
2026-01-06T09:15:00Z,printer,1.873
2026-01-06T09:20:00Z,refrigerator,88.923
2026-01-06T09:20:00Z,television,5.337
2026-01-06T09:20:00Z,game_console,0.321
2026-01-06T09:20:00Z,printer,2.06
2026-01-06T09:25:00Z,refrigerator,3.067
2026-01-06T09:25:00Z,television,5.573
2026-01-06T09:25:00Z,game_console,0.716
2026-01-06T09:25:00Z,printer,2.41
2026-01-06T09:30:00Z,refrigerator,2.512
2026-01-06T09:30:00Z,television,5.821
2026-01-06T09:30:00Z,game_console,0.628
2026-01-06T09:30:00Z,printer,2.324
2026-01-06T09:35:00Z,refrigerator,3.78
2026-01-06T09:35:00Z,television,5.218
2026-01-06T09:35:00Z,game_console,0.756
2026-01-06T09:35:00Z,printer,2.159
2026-01-06T09:40:00Z,refrigerator,4.115
2026-01-06T09:40:00Z,television,4.572
2026-01-06T09:40:00Z,game_console,0.06
2026-01-06T09:40:00Z,printer,2.249
2026-01-06T09:45:00Z,refrigerator,3.257
2026-01-06T09:45:00Z,television,5.743
2026-01-06T09:45:00Z,game_console,0.039
2026-01-06T09:45:00Z,printer,2.375
2026-01-06T09:50:00Z,refrigerator,3.586
2026-01-06T09:50:00Z,television,5.414
2026-01-06T09:50:00Z,game_console,0.817
2026-01-06T09:50:00Z,printer,2.433
2026-01-06T09:55:00Z,refrigerator,2.039
2026-01-06T09:55:00Z,television,5.697
2026-01-06T09:55:00Z,game_console,0.62
2026-01-06T09:55:00Z,printer,2.144
2026-01-06T10:00:00Z,refrigerator,2.033
2026-01-06T10:00:00Z,television,4.798
2026-01-06T10:00:00Z,game_console,0.405
2026-01-06T10:00:00Z,printer,2.255
2026-01-06T10:05:00Z,refrigerator,3.599
2026-01-06T10:05:00Z,television,4.636
2026-01-06T10:05:00Z,game_console,0.113
2026-01-06T10:05:00Z,printer,2.499
2026-01-06T10:10:00Z,refrigerator,2.056
2026-01-06T10:10:00Z,television,5.026
2026-01-06T10:10:00Z,game_console,0.55
2026-01-06T10:10:00Z,printer,1.916
2026-01-06T10:15:00Z,refrigerator,1.983
2026-01-06T10:15:00Z,television,5.436
2026-01-06T10:15:00Z,game_console,0.15
2026-01-06T10:15:00Z,printer,2.103
2026-01-06T10:20:00Z,refrigerator,2.994
2026-01-06T10:20:00Z,television,4.95
2026-01-06T10:20:00Z,game_console,0.321
2026-01-06T10:20:00Z,printer,2.366
2026-01-06T10:25:00Z,refrigerator,3.511
2026-01-06T10:25:00Z,television,4.654
2026-01-06T10:25:00Z,game_console,0.31
2026-01-06T10:25:00Z,printer,2.197
2026-01-06T10:30:00Z,refrigerator,87.318
2026-01-06T10:30:00Z,television,5.267
2026-01-06T10:30:00Z,game_console,0.332
2026-01-06T10:30:00Z,printer,2.247
2026-01-06T10:35:00Z,refrigerator,88.826
2026-01-06T10:35:00Z,television,5.822
2026-01-06T10:35:00Z,game_console,0.078
2026-01-06T10:35:00Z,printer,1.935
2026-01-06T10:40:00Z,refrigerator,88.664
2026-01-06T10:40:00Z,television,4.617
2026-01-06T10:40:00Z,game_console,0.725
2026-01-06T10:40:00Z,printer,2.259
2026-01-06T10:45:00Z,refrigerator,86.968
2026-01-06T10:45:00Z,television,4.81
2026-01-06T10:45:00Z,game_console,0.677
2026-01-06T10:45:00Z,printer,2.456
2026-01-06T10:50:00Z,refrigerator,88.116
2026-01-06T10:50:00Z,television,4.708
2026-01-06T10:50:00Z,game_console,0.636
2026-01-06T10:50:00Z,printer,2.01
2026-01-06T10:55:00Z,refrigerator,1.908
2026-01-06T10:55:00Z,television,5.796
2026-01-06T10:55:00Z,game_console,0.423
2026-01-06T10:55:00Z,printer,2.098
2026-01-06T11:00:00Z,refrigerator,2.583
2026-01-06T11:00:00Z,television,4.978
2026-01-06T11:00:00Z,game_console,0.581
2026-01-06T11:00:00Z,printer,2.526
2026-01-06T11:05:00Z,refrigerator,3.163
2026-01-06T11:05:00Z,television,4.565
2026-01-06T11:05:00Z,game_console,0.457
2026-01-06T11:05:00Z,printer,2.05
2026-01-06T11:10:00Z,refrigerator,3.683
2026-01-06T11:10:00Z,television,5.184
2026-01-06T11:10:00Z,game_console,0.32
2026-01-06T11:10:00Z,printer,1.942
2026-01-06T11:15:00Z,refrigerator,3.594
2026-01-06T11:15:00Z,television,5.515
2026-01-06T11:15:00Z,game_console,0.888
2026-01-06T11:15:00Z,printer,2.424
2026-01-06T11:20:00Z,refrigerator,2.508
2026-01-06T11:20:00Z,television,4.625
2026-01-06T11:20:00Z,game_console,0.804
2026-01-06T11:20:00Z,printer,2.21
2026-01-06T11:25:00Z,refrigerator,3.407
2026-01-06T11:25:00Z,television,5.116
2026-01-06T11:25:00Z,game_console,0.4
2026-01-06T11:25:00Z,printer,2.515
2026-01-06T11:30:00Z,refrigerator,3.677
2026-01-06T11:30:00Z,television,5.56
2026-01-06T11:30:00Z,game_console,0.699
2026-01-06T11:30:00Z,printer,1.935
2026-01-06T11:35:00Z,refrigerator,2.648
2026-01-06T11:35:00Z,television,4.702
2026-01-06T11:35:00Z,game_console,0.164
2026-01-06T11:35:00Z,printer,1.909
2026-01-06T11:40:00Z,refrigerator,2.143
2026-01-06T11:40:00Z,television,4.834
2026-01-06T11:40:00Z,game_console,0.126
2026-01-06T11:40:00Z,printer,2.062
2026-01-06T11:45:00Z,refrigerator,3.531
2026-01-06T11:45:00Z,television,4.837
2026-01-06T11:45:00Z,game_console,0.4
2026-01-06T11:45:00Z,printer,2.492
2026-01-06T11:50:00Z,refrigerator,2.804
2026-01-06T11:50:00Z,television,5.81
2026-01-06T11:50:00Z,game_console,0.038
2026-01-06T11:50:00Z,printer,1.878
2026-01-06T11:55:00Z,refrigerator,3.068
2026-01-06T11:55:00Z,television,4.512
2026-01-06T11:55:00Z,game_console,0.698
2026-01-06T11:55:00Z,printer,2.244
2026-01-06T12:00:00Z,refrigerator,88.61
2026-01-06T12:00:00Z,television,4.515
2026-01-06T12:00:00Z,game_console,0.055
2026-01-06T12:00:00Z,printer,17.663
2026-01-06T12:05:00Z,refrigerator,87.09
2026-01-06T12:05:00Z,television,4.821
2026-01-06T12:05:00Z,game_console,0.725
2026-01-06T12:05:00Z,printer,17.99
2026-01-06T12:10:00Z,refrigerator,89.038
2026-01-06T12:10:00Z,television,5.262
2026-01-06T12:10:00Z,game_console,0.75
2026-01-06T12:10:00Z,printer,17.819
2026-01-06T12:15:00Z,refrigerator,89.154
2026-01-06T12:15:00Z,television,4.707
2026-01-06T12:15:00Z,game_console,0.254
2026-01-06T12:15:00Z,printer,18.262
2026-01-06T12:20:00Z,refrigerator,87.916
2026-01-06T12:20:00Z,television,4.821
2026-01-06T12:20:00Z,game_console,0.014
2026-01-06T12:20:00Z,printer,2.147
2026-01-06T12:25:00Z,refrigerator,2.839
2026-01-06T12:25:00Z,television,5.224
2026-01-06T12:25:00Z,game_console,0.823
2026-01-06T12:25:00Z,printer,2.262
2026-01-06T12:30:00Z,refrigerator,3.628
2026-01-06T12:30:00Z,television,4.625
2026-01-06T12:30:00Z,game_console,0.321
2026-01-06T12:30:00Z,printer,1.986
2026-01-06T12:35:00Z,refrigerator,3.348
2026-01-06T12:35:00Z,television,5.842
2026-01-06T12:35:00Z,game_console,0.764
2026-01-06T12:35:00Z,printer,2.191
2026-01-06T12:40:00Z,refrigerator,2.067
2026-01-06T12:40:00Z,television,5.509
2026-01-06T12:40:00Z,game_console,0.216
2026-01-06T12:40:00Z,printer,2.153
2026-01-06T12:45:00Z,refrigerator,3.482
2026-01-06T12:45:00Z,television,5.808
2026-01-06T12:45:00Z,game_console,0.88
2026-01-06T12:45:00Z,printer,2.25
2026-01-06T12:50:00Z,refrigerator,2.109
2026-01-06T12:50:00Z,television,5.895
2026-01-06T12:50:00Z,game_console,0.407
2026-01-06T12:50:00Z,printer,2.36
2026-01-06T12:55:00Z,refrigerator,3.65
2026-01-06T12:55:00Z,television,5.205
2026-01-06T12:55:00Z,game_console,0.839
2026-01-06T12:55:00Z,printer,2.188
2026-01-06T13:00:00Z,refrigerator,3.868
2026-01-06T13:00:00Z,television,4.596
2026-01-06T13:00:00Z,game_console,0.638
2026-01-06T13:00:00Z,printer,2.232
2026-01-06T13:05:00Z,refrigerator,3.423
2026-01-06T13:05:00Z,television,4.699
2026-01-06T13:05:00Z,game_console,0.759
2026-01-06T13:05:00Z,printer,2.138
2026-01-06T13:10:00Z,refrigerator,3.007
2026-01-06T13:10:00Z,television,5.784
2026-01-06T13:10:00Z,game_console,0.543
2026-01-06T13:10:00Z,printer,2.173
2026-01-06T13:15:00Z,refrigerator,3.665
2026-01-06T13:15:00Z,television,5.607
2026-01-06T13:15:00Z,game_console,0.748
2026-01-06T13:15:00Z,printer,1.92
2026-01-06T13:20:00Z,refrigerator,3.125
2026-01-06T13:20:00Z,television,5.232
2026-01-06T13:20:00Z,game_console,0.174
2026-01-06T13:20:00Z,printer,2.106
2026-01-06T13:25:00Z,refrigerator,3.324
2026-01-06T13:25:00Z,television,5.564
2026-01-06T13:25:00Z,game_console,0.408
2026-01-06T13:25:00Z,printer,2.427
2026-01-06T13:30:00Z,refrigerator,88.018
2026-01-06T13:30:00Z,television,4.91
2026-01-06T13:30:00Z,game_console,0.499
2026-01-06T13:30:00Z,printer,2.019
2026-01-06T13:35:00Z,refrigerator,87.0
2026-01-06T13:35:00Z,television,5.566
2026-01-06T13:35:00Z,game_console,0.587
2026-01-06T13:35:00Z,printer,2.035
2026-01-06T13:40:00Z,refrigerator,88.505
2026-01-06T13:40:00Z,television,4.897
2026-01-06T13:40:00Z,game_console,0.638
2026-01-06T13:40:00Z,printer,2.529
2026-01-06T13:45:00Z,refrigerator,87.259
2026-01-06T13:45:00Z,television,4.732
2026-01-06T13:45:00Z,game_console,0.689
2026-01-06T13:45:00Z,printer,2.548
2026-01-06T13:50:00Z,refrigerator,88.417
2026-01-06T13:50:00Z,television,4.887
2026-01-06T13:50:00Z,game_console,0.0
2026-01-06T13:50:00Z,printer,2.503
2026-01-06T13:55:00Z,refrigerator,3.031
2026-01-06T13:55:00Z,television,5.854
2026-01-06T13:55:00Z,game_console,0.518
2026-01-06T13:55:00Z,printer,2.362
2026-01-06T14:00:00Z,refrigerator,3.073
2026-01-06T14:00:00Z,television,5.027
2026-01-06T14:00:00Z,game_console,0.654
2026-01-06T14:00:00Z,printer,2.48
2026-01-06T14:05:00Z,refrigerator,2.991
2026-01-06T14:05:00Z,television,5.857
2026-01-06T14:05:00Z,game_console,0.02
2026-01-06T14:05:00Z,printer,2.451
2026-01-06T14:10:00Z,refrigerator,2.328
2026-01-06T14:10:00Z,television,4.732
2026-01-06T14:10:00Z,game_console,0.467
2026-01-06T14:10:00Z,printer,1.912
2026-01-06T14:15:00Z,refrigerator,3.261
2026-01-06T14:15:00Z,television,5.333
2026-01-06T14:15:00Z,game_console,0.122
2026-01-06T14:15:00Z,printer,2.265
2026-01-06T14:20:00Z,refrigerator,2.938
2026-01-06T14:20:00Z,television,5.14
2026-01-06T14:20:00Z,game_console,0.154
2026-01-06T14:20:00Z,printer,2.255
2026-01-06T14:25:00Z,refrigerator,3.317
2026-01-06T14:25:00Z,television,4.716
2026-01-06T14:25:00Z,game_console,0.632
2026-01-06T14:25:00Z,printer,2.137
2026-01-06T14:30:00Z,refrigerator,3.863
2026-01-06T14:30:00Z,television,5.859
2026-01-06T14:30:00Z,game_console,0.448
2026-01-06T14:30:00Z,printer,2.198
2026-01-06T14:35:00Z,refrigerator,3.372
2026-01-06T14:35:00Z,television,5.49
2026-01-06T14:35:00Z,game_console,0.019
2026-01-06T14:35:00Z,printer,2.065
2026-01-06T14:40:00Z,refrigerator,2.728
2026-01-06T14:40:00Z,television,4.592
2026-01-06T14:40:00Z,game_console,0.326
2026-01-06T14:40:00Z,printer,2.181
2026-01-06T14:45:00Z,refrigerator,2.215
2026-01-06T14:45:00Z,television,5.711
2026-01-06T14:45:00Z,game_console,0.665
2026-01-06T14:45:00Z,printer,2.003
2026-01-06T14:50:00Z,refrigerator,3.848
2026-01-06T14:50:00Z,television,5.848
2026-01-06T14:50:00Z,game_console,0.714
2026-01-06T14:50:00Z,printer,2.317
2026-01-06T14:55:00Z,refrigerator,3.025
2026-01-06T14:55:00Z,television,4.624
2026-01-06T14:55:00Z,game_console,0.649
2026-01-06T14:55:00Z,printer,1.992
2026-01-06T15:00:00Z,refrigerator,87.255
2026-01-06T15:00:00Z,television,5.663
2026-01-06T15:00:00Z,game_console,0.063
2026-01-06T15:00:00Z,printer,2.34
2026-01-06T15:05:00Z,refrigerator,87.426
2026-01-06T15:05:00Z,television,4.735
2026-01-06T15:05:00Z,game_console,0.676
2026-01-06T15:05:00Z,printer,2.091
2026-01-06T15:10:00Z,refrigerator,87.245
2026-01-06T15:10:00Z,television,5.352
2026-01-06T15:10:00Z,game_console,0.581
2026-01-06T15:10:00Z,printer,2.025
2026-01-06T15:15:00Z,refrigerator,88.76
2026-01-06T15:15:00Z,television,5.523
2026-01-06T15:15:00Z,game_console,0.0
2026-01-06T15:15:00Z,printer,2.225
2026-01-06T15:20:00Z,refrigerator,87.129
2026-01-06T15:20:00Z,television,4.829
2026-01-06T15:20:00Z,game_console,0.113
2026-01-06T15:20:00Z,printer,2.374
2026-01-06T15:25:00Z,refrigerator,2.78
2026-01-06T15:25:00Z,television,4.883
2026-01-06T15:25:00Z,game_console,0.194
2026-01-06T15:25:00Z,printer,1.896
2026-01-06T15:30:00Z,refrigerator,3.687
2026-01-06T15:30:00Z,television,4.866
2026-01-06T15:30:00Z,game_console,0.61
2026-01-06T15:30:00Z,printer,2.501
2026-01-06T15:35:00Z,refrigerator,2.234
2026-01-06T15:35:00Z,television,5.622
2026-01-06T15:35:00Z,game_console,0.488
2026-01-06T15:35:00Z,printer,2.411
2026-01-06T15:40:00Z,refrigerator,2.517
2026-01-06T15:40:00Z,television,4.516
2026-01-06T15:40:00Z,game_console,0.618
2026-01-06T15:40:00Z,printer,1.996
2026-01-06T15:45:00Z,refrigerator,4.29
2026-01-06T15:45:00Z,television,5.765
2026-01-06T15:45:00Z,game_console,0.85
2026-01-06T15:45:00Z,printer,1.977
2026-01-06T15:50:00Z,refrigerator,2.921
2026-01-06T15:50:00Z,television,4.505
2026-01-06T15:50:00Z,game_console,0.753
2026-01-06T15:50:00Z,printer,2.217
2026-01-06T15:55:00Z,refrigerator,4.035
2026-01-06T15:55:00Z,television,5.842
2026-01-06T15:55:00Z,game_console,0.302
2026-01-06T15:55:00Z,printer,1.852
2026-01-06T16:00:00Z,refrigerator,2.233
2026-01-06T16:00:00Z,television,5.037
2026-01-06T16:00:00Z,game_console,0.635
2026-01-06T16:00:00Z,printer,1.98
2026-01-06T16:05:00Z,refrigerator,3.001
2026-01-06T16:05:00Z,television,5.879
2026-01-06T16:05:00Z,game_console,0.427
2026-01-06T16:05:00Z,printer,2.149
2026-01-06T16:10:00Z,refrigerator,3.25
2026-01-06T16:10:00Z,television,4.651
2026-01-06T16:10:00Z,game_console,0.0
2026-01-06T16:10:00Z,printer,2.321
2026-01-06T16:15:00Z,refrigerator,2.556
2026-01-06T16:15:00Z,television,4.643
2026-01-06T16:15:00Z,game_console,0.0
2026-01-06T16:15:00Z,printer,2.544
2026-01-06T16:20:00Z,refrigerator,1.917
2026-01-06T16:20:00Z,television,5.484
2026-01-06T16:20:00Z,game_console,0.736
2026-01-06T16:20:00Z,printer,2.104
2026-01-06T16:25:00Z,refrigerator,3.339
2026-01-06T16:25:00Z,television,5.489
2026-01-06T16:25:00Z,game_console,0.159
2026-01-06T16:25:00Z,printer,2.519
2026-01-06T16:30:00Z,refrigerator,88.924
2026-01-06T16:30:00Z,television,4.667
2026-01-06T16:30:00Z,game_console,0.883
2026-01-06T16:30:00Z,printer,1.881
2026-01-06T16:35:00Z,refrigerator,86.955
2026-01-06T16:35:00Z,television,5.59
2026-01-06T16:35:00Z,game_console,0.099
2026-01-06T16:35:00Z,printer,2.345
2026-01-06T16:40:00Z,refrigerator,88.726
2026-01-06T16:40:00Z,television,5.696
2026-01-06T16:40:00Z,game_console,0.0
2026-01-06T16:40:00Z,printer,2.411
2026-01-06T16:45:00Z,refrigerator,87.687
2026-01-06T16:45:00Z,television,5.058
2026-01-06T16:45:00Z,game_console,0.435
2026-01-06T16:45:00Z,printer,2.198
2026-01-06T16:50:00Z,refrigerator,87.985
2026-01-06T16:50:00Z,television,5.188
2026-01-06T16:50:00Z,game_console,0.64
2026-01-06T16:50:00Z,printer,2.195
2026-01-06T16:55:00Z,refrigerator,2.557
2026-01-06T16:55:00Z,television,4.992
2026-01-06T16:55:00Z,game_console,0.128
2026-01-06T16:55:00Z,printer,2.189
2026-01-06T17:00:00Z,refrigerator,2.257
2026-01-06T17:00:00Z,television,4.81
2026-01-06T17:00:00Z,game_console,0.692
2026-01-06T17:00:00Z,printer,1.961
2026-01-06T17:05:00Z,refrigerator,2.355
2026-01-06T17:05:00Z,television,4.966
2026-01-06T17:05:00Z,game_console,0.015
2026-01-06T17:05:00Z,printer,2.454
2026-01-06T17:10:00Z,refrigerator,3.64
2026-01-06T17:10:00Z,television,5.618
2026-01-06T17:10:00Z,game_console,0.395
2026-01-06T17:10:00Z,printer,2.294
2026-01-06T17:15:00Z,refrigerator,3.259
2026-01-06T17:15:00Z,television,5.802
2026-01-06T17:15:00Z,game_console,0.139
2026-01-06T17:15:00Z,printer,2.146
2026-01-06T17:20:00Z,refrigerator,2.221
2026-01-06T17:20:00Z,television,4.916
2026-01-06T17:20:00Z,game_console,0.038
2026-01-06T17:20:00Z,printer,2.433
2026-01-06T17:25:00Z,refrigerator,3.798
2026-01-06T17:25:00Z,television,5.033
2026-01-06T17:25:00Z,game_console,0.0
2026-01-06T17:25:00Z,printer,2.245
2026-01-06T17:30:00Z,refrigerator,2.644
2026-01-06T17:30:00Z,television,5.842
2026-01-06T17:30:00Z,game_console,0.014
2026-01-06T17:30:00Z,printer,2.079
2026-01-06T17:35:00Z,refrigerator,2.839
2026-01-06T17:35:00Z,television,4.694
2026-01-06T17:35:00Z,game_console,0.464
2026-01-06T17:35:00Z,printer,2.484
2026-01-06T17:40:00Z,refrigerator,3.355
2026-01-06T17:40:00Z,television,4.559
2026-01-06T17:40:00Z,game_console,0.128
2026-01-06T17:40:00Z,printer,2.526
2026-01-06T17:45:00Z,refrigerator,2.694
2026-01-06T17:45:00Z,television,5.746
2026-01-06T17:45:00Z,game_console,0.257
2026-01-06T17:45:00Z,printer,2.051
2026-01-06T17:50:00Z,refrigerator,2.525
2026-01-06T17:50:00Z,television,5.72
2026-01-06T17:50:00Z,game_console,0.435
2026-01-06T17:50:00Z,printer,2.472
2026-01-06T17:55:00Z,refrigerator,3.726
2026-01-06T17:55:00Z,television,5.659
2026-01-06T17:55:00Z,game_console,0.267
2026-01-06T17:55:00Z,printer,2.175
2026-01-06T18:00:00Z,refrigerator,87.338
2026-01-06T18:00:00Z,television,71.582
2026-01-06T18:00:00Z,game_console,0.0
2026-01-06T18:00:00Z,printer,17.783
2026-01-06T18:05:00Z,refrigerator,87.532
2026-01-06T18:05:00Z,television,71.821
2026-01-06T18:05:00Z,game_console,0.195
2026-01-06T18:05:00Z,printer,18.229
2026-01-06T18:10:00Z,refrigerator,88.846
2026-01-06T18:10:00Z,television,72.065
2026-01-06T18:10:00Z,game_console,0.46
2026-01-06T18:10:00Z,printer,18.288
2026-01-06T18:15:00Z,refrigerator,88.039
2026-01-06T18:15:00Z,television,71.441
2026-01-06T18:15:00Z,game_console,0.686
2026-01-06T18:15:00Z,printer,18.255
2026-01-06T18:20:00Z,refrigerator,88.711
2026-01-06T18:20:00Z,television,71.449
2026-01-06T18:20:00Z,game_console,0.014
2026-01-06T18:20:00Z,printer,2.016
2026-01-06T18:25:00Z,refrigerator,3.464
2026-01-06T18:25:00Z,television,72.531
2026-01-06T18:25:00Z,game_console,0.823
2026-01-06T18:25:00Z,printer,2.076
2026-01-06T18:30:00Z,refrigerator,3.597
2026-01-06T18:30:00Z,television,71.969
2026-01-06T18:30:00Z,game_console,0.767
2026-01-06T18:30:00Z,printer,2.101
2026-01-06T18:35:00Z,refrigerator,3.356
2026-01-06T18:35:00Z,television,72.492
2026-01-06T18:35:00Z,game_console,0.606
2026-01-06T18:35:00Z,printer,2.454
2026-01-06T18:40:00Z,refrigerator,2.836
2026-01-06T18:40:00Z,television,72.64
2026-01-06T18:40:00Z,game_console,0.188
2026-01-06T18:40:00Z,printer,1.91
2026-01-06T18:45:00Z,refrigerator,2.207
2026-01-06T18:45:00Z,television,72.279
2026-01-06T18:45:00Z,game_console,0.183
2026-01-06T18:45:00Z,printer,2.023
2026-01-06T18:50:00Z,refrigerator,2.197
2026-01-06T18:50:00Z,television,71.702
2026-01-06T18:50:00Z,game_console,0.33
2026-01-06T18:50:00Z,printer,2.487
2026-01-06T18:55:00Z,refrigerator,3.351
2026-01-06T18:55:00Z,television,71.419
2026-01-06T18:55:00Z,game_console,0.31
2026-01-06T18:55:00Z,printer,1.979
2026-01-06T19:00:00Z,refrigerator,2.934
2026-01-06T19:00:00Z,television,71.507
2026-01-06T19:00:00Z,game_console,147.887
2026-01-06T19:00:00Z,printer,2.035
2026-01-06T19:05:00Z,refrigerator,2.588
2026-01-06T19:05:00Z,television,72.511
2026-01-06T19:05:00Z,game_console,148.13
2026-01-06T19:05:00Z,printer,2.474
2026-01-06T19:10:00Z,refrigerator,2.919
2026-01-06T19:10:00Z,television,71.991
2026-01-06T19:10:00Z,game_console,147.737
2026-01-06T19:10:00Z,printer,1.894
2026-01-06T19:15:00Z,refrigerator,3.214
2026-01-06T19:15:00Z,television,72.162
2026-01-06T19:15:00Z,game_console,147.68
2026-01-06T19:15:00Z,printer,2.057
2026-01-06T19:20:00Z,refrigerator,2.378
2026-01-06T19:20:00Z,television,71.313
2026-01-06T19:20:00Z,game_console,148.426
2026-01-06T19:20:00Z,printer,2.009
2026-01-06T19:25:00Z,refrigerator,2.098
2026-01-06T19:25:00Z,television,71.758
2026-01-06T19:25:00Z,game_console,147.597
2026-01-06T19:25:00Z,printer,2.281
2026-01-06T19:30:00Z,refrigerator,87.472
2026-01-06T19:30:00Z,television,72.637
2026-01-06T19:30:00Z,game_console,147.953
2026-01-06T19:30:00Z,printer,2.098
2026-01-06T19:35:00Z,refrigerator,88.027
2026-01-06T19:35:00Z,television,71.836
2026-01-06T19:35:00Z,game_console,147.804
2026-01-06T19:35:00Z,printer,1.936
2026-01-06T19:40:00Z,refrigerator,86.978
2026-01-06T19:40:00Z,television,72.552
2026-01-06T19:40:00Z,game_console,148.42
2026-01-06T19:40:00Z,printer,2.362
2026-01-06T19:45:00Z,refrigerator,89.077
2026-01-06T19:45:00Z,television,71.857
2026-01-06T19:45:00Z,game_console,147.87
2026-01-06T19:45:00Z,printer,2.362
2026-01-06T19:50:00Z,refrigerator,86.863
2026-01-06T19:50:00Z,television,72.353
2026-01-06T19:50:00Z,game_console,148.353
2026-01-06T19:50:00Z,printer,2.056
2026-01-06T19:55:00Z,refrigerator,3.095
2026-01-06T19:55:00Z,television,71.926
2026-01-06T19:55:00Z,game_console,147.852
2026-01-06T19:55:00Z,printer,2.144
2026-01-06T20:00:00Z,refrigerator,3.773
2026-01-06T20:00:00Z,television,72.579
2026-01-06T20:00:00Z,game_console,148.422
2026-01-06T20:00:00Z,printer,2.318
2026-01-06T20:05:00Z,refrigerator,3.092
2026-01-06T20:05:00Z,television,72.556
2026-01-06T20:05:00Z,game_console,147.904
2026-01-06T20:05:00Z,printer,2.15
2026-01-06T20:10:00Z,refrigerator,3.741
2026-01-06T20:10:00Z,television,71.924
2026-01-06T20:10:00Z,game_console,147.76
2026-01-06T20:10:00Z,printer,1.897
2026-01-06T20:15:00Z,refrigerator,2.519
2026-01-06T20:15:00Z,television,71.942
2026-01-06T20:15:00Z,game_console,147.983
2026-01-06T20:15:00Z,printer,2.498
2026-01-06T20:20:00Z,refrigerator,2.202
2026-01-06T20:20:00Z,television,72.046
2026-01-06T20:20:00Z,game_console,148.237
2026-01-06T20:20:00Z,printer,2.227
2026-01-06T20:25:00Z,refrigerator,3.861
2026-01-06T20:25:00Z,television,71.98
2026-01-06T20:25:00Z,game_console,148.153
2026-01-06T20:25:00Z,printer,2.07
2026-01-06T20:30:00Z,refrigerator,3.592
2026-01-06T20:30:00Z,television,71.735
2026-01-06T20:30:00Z,game_console,148.154
2026-01-06T20:30:00Z,printer,1.871
2026-01-06T20:35:00Z,refrigerator,2.84
2026-01-06T20:35:00Z,television,71.806
2026-01-06T20:35:00Z,game_console,148.48
2026-01-06T20:35:00Z,printer,2.502
2026-01-06T20:40:00Z,refrigerator,3.406
2026-01-06T20:40:00Z,television,71.617
2026-01-06T20:40:00Z,game_console,147.568
2026-01-06T20:40:00Z,printer,1.914
2026-01-06T20:45:00Z,refrigerator,2.197
2026-01-06T20:45:00Z,television,72.668
2026-01-06T20:45:00Z,game_console,147.978
2026-01-06T20:45:00Z,printer,2.401
2026-01-06T20:50:00Z,refrigerator,2.672
2026-01-06T20:50:00Z,television,71.413
2026-01-06T20:50:00Z,game_console,147.81
2026-01-06T20:50:00Z,printer,2.51
2026-01-06T20:55:00Z,refrigerator,2.559
2026-01-06T20:55:00Z,television,72.218
2026-01-06T20:55:00Z,game_console,147.5
2026-01-06T20:55:00Z,printer,2.533
2026-01-06T21:00:00Z,refrigerator,88.129
2026-01-06T21:00:00Z,television,72.597
2026-01-06T21:00:00Z,game_console,148.21
2026-01-06T21:00:00Z,printer,2.181
2026-01-06T21:05:00Z,refrigerator,88.043
2026-01-06T21:05:00Z,television,71.744
2026-01-06T21:05:00Z,game_console,147.544
2026-01-06T21:05:00Z,printer,1.939
2026-01-06T21:10:00Z,refrigerator,88.212
2026-01-06T21:10:00Z,television,71.9
2026-01-06T21:10:00Z,game_console,147.713
2026-01-06T21:10:00Z,printer,2.28
2026-01-06T21:15:00Z,refrigerator,88.265
2026-01-06T21:15:00Z,television,71.342
2026-01-06T21:15:00Z,game_console,148.199
2026-01-06T21:15:00Z,printer,2.424
2026-01-06T21:20:00Z,refrigerator,87.167
2026-01-06T21:20:00Z,television,72.182
2026-01-06T21:20:00Z,game_console,147.928
2026-01-06T21:20:00Z,printer,2.337
2026-01-06T21:25:00Z,refrigerator,2.417
2026-01-06T21:25:00Z,television,71.375
2026-01-06T21:25:00Z,game_console,148.389
2026-01-06T21:25:00Z,printer,2.528
2026-01-06T21:30:00Z,refrigerator,2.424
2026-01-06T21:30:00Z,television,72.501
2026-01-06T21:30:00Z,game_console,148.265
2026-01-06T21:30:00Z,printer,2.334
2026-01-06T21:35:00Z,refrigerator,3.138
2026-01-06T21:35:00Z,television,71.327
2026-01-06T21:35:00Z,game_console,147.956
2026-01-06T21:35:00Z,printer,2.467
2026-01-06T21:40:00Z,refrigerator,4.046
2026-01-06T21:40:00Z,television,71.529
2026-01-06T21:40:00Z,game_console,147.843
2026-01-06T21:40:00Z,printer,2.081
2026-01-06T21:45:00Z,refrigerator,2.898
2026-01-06T21:45:00Z,television,72.249
2026-01-06T21:45:00Z,game_console,147.554
2026-01-06T21:45:00Z,printer,2.106
2026-01-06T21:50:00Z,refrigerator,4.023
2026-01-06T21:50:00Z,television,71.359
2026-01-06T21:50:00Z,game_console,148.464
2026-01-06T21:50:00Z,printer,1.982
2026-01-06T21:55:00Z,refrigerator,3.886
2026-01-06T21:55:00Z,television,71.333
2026-01-06T21:55:00Z,game_console,148.119
2026-01-06T21:55:00Z,printer,2.104
2026-01-06T22:00:00Z,refrigerator,3.436
2026-01-06T22:00:00Z,television,4.51
2026-01-06T22:00:00Z,game_console,148.127
2026-01-06T22:00:00Z,printer,2.118
2026-01-06T22:05:00Z,refrigerator,1.985
2026-01-06T22:05:00Z,television,5.015
2026-01-06T22:05:00Z,game_console,147.528
2026-01-06T22:05:00Z,printer,2.466
2026-01-06T22:10:00Z,refrigerator,2.701
2026-01-06T22:10:00Z,television,5.818
2026-01-06T22:10:00Z,game_console,148.04
2026-01-06T22:10:00Z,printer,2.043
2026-01-06T22:15:00Z,refrigerator,2.598
2026-01-06T22:15:00Z,television,5.857
2026-01-06T22:15:00Z,game_console,147.635
2026-01-06T22:15:00Z,printer,2.292
2026-01-06T22:20:00Z,refrigerator,3.701
2026-01-06T22:20:00Z,television,5.154
2026-01-06T22:20:00Z,game_console,147.675
2026-01-06T22:20:00Z,printer,2.175
2026-01-06T22:25:00Z,refrigerator,2.479
2026-01-06T22:25:00Z,television,5.673
2026-01-06T22:25:00Z,game_console,147.583
2026-01-06T22:25:00Z,printer,2.325
2026-01-06T22:30:00Z,refrigerator,87.71
2026-01-06T22:30:00Z,television,5.504
2026-01-06T22:30:00Z,game_console,147.955
2026-01-06T22:30:00Z,printer,2.125
2026-01-06T22:35:00Z,refrigerator,87.277
2026-01-06T22:35:00Z,television,5.583
2026-01-06T22:35:00Z,game_console,148.317
2026-01-06T22:35:00Z,printer,2.435
2026-01-06T22:40:00Z,refrigerator,86.998
2026-01-06T22:40:00Z,television,5.533
2026-01-06T22:40:00Z,game_console,148.185
2026-01-06T22:40:00Z,printer,2.055
2026-01-06T22:45:00Z,refrigerator,89.106
2026-01-06T22:45:00Z,television,5.566
2026-01-06T22:45:00Z,game_console,147.988
2026-01-06T22:45:00Z,printer,2.207
2026-01-06T22:50:00Z,refrigerator,87.869
2026-01-06T22:50:00Z,television,5.002
2026-01-06T22:50:00Z,game_console,147.647
2026-01-06T22:50:00Z,printer,2.161
2026-01-06T22:55:00Z,refrigerator,3.626
2026-01-06T22:55:00Z,television,5.389
2026-01-06T22:55:00Z,game_console,148.246
2026-01-06T22:55:00Z,printer,2.133
2026-01-06T23:00:00Z,refrigerator,3.392
2026-01-06T23:00:00Z,television,4.539
2026-01-06T23:00:00Z,game_console,11.949
2026-01-06T23:00:00Z,printer,1.937
2026-01-06T23:05:00Z,refrigerator,2.83
2026-01-06T23:05:00Z,television,4.89
2026-01-06T23:05:00Z,game_console,11.541
2026-01-06T23:05:00Z,printer,2.212
2026-01-06T23:10:00Z,refrigerator,3.686
2026-01-06T23:10:00Z,television,5.042
2026-01-06T23:10:00Z,game_console,11.571
2026-01-06T23:10:00Z,printer,2.199
2026-01-06T23:15:00Z,refrigerator,2.049
2026-01-06T23:15:00Z,television,4.957
2026-01-06T23:15:00Z,game_console,11.474
2026-01-06T23:15:00Z,printer,2.46
2026-01-06T23:20:00Z,refrigerator,2.304
2026-01-06T23:20:00Z,television,5.457
2026-01-06T23:20:00Z,game_console,12.242
2026-01-06T23:20:00Z,printer,2.507
2026-01-06T23:25:00Z,refrigerator,3.34
2026-01-06T23:25:00Z,television,4.855
2026-01-06T23:25:00Z,game_console,11.576
2026-01-06T23:25:00Z,printer,1.86
2026-01-06T23:30:00Z,refrigerator,2.604
2026-01-06T23:30:00Z,television,5.422
2026-01-06T23:30:00Z,game_console,12.018
2026-01-06T23:30:00Z,printer,2.067
2026-01-06T23:35:00Z,refrigerator,3.668
2026-01-06T23:35:00Z,television,4.777
2026-01-06T23:35:00Z,game_console,12.046
2026-01-06T23:35:00Z,printer,2.326
2026-01-06T23:40:00Z,refrigerator,2.454
2026-01-06T23:40:00Z,television,5.376
2026-01-06T23:40:00Z,game_console,11.852
2026-01-06T23:40:00Z,printer,1.904
2026-01-06T23:45:00Z,refrigerator,3.11
2026-01-06T23:45:00Z,television,5.022
2026-01-06T23:45:00Z,game_console,12.208
2026-01-06T23:45:00Z,printer,2.109
2026-01-06T23:50:00Z,refrigerator,3.063
2026-01-06T23:50:00Z,television,5.663
2026-01-06T23:50:00Z,game_console,11.966
2026-01-06T23:50:00Z,printer,2.243
2026-01-06T23:55:00Z,refrigerator,3.454
2026-01-06T23:55:00Z,television,5.485
2026-01-06T23:55:00Z,game_console,11.637
2026-01-06T23:55:00Z,printer,2.514
2026-01-07T00:00:00Z,refrigerator,88.046
2026-01-07T00:00:00Z,television,5.232
2026-01-07T00:00:00Z,game_console,11.727
2026-01-07T00:00:00Z,printer,18.23
2026-01-07T00:05:00Z,refrigerator,86.933
2026-01-07T00:05:00Z,television,5.307
2026-01-07T00:05:00Z,game_console,12.017
2026-01-07T00:05:00Z,printer,18.305
2026-01-07T00:10:00Z,refrigerator,88.666
2026-01-07T00:10:00Z,television,5.74
2026-01-07T00:10:00Z,game_console,11.403
2026-01-07T00:10:00Z,printer,18.244
2026-01-07T00:15:00Z,refrigerator,87.125
2026-01-07T00:15:00Z,television,5.509
2026-01-07T00:15:00Z,game_console,11.815
2026-01-07T00:15:00Z,printer,17.943
2026-01-07T00:20:00Z,refrigerator,89.2
2026-01-07T00:20:00Z,television,5.04
2026-01-07T00:20:00Z,game_console,12.198
2026-01-07T00:20:00Z,printer,2.009
2026-01-07T00:25:00Z,refrigerator,3.21
2026-01-07T00:25:00Z,television,5.246
2026-01-07T00:25:00Z,game_console,11.934
2026-01-07T00:25:00Z,printer,1.946
2026-01-07T00:30:00Z,refrigerator,2.698
2026-01-07T00:30:00Z,television,5.706
2026-01-07T00:30:00Z,game_console,11.432
2026-01-07T00:30:00Z,printer,2.434
2026-01-07T00:35:00Z,refrigerator,2.577
2026-01-07T00:35:00Z,television,5.652
2026-01-07T00:35:00Z,game_console,11.939
2026-01-07T00:35:00Z,printer,2.076
2026-01-07T00:40:00Z,refrigerator,4.265
2026-01-07T00:40:00Z,television,5.796
2026-01-07T00:40:00Z,game_console,11.634
2026-01-07T00:40:00Z,printer,2.073
2026-01-07T00:45:00Z,refrigerator,3.193
2026-01-07T00:45:00Z,television,5.124
2026-01-07T00:45:00Z,game_console,12.128
2026-01-07T00:45:00Z,printer,2.366
2026-01-07T00:50:00Z,refrigerator,3.771
2026-01-07T00:50:00Z,television,5.511
2026-01-07T00:50:00Z,game_console,11.466
2026-01-07T00:50:00Z,printer,2.074
2026-01-07T00:55:00Z,refrigerator,4.298
2026-01-07T00:55:00Z,television,4.877
2026-01-07T00:55:00Z,game_console,11.782
2026-01-07T00:55:00Z,printer,2.186
2026-01-07T01:00:00Z,refrigerator,2.981
2026-01-07T01:00:00Z,television,4.929
2026-01-07T01:00:00Z,game_console,11.482
2026-01-07T01:00:00Z,printer,2.518
2026-01-07T01:05:00Z,refrigerator,3.866
2026-01-07T01:05:00Z,television,4.869
2026-01-07T01:05:00Z,game_console,11.427
2026-01-07T01:05:00Z,printer,2.493
2026-01-07T01:10:00Z,refrigerator,2.52
2026-01-07T01:10:00Z,television,5.705
2026-01-07T01:10:00Z,game_console,11.743
2026-01-07T01:10:00Z,printer,1.985
2026-01-07T01:15:00Z,refrigerator,2.86
2026-01-07T01:15:00Z,television,5.75
2026-01-07T01:15:00Z,game_console,12.162
2026-01-07T01:15:00Z,printer,2.387
2026-01-07T01:20:00Z,refrigerator,3.168
2026-01-07T01:20:00Z,television,4.643
2026-01-07T01:20:00Z,game_console,11.807
2026-01-07T01:20:00Z,printer,1.872
2026-01-07T01:25:00Z,refrigerator,3.154
2026-01-07T01:25:00Z,television,5.191
2026-01-07T01:25:00Z,game_console,11.608
2026-01-07T01:25:00Z,printer,2.393
2026-01-07T01:30:00Z,refrigerator,87.85
2026-01-07T01:30:00Z,television,5.816
2026-01-07T01:30:00Z,game_console,11.452
2026-01-07T01:30:00Z,printer,2.168
2026-01-07T01:35:00Z,refrigerator,87.801
2026-01-07T01:35:00Z,television,5.764
2026-01-07T01:35:00Z,game_console,12.247
2026-01-07T01:35:00Z,printer,2.304
2026-01-07T01:40:00Z,refrigerator,88.18
2026-01-07T01:40:00Z,television,5.029
2026-01-07T01:40:00Z,game_console,12.29
2026-01-07T01:40:00Z,printer,2.072
2026-01-07T01:45:00Z,refrigerator,87.8
2026-01-07T01:45:00Z,television,5.382
2026-01-07T01:45:00Z,game_console,11.826
2026-01-07T01:45:00Z,printer,2.349
2026-01-07T01:50:00Z,refrigerator,87.64
2026-01-07T01:50:00Z,television,5.726
2026-01-07T01:50:00Z,game_console,12.021
2026-01-07T01:50:00Z,printer,2.152
2026-01-07T01:55:00Z,refrigerator,4.225
2026-01-07T01:55:00Z,television,5.264
2026-01-07T01:55:00Z,game_console,12.234
2026-01-07T01:55:00Z,printer,2.442
2026-01-07T02:00:00Z,refrigerator,3.02
2026-01-07T02:00:00Z,television,4.777
2026-01-07T02:00:00Z,game_console,11.762
2026-01-07T02:00:00Z,printer,2.538
2026-01-07T02:05:00Z,refrigerator,2.445
2026-01-07T02:05:00Z,television,5.138
2026-01-07T02:05:00Z,game_console,11.368
2026-01-07T02:05:00Z,printer,2.056
2026-01-07T02:10:00Z,refrigerator,3.963
2026-01-07T02:10:00Z,television,5.083
2026-01-07T02:10:00Z,game_console,11.514
2026-01-07T02:10:00Z,printer,2.309
2026-01-07T02:15:00Z,refrigerator,3.185
2026-01-07T02:15:00Z,television,5.547
2026-01-07T02:15:00Z,game_console,11.509
2026-01-07T02:15:00Z,printer,1.949
2026-01-07T02:20:00Z,refrigerator,3.007
2026-01-07T02:20:00Z,television,4.976
2026-01-07T02:20:00Z,game_console,11.943
2026-01-07T02:20:00Z,printer,2.267
2026-01-07T02:25:00Z,refrigerator,2.836
2026-01-07T02:25:00Z,television,5.053
2026-01-07T02:25:00Z,game_console,11.345
2026-01-07T02:25:00Z,printer,2.217
2026-01-07T02:30:00Z,refrigerator,3.356
2026-01-07T02:30:00Z,television,5.401
2026-01-07T02:30:00Z,game_console,11.864
2026-01-07T02:30:00Z,printer,1.895
2026-01-07T02:35:00Z,refrigerator,2.532
2026-01-07T02:35:00Z,television,4.873
2026-01-07T02:35:00Z,game_console,11.417
2026-01-07T02:35:00Z,printer,2.232
2026-01-07T02:40:00Z,refrigerator,2.012
2026-01-07T02:40:00Z,television,4.85
2026-01-07T02:40:00Z,game_console,11.638
2026-01-07T02:40:00Z,printer,1.969
2026-01-07T02:45:00Z,refrigerator,3.724
2026-01-07T02:45:00Z,television,5.045
2026-01-07T02:45:00Z,game_console,11.777
2026-01-07T02:45:00Z,printer,1.862
2026-01-07T02:50:00Z,refrigerator,3.551
2026-01-07T02:50:00Z,television,5.587
2026-01-07T02:50:00Z,game_console,12.022
2026-01-07T02:50:00Z,printer,2.508
2026-01-07T02:55:00Z,refrigerator,2.158
2026-01-07T02:55:00Z,television,5.086
2026-01-07T02:55:00Z,game_console,11.856
2026-01-07T02:55:00Z,printer,2.323
2026-01-07T03:00:00Z,refrigerator,88.574
2026-01-07T03:00:00Z,television,4.647
2026-01-07T03:00:00Z,game_console,11.947
2026-01-07T03:00:00Z,printer,2.148
2026-01-07T03:05:00Z,refrigerator,88.229
2026-01-07T03:05:00Z,television,5.86
2026-01-07T03:05:00Z,game_console,12.264
2026-01-07T03:05:00Z,printer,2.438
2026-01-07T03:10:00Z,refrigerator,88.059
2026-01-07T03:10:00Z,television,4.999
2026-01-07T03:10:00Z,game_console,11.745
2026-01-07T03:10:00Z,printer,2.011
2026-01-07T03:15:00Z,refrigerator,87.806
2026-01-07T03:15:00Z,television,5.674
2026-01-07T03:15:00Z,game_console,11.372
2026-01-07T03:15:00Z,printer,2.032
2026-01-07T03:20:00Z,refrigerator,88.317
2026-01-07T03:20:00Z,television,5.445
2026-01-07T03:20:00Z,game_console,12.171
2026-01-07T03:20:00Z,printer,1.898
2026-01-07T03:25:00Z,refrigerator,2.066
2026-01-07T03:25:00Z,television,4.58
2026-01-07T03:25:00Z,game_console,12.058
2026-01-07T03:25:00Z,printer,2.478
2026-01-07T03:30:00Z,refrigerator,2.052
2026-01-07T03:30:00Z,television,4.836
2026-01-07T03:30:00Z,game_console,12.116
2026-01-07T03:30:00Z,printer,2.051
2026-01-07T03:35:00Z,refrigerator,2.288
2026-01-07T03:35:00Z,television,5.091
2026-01-07T03:35:00Z,game_console,11.397
2026-01-07T03:35:00Z,printer,2.294
2026-01-07T03:40:00Z,refrigerator,1.983
2026-01-07T03:40:00Z,television,5.471
2026-01-07T03:40:00Z,game_console,11.737
2026-01-07T03:40:00Z,printer,2.385
2026-01-07T03:45:00Z,refrigerator,2.734
2026-01-07T03:45:00Z,television,4.954
2026-01-07T03:45:00Z,game_console,12.079
2026-01-07T03:45:00Z,printer,2.55
2026-01-07T03:50:00Z,refrigerator,3.597
2026-01-07T03:50:00Z,television,5.081
2026-01-07T03:50:00Z,game_console,12.23
2026-01-07T03:50:00Z,printer,1.939
2026-01-07T03:55:00Z,refrigerator,4.051
2026-01-07T03:55:00Z,television,4.868
2026-01-07T03:55:00Z,game_console,11.972
2026-01-07T03:55:00Z,printer,2.308
2026-01-07T04:00:00Z,refrigerator,2.225
2026-01-07T04:00:00Z,television,5.785
2026-01-07T04:00:00Z,game_console,11.627
2026-01-07T04:00:00Z,printer,2.224
2026-01-07T04:05:00Z,refrigerator,2.358
2026-01-07T04:05:00Z,television,4.834
2026-01-07T04:05:00Z,game_console,11.914
2026-01-07T04:05:00Z,printer,2.081
2026-01-07T04:10:00Z,refrigerator,3.225
2026-01-07T04:10:00Z,television,4.591
2026-01-07T04:10:00Z,game_console,11.469
2026-01-07T04:10:00Z,printer,2.349
2026-01-07T04:15:00Z,refrigerator,2.702
2026-01-07T04:15:00Z,television,5.274
2026-01-07T04:15:00Z,game_console,11.554
2026-01-07T04:15:00Z,printer,1.896
2026-01-07T04:20:00Z,refrigerator,2.899
2026-01-07T04:20:00Z,television,5.637
2026-01-07T04:20:00Z,game_console,11.305
2026-01-07T04:20:00Z,printer,1.999
2026-01-07T04:25:00Z,refrigerator,4.047
2026-01-07T04:25:00Z,television,5.247
2026-01-07T04:25:00Z,game_console,11.973
2026-01-07T04:25:00Z,printer,2.203
2026-01-07T04:30:00Z,refrigerator,87.037
2026-01-07T04:30:00Z,television,5.724
2026-01-07T04:30:00Z,game_console,11.671
2026-01-07T04:30:00Z,printer,2.375
2026-01-07T04:35:00Z,refrigerator,87.164
2026-01-07T04:35:00Z,television,5.536
2026-01-07T04:35:00Z,game_console,11.938
2026-01-07T04:35:00Z,printer,2.424
2026-01-07T04:40:00Z,refrigerator,87.368
2026-01-07T04:40:00Z,television,5.687
2026-01-07T04:40:00Z,game_console,11.642
2026-01-07T04:40:00Z,printer,2.095
2026-01-07T04:45:00Z,refrigerator,88.784
2026-01-07T04:45:00Z,television,4.894
2026-01-07T04:45:00Z,game_console,11.905
2026-01-07T04:45:00Z,printer,2.238
2026-01-07T04:50:00Z,refrigerator,88.809
2026-01-07T04:50:00Z,television,5.415
2026-01-07T04:50:00Z,game_console,11.552
2026-01-07T04:50:00Z,printer,2.456
2026-01-07T04:55:00Z,refrigerator,2.929
2026-01-07T04:55:00Z,television,5.672
2026-01-07T04:55:00Z,game_console,12.265
2026-01-07T04:55:00Z,printer,2.238
2026-01-07T05:00:00Z,refrigerator,4.107
2026-01-07T05:00:00Z,television,4.87
2026-01-07T05:00:00Z,game_console,11.33
2026-01-07T05:00:00Z,printer,2.231
2026-01-07T05:05:00Z,refrigerator,3.02
2026-01-07T05:05:00Z,television,5.562
2026-01-07T05:05:00Z,game_console,12.07
2026-01-07T05:05:00Z,printer,2.355
2026-01-07T05:10:00Z,refrigerator,3.497
2026-01-07T05:10:00Z,television,5.309
2026-01-07T05:10:00Z,game_console,11.651
2026-01-07T05:10:00Z,printer,2.102
2026-01-07T05:15:00Z,refrigerator,3.989
2026-01-07T05:15:00Z,television,4.73
2026-01-07T05:15:00Z,game_console,11.472
2026-01-07T05:15:00Z,printer,2.314
2026-01-07T05:20:00Z,refrigerator,3.683
2026-01-07T05:20:00Z,television,4.917
2026-01-07T05:20:00Z,game_console,11.691
2026-01-07T05:20:00Z,printer,1.904
2026-01-07T05:25:00Z,refrigerator,4.208
2026-01-07T05:25:00Z,television,5.5
2026-01-07T05:25:00Z,game_console,11.516
2026-01-07T05:25:00Z,printer,2.462
2026-01-07T05:30:00Z,refrigerator,2.054
2026-01-07T05:30:00Z,television,4.924
2026-01-07T05:30:00Z,game_console,11.555
2026-01-07T05:30:00Z,printer,2.247
2026-01-07T05:35:00Z,refrigerator,3.779
2026-01-07T05:35:00Z,television,5.813
2026-01-07T05:35:00Z,game_console,11.313
2026-01-07T05:35:00Z,printer,2.255
2026-01-07T05:40:00Z,refrigerator,3.227
2026-01-07T05:40:00Z,television,4.977
2026-01-07T05:40:00Z,game_console,11.311
2026-01-07T05:40:00Z,printer,2.373
2026-01-07T05:45:00Z,refrigerator,3.692
2026-01-07T05:45:00Z,television,5.179
2026-01-07T05:45:00Z,game_console,11.906
2026-01-07T05:45:00Z,printer,2.371
2026-01-07T05:50:00Z,refrigerator,2.823
2026-01-07T05:50:00Z,television,5.883
2026-01-07T05:50:00Z,game_console,11.363
2026-01-07T05:50:00Z,printer,1.915
2026-01-07T05:55:00Z,refrigerator,2.136
2026-01-07T05:55:00Z,television,5.721
2026-01-07T05:55:00Z,game_console,12.275
2026-01-07T05:55:00Z,printer,2.22
2026-01-07T06:00:00Z,refrigerator,88.762
2026-01-07T06:00:00Z,television,5.575
2026-01-07T06:00:00Z,game_console,11.874
2026-01-07T06:00:00Z,printer,18.103
2026-01-07T06:05:00Z,refrigerator,87.904
2026-01-07T06:05:00Z,television,5.077
2026-01-07T06:05:00Z,game_console,12.101
2026-01-07T06:05:00Z,printer,18.193
2026-01-07T06:10:00Z,refrigerator,88.374
2026-01-07T06:10:00Z,television,4.55
2026-01-07T06:10:00Z,game_console,11.594
2026-01-07T06:10:00Z,printer,18.251
2026-01-07T06:15:00Z,refrigerator,87.375
2026-01-07T06:15:00Z,television,4.621
2026-01-07T06:15:00Z,game_console,11.804
2026-01-07T06:15:00Z,printer,17.658
2026-01-07T06:20:00Z,refrigerator,87.551
2026-01-07T06:20:00Z,television,5.103
2026-01-07T06:20:00Z,game_console,11.496
2026-01-07T06:20:00Z,printer,2.481
2026-01-07T06:25:00Z,refrigerator,2.146
2026-01-07T06:25:00Z,television,5.76
2026-01-07T06:25:00Z,game_console,12.197
2026-01-07T06:25:00Z,printer,2.215
2026-01-07T06:30:00Z,refrigerator,2.794
2026-01-07T06:30:00Z,television,4.871
2026-01-07T06:30:00Z,game_console,11.937
2026-01-07T06:30:00Z,printer,2.384
2026-01-07T06:35:00Z,refrigerator,3.465
2026-01-07T06:35:00Z,television,4.682
2026-01-07T06:35:00Z,game_console,11.481
2026-01-07T06:35:00Z,printer,2.144
2026-01-07T06:40:00Z,refrigerator,2.908
2026-01-07T06:40:00Z,television,4.522
2026-01-07T06:40:00Z,game_console,12.202
2026-01-07T06:40:00Z,printer,1.857
2026-01-07T06:45:00Z,refrigerator,4.183
2026-01-07T06:45:00Z,television,5.563
2026-01-07T06:45:00Z,game_console,11.606
2026-01-07T06:45:00Z,printer,1.914
2026-01-07T06:50:00Z,refrigerator,3.97
2026-01-07T06:50:00Z,television,5.156
2026-01-07T06:50:00Z,game_console,11.685
2026-01-07T06:50:00Z,printer,1.944
2026-01-07T06:55:00Z,refrigerator,3.093
2026-01-07T06:55:00Z,television,4.903
2026-01-07T06:55:00Z,game_console,11.495
2026-01-07T06:55:00Z,printer,2.405
2026-01-07T07:00:00Z,refrigerator,3.376
2026-01-07T07:00:00Z,television,5.36
2026-01-07T07:00:00Z,game_console,0.772
2026-01-07T07:00:00Z,printer,1.896
2026-01-07T07:05:00Z,refrigerator,2.59
2026-01-07T07:05:00Z,television,4.907
2026-01-07T07:05:00Z,game_console,0.234
2026-01-07T07:05:00Z,printer,2.084
2026-01-07T07:10:00Z,refrigerator,1.911
2026-01-07T07:10:00Z,television,5.453
2026-01-07T07:10:00Z,game_console,0.0
2026-01-07T07:10:00Z,printer,1.936
2026-01-07T07:15:00Z,refrigerator,3.825
2026-01-07T07:15:00Z,television,4.695
2026-01-07T07:15:00Z,game_console,0.0
2026-01-07T07:15:00Z,printer,2.305
2026-01-07T07:20:00Z,refrigerator,3.145
2026-01-07T07:20:00Z,television,5.033
2026-01-07T07:20:00Z,game_console,0.688
2026-01-07T07:20:00Z,printer,2.056
2026-01-07T07:25:00Z,refrigerator,3.0
2026-01-07T07:25:00Z,television,4.644
2026-01-07T07:25:00Z,game_console,0.498
2026-01-07T07:25:00Z,printer,2.008
2026-01-07T07:30:00Z,refrigerator,87.417
2026-01-07T07:30:00Z,television,4.576
2026-01-07T07:30:00Z,game_console,0.216
2026-01-07T07:30:00Z,printer,2.37
2026-01-07T07:35:00Z,refrigerator,86.862
2026-01-07T07:35:00Z,television,4.672
2026-01-07T07:35:00Z,game_console,0.015
2026-01-07T07:35:00Z,printer,1.987
2026-01-07T07:40:00Z,refrigerator,88.843
2026-01-07T07:40:00Z,television,4.532
2026-01-07T07:40:00Z,game_console,0.048
2026-01-07T07:40:00Z,printer,1.893
2026-01-07T07:45:00Z,refrigerator,87.152
2026-01-07T07:45:00Z,television,5.515
2026-01-07T07:45:00Z,game_console,0.722
2026-01-07T07:45:00Z,printer,2.084
2026-01-07T07:50:00Z,refrigerator,86.96
2026-01-07T07:50:00Z,television,5.002
2026-01-07T07:50:00Z,game_console,0.647
2026-01-07T07:50:00Z,printer,2.316
2026-01-07T07:55:00Z,refrigerator,2.523
2026-01-07T07:55:00Z,television,5.012
2026-01-07T07:55:00Z,game_console,0.033
2026-01-07T07:55:00Z,printer,2.478
2026-01-07T08:00:00Z,refrigerator,2.934
2026-01-07T08:00:00Z,television,4.523
2026-01-07T08:00:00Z,game_console,0.845
2026-01-07T08:00:00Z,printer,2.158
2026-01-07T08:05:00Z,refrigerator,3.252
2026-01-07T08:05:00Z,television,5.489
2026-01-07T08:05:00Z,game_console,0.785
2026-01-07T08:05:00Z,printer,2.21
2026-01-07T08:10:00Z,refrigerator,3.208
2026-01-07T08:10:00Z,television,5.308
2026-01-07T08:10:00Z,game_console,0.882
2026-01-07T08:10:00Z,printer,1.969
2026-01-07T08:15:00Z,refrigerator,2.223
2026-01-07T08:15:00Z,television,5.597
2026-01-07T08:15:00Z,game_console,0.48
2026-01-07T08:15:00Z,printer,2.213
2026-01-07T08:20:00Z,refrigerator,2.625
2026-01-07T08:20:00Z,television,5.403
2026-01-07T08:20:00Z,game_console,0.83
2026-01-07T08:20:00Z,printer,1.944
2026-01-07T08:25:00Z,refrigerator,2.46
2026-01-07T08:25:00Z,television,5.672
2026-01-07T08:25:00Z,game_console,0.284
2026-01-07T08:25:00Z,printer,2.154
2026-01-07T08:30:00Z,refrigerator,2.587
2026-01-07T08:30:00Z,television,5.756
2026-01-07T08:30:00Z,game_console,0.513
2026-01-07T08:30:00Z,printer,2.219
2026-01-07T08:35:00Z,refrigerator,3.81
2026-01-07T08:35:00Z,television,4.743
2026-01-07T08:35:00Z,game_console,0.379
2026-01-07T08:35:00Z,printer,1.861
2026-01-07T08:40:00Z,refrigerator,3.687
2026-01-07T08:40:00Z,television,4.953
2026-01-07T08:40:00Z,game_console,0.738
2026-01-07T08:40:00Z,printer,2.136
2026-01-07T08:45:00Z,refrigerator,3.733
2026-01-07T08:45:00Z,television,4.972
2026-01-07T08:45:00Z,game_console,0.0
2026-01-07T08:45:00Z,printer,2.211
2026-01-07T08:50:00Z,refrigerator,2.036
2026-01-07T08:50:00Z,television,5.564
2026-01-07T08:50:00Z,game_console,0.773
2026-01-07T08:50:00Z,printer,2.06
2026-01-07T08:55:00Z,refrigerator,2.584
2026-01-07T08:55:00Z,television,5.577
2026-01-07T08:55:00Z,game_console,0.257
2026-01-07T08:55:00Z,printer,2.038
2026-01-07T09:00:00Z,refrigerator,88.843
2026-01-07T09:00:00Z,television,5.521
2026-01-07T09:00:00Z,game_console,0.711
2026-01-07T09:00:00Z,printer,1.874
2026-01-07T09:05:00Z,refrigerator,87.389
2026-01-07T09:05:00Z,television,4.515
2026-01-07T09:05:00Z,game_console,0.499
2026-01-07T09:05:00Z,printer,2.066
2026-01-07T09:10:00Z,refrigerator,87.824
2026-01-07T09:10:00Z,television,5.275
2026-01-07T09:10:00Z,game_console,0.306
2026-01-07T09:10:00Z,printer,2.466
2026-01-07T09:15:00Z,refrigerator,86.839
2026-01-07T09:15:00Z,television,4.516
2026-01-07T09:15:00Z,game_console,0.189
2026-01-07T09:15:00Z,printer,2.242
2026-01-07T09:20:00Z,refrigerator,87.678
2026-01-07T09:20:00Z,television,4.694
2026-01-07T09:20:00Z,game_console,0.608
2026-01-07T09:20:00Z,printer,1.887
2026-01-07T09:25:00Z,refrigerator,2.829
2026-01-07T09:25:00Z,television,5.04
2026-01-07T09:25:00Z,game_console,0.59
2026-01-07T09:25:00Z,printer,2.354
2026-01-07T09:30:00Z,refrigerator,2.363
2026-01-07T09:30:00Z,television,5.696
2026-01-07T09:30:00Z,game_console,0.201
2026-01-07T09:30:00Z,printer,2.212
2026-01-07T09:35:00Z,refrigerator,2.715
2026-01-07T09:35:00Z,television,5.259
2026-01-07T09:35:00Z,game_console,0.455
2026-01-07T09:35:00Z,printer,2.444
2026-01-07T09:40:00Z,refrigerator,3.192
2026-01-07T09:40:00Z,television,5.51
2026-01-07T09:40:00Z,game_console,0.202
2026-01-07T09:40:00Z,printer,2.229
2026-01-07T09:45:00Z,refrigerator,2.795
2026-01-07T09:45:00Z,television,4.812
2026-01-07T09:45:00Z,game_console,0.117
2026-01-07T09:45:00Z,printer,2.244
2026-01-07T09:50:00Z,refrigerator,4.037
2026-01-07T09:50:00Z,television,4.631
2026-01-07T09:50:00Z,game_console,0.574
2026-01-07T09:50:00Z,printer,2.171
2026-01-07T09:55:00Z,refrigerator,4.02
2026-01-07T09:55:00Z,television,4.775
2026-01-07T09:55:00Z,game_console,0.165
2026-01-07T09:55:00Z,printer,2.131
2026-01-07T10:00:00Z,refrigerator,2.811
2026-01-07T10:00:00Z,television,4.665
2026-01-07T10:00:00Z,game_console,0.714
2026-01-07T10:00:00Z,printer,2.518
2026-01-07T10:05:00Z,refrigerator,3.657
2026-01-07T10:05:00Z,television,4.913
2026-01-07T10:05:00Z,game_console,0.645
2026-01-07T10:05:00Z,printer,2.239
2026-01-07T10:10:00Z,refrigerator,3.366
2026-01-07T10:10:00Z,television,5.709
2026-01-07T10:10:00Z,game_console,0.203
2026-01-07T10:10:00Z,printer,2.097
2026-01-07T10:15:00Z,refrigerator,2.52
2026-01-07T10:15:00Z,television,4.634
2026-01-07T10:15:00Z,game_console,0.372
2026-01-07T10:15:00Z,printer,2.347
2026-01-07T10:20:00Z,refrigerator,2.599
2026-01-07T10:20:00Z,television,5.6
2026-01-07T10:20:00Z,game_console,0.39
2026-01-07T10:20:00Z,printer,2.012
2026-01-07T10:25:00Z,refrigerator,4.253
2026-01-07T10:25:00Z,television,5.172
2026-01-07T10:25:00Z,game_console,0.718
2026-01-07T10:25:00Z,printer,2.193
2026-01-07T10:30:00Z,refrigerator,88.39
2026-01-07T10:30:00Z,television,5.187
2026-01-07T10:30:00Z,game_console,0.781
2026-01-07T10:30:00Z,printer,2.039
2026-01-07T10:35:00Z,refrigerator,88.624
2026-01-07T10:35:00Z,television,4.851
2026-01-07T10:35:00Z,game_console,0.0
2026-01-07T10:35:00Z,printer,2.224
2026-01-07T10:40:00Z,refrigerator,87.892
2026-01-07T10:40:00Z,television,5.258
2026-01-07T10:40:00Z,game_console,0.761
2026-01-07T10:40:00Z,printer,2.177
2026-01-07T10:45:00Z,refrigerator,86.893
2026-01-07T10:45:00Z,television,4.767
2026-01-07T10:45:00Z,game_console,0.797
2026-01-07T10:45:00Z,printer,2.098
2026-01-07T10:50:00Z,refrigerator,88.072
2026-01-07T10:50:00Z,television,5.884
2026-01-07T10:50:00Z,game_console,0.693
2026-01-07T10:50:00Z,printer,2.413
2026-01-07T10:55:00Z,refrigerator,4.191
2026-01-07T10:55:00Z,television,5.653
2026-01-07T10:55:00Z,game_console,0.769
2026-01-07T10:55:00Z,printer,2.219
2026-01-07T11:00:00Z,refrigerator,3.216
2026-01-07T11:00:00Z,television,5.268
2026-01-07T11:00:00Z,game_console,0.668
2026-01-07T11:00:00Z,printer,2.007
2026-01-07T11:05:00Z,refrigerator,3.81
2026-01-07T11:05:00Z,television,4.75
2026-01-07T11:05:00Z,game_console,0.615
2026-01-07T11:05:00Z,printer,2.275
2026-01-07T11:10:00Z,refrigerator,3.975
2026-01-07T11:10:00Z,television,5.572
2026-01-07T11:10:00Z,game_console,0.725
2026-01-07T11:10:00Z,printer,2.484
2026-01-07T11:15:00Z,refrigerator,2.662
2026-01-07T11:15:00Z,television,4.642
2026-01-07T11:15:00Z,game_console,0.0
2026-01-07T11:15:00Z,printer,2.473
2026-01-07T11:20:00Z,refrigerator,3.87
2026-01-07T11:20:00Z,television,5.617
2026-01-07T11:20:00Z,game_console,0.373
2026-01-07T11:20:00Z,printer,2.215
2026-01-07T11:25:00Z,refrigerator,3.043
2026-01-07T11:25:00Z,television,4.653
2026-01-07T11:25:00Z,game_console,0.104
2026-01-07T11:25:00Z,printer,2.546
2026-01-07T11:30:00Z,refrigerator,2.898
2026-01-07T11:30:00Z,television,5.438
2026-01-07T11:30:00Z,game_console,0.0
2026-01-07T11:30:00Z,printer,2.46
2026-01-07T11:35:00Z,refrigerator,3.944
2026-01-07T11:35:00Z,television,5.637
2026-01-07T11:35:00Z,game_console,0.193
2026-01-07T11:35:00Z,printer,2.476
2026-01-07T11:40:00Z,refrigerator,2.927
2026-01-07T11:40:00Z,television,5.0
2026-01-07T11:40:00Z,game_console,0.191
2026-01-07T11:40:00Z,printer,2.349
2026-01-07T11:45:00Z,refrigerator,4.265
2026-01-07T11:45:00Z,television,4.619
2026-01-07T11:45:00Z,game_console,0.83
2026-01-07T11:45:00Z,printer,2.259
2026-01-07T11:50:00Z,refrigerator,3.472
2026-01-07T11:50:00Z,television,5.205
2026-01-07T11:50:00Z,game_console,0.058
2026-01-07T11:50:00Z,printer,2.17
2026-01-07T11:55:00Z,refrigerator,2.254
2026-01-07T11:55:00Z,television,5.79
2026-01-07T11:55:00Z,game_console,0.746
2026-01-07T11:55:00Z,printer,2.419
2026-01-07T12:00:00Z,refrigerator,86.829
2026-01-07T12:00:00Z,television,4.622
2026-01-07T12:00:00Z,game_console,0.304
2026-01-07T12:00:00Z,printer,17.818
2026-01-07T12:05:00Z,refrigerator,87.756
2026-01-07T12:05:00Z,television,5.409
2026-01-07T12:05:00Z,game_console,0.19
2026-01-07T12:05:00Z,printer,18.017
2026-01-07T12:10:00Z,refrigerator,89.143
2026-01-07T12:10:00Z,television,5.661
2026-01-07T12:10:00Z,game_console,0.708
2026-01-07T12:10:00Z,printer,18.155
2026-01-07T12:15:00Z,refrigerator,89.014
2026-01-07T12:15:00Z,television,5.796
2026-01-07T12:15:00Z,game_console,0.422
2026-01-07T12:15:00Z,printer,18.009
2026-01-07T12:20:00Z,refrigerator,88.404
2026-01-07T12:20:00Z,television,5.395
2026-01-07T12:20:00Z,game_console,0.648
2026-01-07T12:20:00Z,printer,2.222
2026-01-07T12:25:00Z,refrigerator,1.912
2026-01-07T12:25:00Z,television,5.856
2026-01-07T12:25:00Z,game_console,0.0
2026-01-07T12:25:00Z,printer,2.433
2026-01-07T12:30:00Z,refrigerator,2.662
2026-01-07T12:30:00Z,television,5.75
2026-01-07T12:30:00Z,game_console,0.567
2026-01-07T12:30:00Z,printer,2.283
2026-01-07T12:35:00Z,refrigerator,3.247
2026-01-07T12:35:00Z,television,4.778
2026-01-07T12:35:00Z,game_console,0.451
2026-01-07T12:35:00Z,printer,1.913
2026-01-07T12:40:00Z,refrigerator,3.089
2026-01-07T12:40:00Z,television,4.978
2026-01-07T12:40:00Z,game_console,0.218
2026-01-07T12:40:00Z,printer,2.323
2026-01-07T12:45:00Z,refrigerator,2.791
2026-01-07T12:45:00Z,television,5.386
2026-01-07T12:45:00Z,game_console,0.452
2026-01-07T12:45:00Z,printer,2.505
2026-01-07T12:50:00Z,refrigerator,3.922
2026-01-07T12:50:00Z,television,5.465
2026-01-07T12:50:00Z,game_console,0.4
2026-01-07T12:50:00Z,printer,2.186
2026-01-07T12:55:00Z,refrigerator,4.219
2026-01-07T12:55:00Z,television,4.554
2026-01-07T12:55:00Z,game_console,0.4
2026-01-07T12:55:00Z,printer,1.924
2026-01-07T13:00:00Z,refrigerator,3.802
2026-01-07T13:00:00Z,television,5.842
2026-01-07T13:00:00Z,game_console,0.09
2026-01-07T13:00:00Z,printer,2.119
2026-01-07T13:05:00Z,refrigerator,2.563
2026-01-07T13:05:00Z,television,5.114
2026-01-07T13:05:00Z,game_console,0.155
2026-01-07T13:05:00Z,printer,2.361
2026-01-07T13:10:00Z,refrigerator,2.971
2026-01-07T13:10:00Z,television,5.55
2026-01-07T13:10:00Z,game_console,0.108
2026-01-07T13:10:00Z,printer,1.878
2026-01-07T13:15:00Z,refrigerator,3.032
2026-01-07T13:15:00Z,television,5.124
2026-01-07T13:15:00Z,game_console,0.768
2026-01-07T13:15:00Z,printer,2.213
2026-01-07T13:20:00Z,refrigerator,3.15
2026-01-07T13:20:00Z,television,5.4
2026-01-07T13:20:00Z,game_console,0.758
2026-01-07T13:20:00Z,printer,2.044
2026-01-07T13:25:00Z,refrigerator,1.931
2026-01-07T13:25:00Z,television,5.217
2026-01-07T13:25:00Z,game_console,0.554
2026-01-07T13:25:00Z,printer,2.364
2026-01-07T13:30:00Z,refrigerator,88.387
2026-01-07T13:30:00Z,television,4.812
2026-01-07T13:30:00Z,game_console,0.79
2026-01-07T13:30:00Z,printer,2.34
2026-01-07T13:35:00Z,refrigerator,87.765
2026-01-07T13:35:00Z,television,5.556
2026-01-07T13:35:00Z,game_console,0.497
2026-01-07T13:35:00Z,printer,1.915
2026-01-07T13:40:00Z,refrigerator,88.563
2026-01-07T13:40:00Z,television,4.982
2026-01-07T13:40:00Z,game_console,0.068
2026-01-07T13:40:00Z,printer,2.251
2026-01-07T13:45:00Z,refrigerator,87.422
2026-01-07T13:45:00Z,television,4.949
2026-01-07T13:45:00Z,game_console,0.601
2026-01-07T13:45:00Z,printer,1.86
2026-01-07T13:50:00Z,refrigerator,87.404
2026-01-07T13:50:00Z,television,5.247
2026-01-07T13:50:00Z,game_console,0.544
2026-01-07T13:50:00Z,printer,2.404
2026-01-07T13:55:00Z,refrigerator,3.679
2026-01-07T13:55:00Z,television,5.366
2026-01-07T13:55:00Z,game_console,0.214
2026-01-07T13:55:00Z,printer,2.355
2026-01-07T14:00:00Z,refrigerator,2.419
2026-01-07T14:00:00Z,television,4.631
2026-01-07T14:00:00Z,game_console,0.779
2026-01-07T14:00:00Z,printer,2.293
2026-01-07T14:05:00Z,refrigerator,3.346
2026-01-07T14:05:00Z,television,5.549
2026-01-07T14:05:00Z,game_console,0.646
2026-01-07T14:05:00Z,printer,2.275
2026-01-07T14:10:00Z,refrigerator,2.841
2026-01-07T14:10:00Z,television,5.747
2026-01-07T14:10:00Z,game_console,0.549
2026-01-07T14:10:00Z,printer,2.203
2026-01-07T14:15:00Z,refrigerator,2.234
2026-01-07T14:15:00Z,television,4.869
2026-01-07T14:15:00Z,game_console,0.111
2026-01-07T14:15:00Z,printer,1.857
2026-01-07T14:20:00Z,refrigerator,3.815
2026-01-07T14:20:00Z,television,5.777
2026-01-07T14:20:00Z,game_console,0.38
2026-01-07T14:20:00Z,printer,2.103
2026-01-07T14:25:00Z,refrigerator,2.596
2026-01-07T14:25:00Z,television,4.865
2026-01-07T14:25:00Z,game_console,0.637
2026-01-07T14:25:00Z,printer,2.5
2026-01-07T14:30:00Z,refrigerator,2.262
2026-01-07T14:30:00Z,television,5.369
2026-01-07T14:30:00Z,game_console,0.027
2026-01-07T14:30:00Z,printer,2.03
2026-01-07T14:35:00Z,refrigerator,3.742
2026-01-07T14:35:00Z,television,5.825
2026-01-07T14:35:00Z,game_console,0.874
2026-01-07T14:35:00Z,printer,2.405
2026-01-07T14:40:00Z,refrigerator,3.326
2026-01-07T14:40:00Z,television,4.6
2026-01-07T14:40:00Z,game_console,0.688
2026-01-07T14:40:00Z,printer,2.36
2026-01-07T14:45:00Z,refrigerator,4.134
2026-01-07T14:45:00Z,television,5.816
2026-01-07T14:45:00Z,game_console,0.862
2026-01-07T14:45:00Z,printer,2.161
2026-01-07T14:50:00Z,refrigerator,3.881
2026-01-07T14:50:00Z,television,5.439
2026-01-07T14:50:00Z,game_console,0.528
2026-01-07T14:50:00Z,printer,1.887
2026-01-07T14:55:00Z,refrigerator,2.777
2026-01-07T14:55:00Z,television,5.797
2026-01-07T14:55:00Z,game_console,0.557
2026-01-07T14:55:00Z,printer,1.869
2026-01-07T15:00:00Z,refrigerator,88.953
2026-01-07T15:00:00Z,television,5.008
2026-01-07T15:00:00Z,game_console,0.283
2026-01-07T15:00:00Z,printer,2.264
2026-01-07T15:05:00Z,refrigerator,87.836
2026-01-07T15:05:00Z,television,5.196
2026-01-07T15:05:00Z,game_console,0.087
2026-01-07T15:05:00Z,printer,2.545
2026-01-07T15:10:00Z,refrigerator,89.166
2026-01-07T15:10:00Z,television,4.727
2026-01-07T15:10:00Z,game_console,0.0
2026-01-07T15:10:00Z,printer,2.032
2026-01-07T15:15:00Z,refrigerator,87.342
2026-01-07T15:15:00Z,television,4.677
2026-01-07T15:15:00Z,game_console,0.576
2026-01-07T15:15:00Z,printer,1.887
2026-01-07T15:20:00Z,refrigerator,88.339
2026-01-07T15:20:00Z,television,5.604
2026-01-07T15:20:00Z,game_console,0.304
2026-01-07T15:20:00Z,printer,1.947
2026-01-07T15:25:00Z,refrigerator,3.035
2026-01-07T15:25:00Z,television,5.142
2026-01-07T15:25:00Z,game_console,0.543
2026-01-07T15:25:00Z,printer,2.118
2026-01-07T15:30:00Z,refrigerator,3.002
2026-01-07T15:30:00Z,television,5.317
2026-01-07T15:30:00Z,game_console,0.134
2026-01-07T15:30:00Z,printer,2.376
2026-01-07T15:35:00Z,refrigerator,3.752
2026-01-07T15:35:00Z,television,5.846
2026-01-07T15:35:00Z,game_console,0.41
2026-01-07T15:35:00Z,printer,1.962
2026-01-07T15:40:00Z,refrigerator,2.763
2026-01-07T15:40:00Z,television,5.183
2026-01-07T15:40:00Z,game_console,0.403
2026-01-07T15:40:00Z,printer,2.285
2026-01-07T15:45:00Z,refrigerator,2.88
2026-01-07T15:45:00Z,television,4.513
2026-01-07T15:45:00Z,game_console,0.286
2026-01-07T15:45:00Z,printer,1.876
2026-01-07T15:50:00Z,refrigerator,2.343
2026-01-07T15:50:00Z,television,5.479
2026-01-07T15:50:00Z,game_console,0.661
2026-01-07T15:50:00Z,printer,2.036
2026-01-07T15:55:00Z,refrigerator,2.798
2026-01-07T15:55:00Z,television,5.768
2026-01-07T15:55:00Z,game_console,0.182
2026-01-07T15:55:00Z,printer,2.505
2026-01-07T16:00:00Z,refrigerator,3.501
2026-01-07T16:00:00Z,television,5.898
2026-01-07T16:00:00Z,game_console,0.852
2026-01-07T16:00:00Z,printer,2.418
2026-01-07T16:05:00Z,refrigerator,2.653
2026-01-07T16:05:00Z,television,5.829
2026-01-07T16:05:00Z,game_console,0.438
2026-01-07T16:05:00Z,printer,2.242
2026-01-07T16:10:00Z,refrigerator,3.493
2026-01-07T16:10:00Z,television,4.909
2026-01-07T16:10:00Z,game_console,0.763
2026-01-07T16:10:00Z,printer,2.257
2026-01-07T16:15:00Z,refrigerator,4.203
2026-01-07T16:15:00Z,television,5.479
2026-01-07T16:15:00Z,game_console,0.0
2026-01-07T16:15:00Z,printer,1.975
2026-01-07T16:20:00Z,refrigerator,2.753
2026-01-07T16:20:00Z,television,5.646
2026-01-07T16:20:00Z,game_console,0.029
2026-01-07T16:20:00Z,printer,2.037
2026-01-07T16:25:00Z,refrigerator,1.968
2026-01-07T16:25:00Z,television,4.954
2026-01-07T16:25:00Z,game_console,0.65
2026-01-07T16:25:00Z,printer,2.535
2026-01-07T16:30:00Z,refrigerator,88.39
2026-01-07T16:30:00Z,television,5.777
2026-01-07T16:30:00Z,game_console,0.0
2026-01-07T16:30:00Z,printer,2.47
2026-01-07T16:35:00Z,refrigerator,88.375
2026-01-07T16:35:00Z,television,5.793
2026-01-07T16:35:00Z,game_console,0.063
2026-01-07T16:35:00Z,printer,2.487
2026-01-07T16:40:00Z,refrigerator,86.862
2026-01-07T16:40:00Z,television,4.757
2026-01-07T16:40:00Z,game_console,0.162
2026-01-07T16:40:00Z,printer,2.139
2026-01-07T16:45:00Z,refrigerator,309.276
2026-01-07T16:45:00Z,television,5.698
2026-01-07T16:45:00Z,game_console,0.307
2026-01-07T16:45:00Z,printer,1.862
2026-01-07T16:50:00Z,refrigerator,87.299
2026-01-07T16:50:00Z,television,4.879
2026-01-07T16:50:00Z,game_console,0.765
2026-01-07T16:50:00Z,printer,1.877
2026-01-07T16:55:00Z,refrigerator,2.075
2026-01-07T16:55:00Z,television,4.531
2026-01-07T16:55:00Z,game_console,0.544
2026-01-07T16:55:00Z,printer,2.203
2026-01-07T17:00:00Z,refrigerator,4.266
2026-01-07T17:00:00Z,television,5.372
2026-01-07T17:00:00Z,game_console,0.601
2026-01-07T17:00:00Z,printer,2.415
2026-01-07T17:05:00Z,refrigerator,3.178
2026-01-07T17:05:00Z,television,5.394
2026-01-07T17:05:00Z,game_console,0.329
2026-01-07T17:05:00Z,printer,2.474
2026-01-07T17:10:00Z,refrigerator,3.981
2026-01-07T17:10:00Z,television,5.022
2026-01-07T17:10:00Z,game_console,0.621
2026-01-07T17:10:00Z,printer,2.351
2026-01-07T17:15:00Z,refrigerator,3.312
2026-01-07T17:15:00Z,television,5.455
2026-01-07T17:15:00Z,game_console,0.0
2026-01-07T17:15:00Z,printer,2.458
2026-01-07T17:20:00Z,refrigerator,4.179
2026-01-07T17:20:00Z,television,5.49
2026-01-07T17:20:00Z,game_console,0.827
2026-01-07T17:20:00Z,printer,1.959
2026-01-07T17:25:00Z,refrigerator,3.606
2026-01-07T17:25:00Z,television,5.641
2026-01-07T17:25:00Z,game_console,0.696
2026-01-07T17:25:00Z,printer,2.142
2026-01-07T17:30:00Z,refrigerator,3.411
2026-01-07T17:30:00Z,television,5.323
2026-01-07T17:30:00Z,game_console,0.865
2026-01-07T17:30:00Z,printer,2.07
2026-01-07T17:35:00Z,refrigerator,4.144
2026-01-07T17:35:00Z,television,4.735
2026-01-07T17:35:00Z,game_console,0.501
2026-01-07T17:35:00Z,printer,1.922
2026-01-07T17:40:00Z,refrigerator,3.743
2026-01-07T17:40:00Z,television,5.16
2026-01-07T17:40:00Z,game_console,0.552
2026-01-07T17:40:00Z,printer,2.421
2026-01-07T17:45:00Z,refrigerator,2.761
2026-01-07T17:45:00Z,television,4.711
2026-01-07T17:45:00Z,game_console,0.248
2026-01-07T17:45:00Z,printer,2.053
2026-01-07T17:50:00Z,refrigerator,4.039
2026-01-07T17:50:00Z,television,5.579
2026-01-07T17:50:00Z,game_console,0.104
2026-01-07T17:50:00Z,printer,1.972
2026-01-07T17:55:00Z,refrigerator,3.823
2026-01-07T17:55:00Z,television,5.659
2026-01-07T17:55:00Z,game_console,0.107
2026-01-07T17:55:00Z,printer,2.139
2026-01-07T18:00:00Z,refrigerator,89.09
2026-01-07T18:00:00Z,television,71.606
2026-01-07T18:00:00Z,game_console,0.422
2026-01-07T18:00:00Z,printer,17.893
2026-01-07T18:05:00Z,refrigerator,86.941
2026-01-07T18:05:00Z,television,71.676
2026-01-07T18:05:00Z,game_console,0.678
2026-01-07T18:05:00Z,printer,18.071
2026-01-07T18:10:00Z,refrigerator,89.144
2026-01-07T18:10:00Z,television,72.698
2026-01-07T18:10:00Z,game_console,0.0
2026-01-07T18:10:00Z,printer,18.286
2026-01-07T18:15:00Z,refrigerator,87.922
2026-01-07T18:15:00Z,television,71.591
2026-01-07T18:15:00Z,game_console,0.156
2026-01-07T18:15:00Z,printer,18.142
2026-01-07T18:20:00Z,refrigerator,88.799
2026-01-07T18:20:00Z,television,72.504
2026-01-07T18:20:00Z,game_console,0.777
2026-01-07T18:20:00Z,printer,2.347
2026-01-07T18:25:00Z,refrigerator,3.159
2026-01-07T18:25:00Z,television,72.227
2026-01-07T18:25:00Z,game_console,0.847
2026-01-07T18:25:00Z,printer,2.061
2026-01-07T18:30:00Z,refrigerator,4.193
2026-01-07T18:30:00Z,television,72.261
2026-01-07T18:30:00Z,game_console,0.304
2026-01-07T18:30:00Z,printer,1.944
2026-01-07T18:35:00Z,refrigerator,2.125
2026-01-07T18:35:00Z,television,71.897
2026-01-07T18:35:00Z,game_console,0.332
2026-01-07T18:35:00Z,printer,2.112
2026-01-07T18:40:00Z,refrigerator,3.679
2026-01-07T18:40:00Z,television,71.564
2026-01-07T18:40:00Z,game_console,0.886
2026-01-07T18:40:00Z,printer,1.886
2026-01-07T18:45:00Z,refrigerator,2.407
2026-01-07T18:45:00Z,television,72.65
2026-01-07T18:45:00Z,game_console,0.677
2026-01-07T18:45:00Z,printer,2.392
2026-01-07T18:50:00Z,refrigerator,2.543
2026-01-07T18:50:00Z,television,72.662
2026-01-07T18:50:00Z,game_console,0.194
2026-01-07T18:50:00Z,printer,2.496
2026-01-07T18:55:00Z,refrigerator,3.328
2026-01-07T18:55:00Z,television,71.493
2026-01-07T18:55:00Z,game_console,0.006
2026-01-07T18:55:00Z,printer,2.48
2026-01-07T19:00:00Z,refrigerator,3.174
2026-01-07T19:00:00Z,television,72.109
2026-01-07T19:00:00Z,game_console,148.343
2026-01-07T19:00:00Z,printer,2.521
2026-01-07T19:05:00Z,refrigerator,3.297
2026-01-07T19:05:00Z,television,72.049
2026-01-07T19:05:00Z,game_console,147.776
2026-01-07T19:05:00Z,printer,2.029
2026-01-07T19:10:00Z,refrigerator,4.14
2026-01-07T19:10:00Z,television,72.461
2026-01-07T19:10:00Z,game_console,147.634
2026-01-07T19:10:00Z,printer,2.054
2026-01-07T19:15:00Z,refrigerator,2.931
2026-01-07T19:15:00Z,television,72.387
2026-01-07T19:15:00Z,game_console,147.596
2026-01-07T19:15:00Z,printer,2.08
2026-01-07T19:20:00Z,refrigerator,2.176
2026-01-07T19:20:00Z,television,71.307
2026-01-07T19:20:00Z,game_console,147.635
2026-01-07T19:20:00Z,printer,2.417
2026-01-07T19:25:00Z,refrigerator,1.986
2026-01-07T19:25:00Z,television,71.788
2026-01-07T19:25:00Z,game_console,148.426
2026-01-07T19:25:00Z,printer,2.221
2026-01-07T19:30:00Z,refrigerator,87.072
2026-01-07T19:30:00Z,television,71.38
2026-01-07T19:30:00Z,game_console,147.612
2026-01-07T19:30:00Z,printer,2.178
2026-01-07T19:35:00Z,refrigerator,87.425
2026-01-07T19:35:00Z,television,72.213
2026-01-07T19:35:00Z,game_console,147.633
2026-01-07T19:35:00Z,printer,2.267
2026-01-07T19:40:00Z,refrigerator,88.297
2026-01-07T19:40:00Z,television,72.284
2026-01-07T19:40:00Z,game_console,148.009
2026-01-07T19:40:00Z,printer,1.913
2026-01-07T19:45:00Z,refrigerator,87.792
2026-01-07T19:45:00Z,television,72.525
2026-01-07T19:45:00Z,game_console,148.291
2026-01-07T19:45:00Z,printer,2.462
2026-01-07T19:50:00Z,refrigerator,88.744
2026-01-07T19:50:00Z,television,71.341
2026-01-07T19:50:00Z,game_console,148.464
2026-01-07T19:50:00Z,printer,2.264
2026-01-07T19:55:00Z,refrigerator,2.077
2026-01-07T19:55:00Z,television,72.189
2026-01-07T19:55:00Z,game_console,147.895
2026-01-07T19:55:00Z,printer,2.326
2026-01-07T20:00:00Z,refrigerator,3.942
2026-01-07T20:00:00Z,television,71.96
2026-01-07T20:00:00Z,game_console,147.82
2026-01-07T20:00:00Z,printer,1.874
2026-01-07T20:05:00Z,refrigerator,2.7
2026-01-07T20:05:00Z,television,72.691
2026-01-07T20:05:00Z,game_console,148.021
2026-01-07T20:05:00Z,printer,2.459
2026-01-07T20:10:00Z,refrigerator,3.778
2026-01-07T20:10:00Z,television,72.586
2026-01-07T20:10:00Z,game_console,148.442
2026-01-07T20:10:00Z,printer,2.084
2026-01-07T20:15:00Z,refrigerator,3.769
2026-01-07T20:15:00Z,television,71.555
2026-01-07T20:15:00Z,game_console,148.015
2026-01-07T20:15:00Z,printer,1.939
2026-01-07T20:20:00Z,refrigerator,3.37
2026-01-07T20:20:00Z,television,71.429
2026-01-07T20:20:00Z,game_console,147.714
2026-01-07T20:20:00Z,printer,2.271
2026-01-07T20:25:00Z,refrigerator,2.493
2026-01-07T20:25:00Z,television,72.565
2026-01-07T20:25:00Z,game_console,148.469
2026-01-07T20:25:00Z,printer,1.977
2026-01-07T20:30:00Z,refrigerator,3.157
2026-01-07T20:30:00Z,television,71.393
2026-01-07T20:30:00Z,game_console,147.905
2026-01-07T20:30:00Z,printer,2.118
2026-01-07T20:35:00Z,refrigerator,3.791
2026-01-07T20:35:00Z,television,72.596
2026-01-07T20:35:00Z,game_console,147.764
2026-01-07T20:35:00Z,printer,2.363
2026-01-07T20:40:00Z,refrigerator,4.173
2026-01-07T20:40:00Z,television,71.966
2026-01-07T20:40:00Z,game_console,148.355
2026-01-07T20:40:00Z,printer,2.422
2026-01-07T20:45:00Z,refrigerator,3.48
2026-01-07T20:45:00Z,television,72.553
2026-01-07T20:45:00Z,game_console,148.246
2026-01-07T20:45:00Z,printer,2.334
2026-01-07T20:50:00Z,refrigerator,3.989
2026-01-07T20:50:00Z,television,72.244
2026-01-07T20:50:00Z,game_console,148.116
2026-01-07T20:50:00Z,printer,2.18
2026-01-07T20:55:00Z,refrigerator,2.836
2026-01-07T20:55:00Z,television,72.615
2026-01-07T20:55:00Z,game_console,148.496
2026-01-07T20:55:00Z,printer,2.41
2026-01-07T21:00:00Z,refrigerator,87.337
2026-01-07T21:00:00Z,television,72.081
2026-01-07T21:00:00Z,game_console,147.729
2026-01-07T21:00:00Z,printer,2.401
2026-01-07T21:05:00Z,refrigerator,86.921
2026-01-07T21:05:00Z,television,72.63
2026-01-07T21:05:00Z,game_console,147.92
2026-01-07T21:05:00Z,printer,2.235
2026-01-07T21:10:00Z,refrigerator,89.078
2026-01-07T21:10:00Z,television,71.752
2026-01-07T21:10:00Z,game_console,147.602
2026-01-07T21:10:00Z,printer,2.275
2026-01-07T21:15:00Z,refrigerator,87.651
2026-01-07T21:15:00Z,television,71.482
2026-01-07T21:15:00Z,game_console,148.195
2026-01-07T21:15:00Z,printer,2.458
2026-01-07T21:20:00Z,refrigerator,89.184
2026-01-07T21:20:00Z,television,71.623
2026-01-07T21:20:00Z,game_console,147.847
2026-01-07T21:20:00Z,printer,2.433
2026-01-07T21:25:00Z,refrigerator,3.653
2026-01-07T21:25:00Z,television,71.736
2026-01-07T21:25:00Z,game_console,148.409
2026-01-07T21:25:00Z,printer,2.363
2026-01-07T21:30:00Z,refrigerator,4.05
2026-01-07T21:30:00Z,television,72.342
2026-01-07T21:30:00Z,game_console,148.411
2026-01-07T21:30:00Z,printer,2.105
2026-01-07T21:35:00Z,refrigerator,4.161
2026-01-07T21:35:00Z,television,72.583
2026-01-07T21:35:00Z,game_console,147.989
2026-01-07T21:35:00Z,printer,2.345
2026-01-07T21:40:00Z,refrigerator,4.011
2026-01-07T21:40:00Z,television,72.083
2026-01-07T21:40:00Z,game_console,148.267
2026-01-07T21:40:00Z,printer,2.292
2026-01-07T21:45:00Z,refrigerator,4.01
2026-01-07T21:45:00Z,television,71.501
2026-01-07T21:45:00Z,game_console,147.878
2026-01-07T21:45:00Z,printer,2.154
2026-01-07T21:50:00Z,refrigerator,4.197
2026-01-07T21:50:00Z,television,72.543
2026-01-07T21:50:00Z,game_console,147.502
2026-01-07T21:50:00Z,printer,1.99
2026-01-07T21:55:00Z,refrigerator,3.221
2026-01-07T21:55:00Z,television,72.318
2026-01-07T21:55:00Z,game_console,148.395
2026-01-07T21:55:00Z,printer,1.871
2026-01-07T22:00:00Z,refrigerator,2.825
2026-01-07T22:00:00Z,television,5.799
2026-01-07T22:00:00Z,game_console,148.002
2026-01-07T22:00:00Z,printer,2.042
2026-01-07T22:05:00Z,refrigerator,3.203
2026-01-07T22:05:00Z,television,4.727
2026-01-07T22:05:00Z,game_console,147.674
2026-01-07T22:05:00Z,printer,1.985
2026-01-07T22:10:00Z,refrigerator,2.521
2026-01-07T22:10:00Z,television,5.809
2026-01-07T22:10:00Z,game_console,148.265
2026-01-07T22:10:00Z,printer,2.32
2026-01-07T22:15:00Z,refrigerator,3.734
2026-01-07T22:15:00Z,television,5.698
2026-01-07T22:15:00Z,game_console,148.15
2026-01-07T22:15:00Z,printer,2.199
2026-01-07T22:20:00Z,refrigerator,3.343
2026-01-07T22:20:00Z,television,4.947
2026-01-07T22:20:00Z,game_console,147.986
2026-01-07T22:20:00Z,printer,2.053
2026-01-07T22:25:00Z,refrigerator,2.177
2026-01-07T22:25:00Z,television,4.969
2026-01-07T22:25:00Z,game_console,148.472
2026-01-07T22:25:00Z,printer,2.06
2026-01-07T22:30:00Z,refrigerator,88.796
2026-01-07T22:30:00Z,television,5.145
2026-01-07T22:30:00Z,game_console,147.628
2026-01-07T22:30:00Z,printer,1.983
2026-01-07T22:35:00Z,refrigerator,88.618
2026-01-07T22:35:00Z,television,5.123
2026-01-07T22:35:00Z,game_console,148.268
2026-01-07T22:35:00Z,printer,1.868
2026-01-07T22:40:00Z,refrigerator,87.461
2026-01-07T22:40:00Z,television,5.347
2026-01-07T22:40:00Z,game_console,148.24
2026-01-07T22:40:00Z,printer,2.302
2026-01-07T22:45:00Z,refrigerator,87.853
2026-01-07T22:45:00Z,television,4.629
2026-01-07T22:45:00Z,game_console,148.314
2026-01-07T22:45:00Z,printer,2.037
2026-01-07T22:50:00Z,refrigerator,88.817
2026-01-07T22:50:00Z,television,5.271
2026-01-07T22:50:00Z,game_console,148.206
2026-01-07T22:50:00Z,printer,2.541
2026-01-07T22:55:00Z,refrigerator,3.321
2026-01-07T22:55:00Z,television,5.782
2026-01-07T22:55:00Z,game_console,148.039
2026-01-07T22:55:00Z,printer,1.945
2026-01-07T23:00:00Z,refrigerator,2.626
2026-01-07T23:00:00Z,television,5.217
2026-01-07T23:00:00Z,game_console,12.158
2026-01-07T23:00:00Z,printer,1.894
2026-01-07T23:05:00Z,refrigerator,3.086
2026-01-07T23:05:00Z,television,5.438
2026-01-07T23:05:00Z,game_console,11.837
2026-01-07T23:05:00Z,printer,2.098
2026-01-07T23:10:00Z,refrigerator,1.917
2026-01-07T23:10:00Z,television,5.753
2026-01-07T23:10:00Z,game_console,11.622
2026-01-07T23:10:00Z,printer,2.02
2026-01-07T23:15:00Z,refrigerator,2.71
2026-01-07T23:15:00Z,television,5.069
2026-01-07T23:15:00Z,game_console,11.832
2026-01-07T23:15:00Z,printer,2.14
2026-01-07T23:20:00Z,refrigerator,3.668
2026-01-07T23:20:00Z,television,4.752
2026-01-07T23:20:00Z,game_console,12.138
2026-01-07T23:20:00Z,printer,2.201
2026-01-07T23:25:00Z,refrigerator,2.295
2026-01-07T23:25:00Z,television,5.365
2026-01-07T23:25:00Z,game_console,12.155
2026-01-07T23:25:00Z,printer,2.262
2026-01-07T23:30:00Z,refrigerator,2.541
2026-01-07T23:30:00Z,television,5.539
2026-01-07T23:30:00Z,game_console,12.079
2026-01-07T23:30:00Z,printer,2.429
2026-01-07T23:35:00Z,refrigerator,3.478
2026-01-07T23:35:00Z,television,4.928
2026-01-07T23:35:00Z,game_console,11.812
2026-01-07T23:35:00Z,printer,2.462
2026-01-07T23:40:00Z,refrigerator,3.241
2026-01-07T23:40:00Z,television,4.629
2026-01-07T23:40:00Z,game_console,11.707
2026-01-07T23:40:00Z,printer,2.055
2026-01-07T23:45:00Z,refrigerator,3.247
2026-01-07T23:45:00Z,television,4.885
2026-01-07T23:45:00Z,game_console,12.037
2026-01-07T23:45:00Z,printer,2.144
2026-01-07T23:50:00Z,refrigerator,3.226
2026-01-07T23:50:00Z,television,4.544
2026-01-07T23:50:00Z,game_console,11.599
2026-01-07T23:50:00Z,printer,1.922
2026-01-07T23:55:00Z,refrigerator,4.188
2026-01-07T23:55:00Z,television,5.35
2026-01-07T23:55:00Z,game_console,11.657
2026-01-07T23:55:00Z,printer,2.145
2026-01-08T00:00:00Z,refrigerator,87.268
2026-01-08T00:00:00Z,television,5.02
2026-01-08T00:00:00Z,game_console,11.813
2026-01-08T00:00:00Z,printer,17.985
2026-01-08T00:05:00Z,refrigerator,88.516
2026-01-08T00:05:00Z,television,5.848
2026-01-08T00:05:00Z,game_console,12.257
2026-01-08T00:05:00Z,printer,17.89
2026-01-08T00:10:00Z,refrigerator,87.032
2026-01-08T00:10:00Z,television,5.63
2026-01-08T00:10:00Z,game_console,11.469
2026-01-08T00:10:00Z,printer,18.215
2026-01-08T00:15:00Z,refrigerator,87.709
2026-01-08T00:15:00Z,television,4.646
2026-01-08T00:15:00Z,game_console,12.043
2026-01-08T00:15:00Z,printer,17.784
2026-01-08T00:20:00Z,refrigerator,88.378
2026-01-08T00:20:00Z,television,4.756
2026-01-08T00:20:00Z,game_console,11.744
2026-01-08T00:20:00Z,printer,1.965
2026-01-08T00:25:00Z,refrigerator,2.531
2026-01-08T00:25:00Z,television,4.735
2026-01-08T00:25:00Z,game_console,12.24
2026-01-08T00:25:00Z,printer,1.879
2026-01-08T00:30:00Z,refrigerator,3.781
2026-01-08T00:30:00Z,television,5.896
2026-01-08T00:30:00Z,game_console,11.626
2026-01-08T00:30:00Z,printer,1.985
2026-01-08T00:35:00Z,refrigerator,3.147
2026-01-08T00:35:00Z,television,5.278
2026-01-08T00:35:00Z,game_console,12.136
2026-01-08T00:35:00Z,printer,2.259
2026-01-08T00:40:00Z,refrigerator,2.067
2026-01-08T00:40:00Z,television,4.519
2026-01-08T00:40:00Z,game_console,11.518
2026-01-08T00:40:00Z,printer,2.45
2026-01-08T00:45:00Z,refrigerator,2.217
2026-01-08T00:45:00Z,television,5.008
2026-01-08T00:45:00Z,game_console,12.228
2026-01-08T00:45:00Z,printer,2.106
2026-01-08T00:50:00Z,refrigerator,2.393
2026-01-08T00:50:00Z,television,5.582
2026-01-08T00:50:00Z,game_console,12.21
2026-01-08T00:50:00Z,printer,1.881
2026-01-08T00:55:00Z,refrigerator,2.16
2026-01-08T00:55:00Z,television,5.769
2026-01-08T00:55:00Z,game_console,11.959
2026-01-08T00:55:00Z,printer,2.189
2026-01-08T01:00:00Z,refrigerator,3.352
2026-01-08T01:00:00Z,television,5.202
2026-01-08T01:00:00Z,game_console,11.627
2026-01-08T01:00:00Z,printer,1.917
2026-01-08T01:05:00Z,refrigerator,2.3
2026-01-08T01:05:00Z,television,5.583
2026-01-08T01:05:00Z,game_console,12.203
2026-01-08T01:05:00Z,printer,2.331
2026-01-08T01:10:00Z,refrigerator,3.134
2026-01-08T01:10:00Z,television,4.783
2026-01-08T01:10:00Z,game_console,11.776
2026-01-08T01:10:00Z,printer,2.322
2026-01-08T01:15:00Z,refrigerator,2.377
2026-01-08T01:15:00Z,television,5.879
2026-01-08T01:15:00Z,game_console,11.335
2026-01-08T01:15:00Z,printer,2.019
2026-01-08T01:20:00Z,refrigerator,3.119
2026-01-08T01:20:00Z,television,5.115
2026-01-08T01:20:00Z,game_console,12.1
2026-01-08T01:20:00Z,printer,2.25
2026-01-08T01:25:00Z,refrigerator,2.918
2026-01-08T01:25:00Z,television,4.746
2026-01-08T01:25:00Z,game_console,11.47
2026-01-08T01:25:00Z,printer,1.86
2026-01-08T01:30:00Z,refrigerator,88.717
2026-01-08T01:30:00Z,television,5.814
2026-01-08T01:30:00Z,game_console,11.466
2026-01-08T01:30:00Z,printer,2.296
2026-01-08T01:35:00Z,refrigerator,87.436
2026-01-08T01:35:00Z,television,5.483
2026-01-08T01:35:00Z,game_console,11.633
2026-01-08T01:35:00Z,printer,2.433
2026-01-08T01:40:00Z,refrigerator,88.373
2026-01-08T01:40:00Z,television,5.313
2026-01-08T01:40:00Z,game_console,11.477
2026-01-08T01:40:00Z,printer,2.466
2026-01-08T01:45:00Z,refrigerator,87.325
2026-01-08T01:45:00Z,television,4.506
2026-01-08T01:45:00Z,game_console,12.175
2026-01-08T01:45:00Z,printer,2.442
2026-01-08T01:50:00Z,refrigerator,88.526
2026-01-08T01:50:00Z,television,4.929
2026-01-08T01:50:00Z,game_console,11.704
2026-01-08T01:50:00Z,printer,1.959
2026-01-08T01:55:00Z,refrigerator,4.253
2026-01-08T01:55:00Z,television,4.908
2026-01-08T01:55:00Z,game_console,11.634
2026-01-08T01:55:00Z,printer,1.998
2026-01-08T02:00:00Z,refrigerator,2.803
2026-01-08T02:00:00Z,television,4.618
2026-01-08T02:00:00Z,game_console,12.088
2026-01-08T02:00:00Z,printer,2.422
2026-01-08T02:05:00Z,refrigerator,3.656
2026-01-08T02:05:00Z,television,5.236
2026-01-08T02:05:00Z,game_console,11.395
2026-01-08T02:05:00Z,printer,2.019
2026-01-08T02:10:00Z,refrigerator,2.714
2026-01-08T02:10:00Z,television,5.462
2026-01-08T02:10:00Z,game_console,11.703
2026-01-08T02:10:00Z,printer,1.924
2026-01-08T02:15:00Z,refrigerator,3.807
2026-01-08T02:15:00Z,television,5.569
2026-01-08T02:15:00Z,game_console,11.991
2026-01-08T02:15:00Z,printer,2.482
2026-01-08T02:20:00Z,refrigerator,3.737
2026-01-08T02:20:00Z,television,4.673
2026-01-08T02:20:00Z,game_console,12.133
2026-01-08T02:20:00Z,printer,2.355
2026-01-08T02:25:00Z,refrigerator,3.349
2026-01-08T02:25:00Z,television,4.813
2026-01-08T02:25:00Z,game_console,12.139
2026-01-08T02:25:00Z,printer,1.952
2026-01-08T02:30:00Z,refrigerator,3.878
2026-01-08T02:30:00Z,television,5.186
2026-01-08T02:30:00Z,game_console,12.023
2026-01-08T02:30:00Z,printer,2.077
2026-01-08T02:35:00Z,refrigerator,3.975
2026-01-08T02:35:00Z,television,5.558
2026-01-08T02:35:00Z,game_console,12.144
2026-01-08T02:35:00Z,printer,2.42
2026-01-08T02:40:00Z,refrigerator,3.691
2026-01-08T02:40:00Z,television,4.544
2026-01-08T02:40:00Z,game_console,12.154
2026-01-08T02:40:00Z,printer,2.328
2026-01-08T02:45:00Z,refrigerator,2.33
2026-01-08T02:45:00Z,television,5.896
2026-01-08T02:45:00Z,game_console,11.937
2026-01-08T02:45:00Z,printer,1.872
2026-01-08T02:50:00Z,refrigerator,4.02
2026-01-08T02:50:00Z,television,4.978
2026-01-08T02:50:00Z,game_console,12.146
2026-01-08T02:50:00Z,printer,2.271
2026-01-08T02:55:00Z,refrigerator,2.342
2026-01-08T02:55:00Z,television,4.759
2026-01-08T02:55:00Z,game_console,11.89
2026-01-08T02:55:00Z,printer,2.137
2026-01-08T03:00:00Z,refrigerator,86.915
2026-01-08T03:00:00Z,television,5.325
2026-01-08T03:00:00Z,game_console,11.96
2026-01-08T03:00:00Z,printer,1.985
2026-01-08T03:05:00Z,refrigerator,87.802
2026-01-08T03:05:00Z,television,5.648
2026-01-08T03:05:00Z,game_console,12.033
2026-01-08T03:05:00Z,printer,1.869
2026-01-08T03:10:00Z,refrigerator,88.111
2026-01-08T03:10:00Z,television,5.297
2026-01-08T03:10:00Z,game_console,11.766
2026-01-08T03:10:00Z,printer,2.37
2026-01-08T03:15:00Z,refrigerator,88.367
2026-01-08T03:15:00Z,television,5.505
2026-01-08T03:15:00Z,game_console,11.47
2026-01-08T03:15:00Z,printer,2.278
2026-01-08T03:20:00Z,refrigerator,89.091
2026-01-08T03:20:00Z,television,5.413
2026-01-08T03:20:00Z,game_console,11.951
2026-01-08T03:20:00Z,printer,2.38
2026-01-08T03:25:00Z,refrigerator,3.852
2026-01-08T03:25:00Z,television,4.863
2026-01-08T03:25:00Z,game_console,11.555
2026-01-08T03:25:00Z,printer,2.022
2026-01-08T03:30:00Z,refrigerator,1.912
2026-01-08T03:30:00Z,television,4.654
2026-01-08T03:30:00Z,game_console,11.321
2026-01-08T03:30:00Z,printer,2.244
2026-01-08T03:35:00Z,refrigerator,4.019
2026-01-08T03:35:00Z,television,5.295
2026-01-08T03:35:00Z,game_console,11.358
2026-01-08T03:35:00Z,printer,2.419
2026-01-08T03:40:00Z,refrigerator,3.658
2026-01-08T03:40:00Z,television,4.68
2026-01-08T03:40:00Z,game_console,11.909
2026-01-08T03:40:00Z,printer,2.291
2026-01-08T03:45:00Z,refrigerator,3.356
2026-01-08T03:45:00Z,television,5.057
2026-01-08T03:45:00Z,game_console,11.51
2026-01-08T03:45:00Z,printer,2.516
2026-01-08T03:50:00Z,refrigerator,3.697
2026-01-08T03:50:00Z,television,5.112
2026-01-08T03:50:00Z,game_console,11.969
2026-01-08T03:50:00Z,printer,2.108
2026-01-08T03:55:00Z,refrigerator,2.552
2026-01-08T03:55:00Z,television,5.399
2026-01-08T03:55:00Z,game_console,12.125
2026-01-08T03:55:00Z,printer,2.308
2026-01-08T04:00:00Z,refrigerator,3.534
2026-01-08T04:00:00Z,television,5.199
2026-01-08T04:00:00Z,game_console,12.13
2026-01-08T04:00:00Z,printer,2.196
2026-01-08T04:05:00Z,refrigerator,2.889
2026-01-08T04:05:00Z,television,4.711
2026-01-08T04:05:00Z,game_console,11.562
2026-01-08T04:05:00Z,printer,2.052
2026-01-08T04:10:00Z,refrigerator,3.313
2026-01-08T04:10:00Z,television,4.711
2026-01-08T04:10:00Z,game_console,11.996
2026-01-08T04:10:00Z,printer,2.464
2026-01-08T04:15:00Z,refrigerator,3.716
2026-01-08T04:15:00Z,television,4.779
2026-01-08T04:15:00Z,game_console,11.577
2026-01-08T04:15:00Z,printer,2.09
2026-01-08T04:20:00Z,refrigerator,2.232
2026-01-08T04:20:00Z,television,5.162
2026-01-08T04:20:00Z,game_console,12.109
2026-01-08T04:20:00Z,printer,2.019
2026-01-08T04:25:00Z,refrigerator,3.124
2026-01-08T04:25:00Z,television,5.611
2026-01-08T04:25:00Z,game_console,12.187
2026-01-08T04:25:00Z,printer,2.413
2026-01-08T04:30:00Z,refrigerator,86.81
2026-01-08T04:30:00Z,television,5.495
2026-01-08T04:30:00Z,game_console,12.274
2026-01-08T04:30:00Z,printer,2.464
2026-01-08T04:35:00Z,refrigerator,86.937
2026-01-08T04:35:00Z,television,5.336
2026-01-08T04:35:00Z,game_console,11.801
2026-01-08T04:35:00Z,printer,2.463
2026-01-08T04:40:00Z,refrigerator,87.81
2026-01-08T04:40:00Z,television,5.897
2026-01-08T04:40:00Z,game_console,12.265
2026-01-08T04:40:00Z,printer,1.903
2026-01-08T04:45:00Z,refrigerator,86.977
2026-01-08T04:45:00Z,television,5.383
2026-01-08T04:45:00Z,game_console,11.923
2026-01-08T04:45:00Z,printer,2.109
2026-01-08T04:50:00Z,refrigerator,88.791
2026-01-08T04:50:00Z,television,5.462
2026-01-08T04:50:00Z,game_console,11.593
2026-01-08T04:50:00Z,printer,2.377
2026-01-08T04:55:00Z,refrigerator,3.861
2026-01-08T04:55:00Z,television,5.516
2026-01-08T04:55:00Z,game_console,11.582
2026-01-08T04:55:00Z,printer,1.952
2026-01-08T05:00:00Z,refrigerator,3.487
2026-01-08T05:00:00Z,television,5.567
2026-01-08T05:00:00Z,game_console,11.698
2026-01-08T05:00:00Z,printer,2.3
2026-01-08T05:05:00Z,refrigerator,3.699
2026-01-08T05:05:00Z,television,5.748
2026-01-08T05:05:00Z,game_console,11.957
2026-01-08T05:05:00Z,printer,1.976
2026-01-08T05:10:00Z,refrigerator,3.733
2026-01-08T05:10:00Z,television,4.78
2026-01-08T05:10:00Z,game_console,11.48
2026-01-08T05:10:00Z,printer,1.957
2026-01-08T05:15:00Z,refrigerator,2.292
2026-01-08T05:15:00Z,television,5.265
2026-01-08T05:15:00Z,game_console,11.867
2026-01-08T05:15:00Z,printer,2.168
2026-01-08T05:20:00Z,refrigerator,2.52
2026-01-08T05:20:00Z,television,4.838
2026-01-08T05:20:00Z,game_console,11.396
2026-01-08T05:20:00Z,printer,1.893
2026-01-08T05:25:00Z,refrigerator,2.338
2026-01-08T05:25:00Z,television,4.87
2026-01-08T05:25:00Z,game_console,11.577
2026-01-08T05:25:00Z,printer,1.986
2026-01-08T05:30:00Z,refrigerator,3.839
2026-01-08T05:30:00Z,television,5.858
2026-01-08T05:30:00Z,game_console,12.137
2026-01-08T05:30:00Z,printer,2.171
2026-01-08T05:35:00Z,refrigerator,3.627
2026-01-08T05:35:00Z,television,5.375
2026-01-08T05:35:00Z,game_console,11.926
2026-01-08T05:35:00Z,printer,2.148
2026-01-08T05:40:00Z,refrigerator,3.308
2026-01-08T05:40:00Z,television,4.816
2026-01-08T05:40:00Z,game_console,11.97
2026-01-08T05:40:00Z,printer,2.34
2026-01-08T05:45:00Z,refrigerator,2.897
2026-01-08T05:45:00Z,television,4.586
2026-01-08T05:45:00Z,game_console,12.2
2026-01-08T05:45:00Z,printer,2.392
2026-01-08T05:50:00Z,refrigerator,3.05
2026-01-08T05:50:00Z,television,5.867
2026-01-08T05:50:00Z,game_console,12.27
2026-01-08T05:50:00Z,printer,2.408
2026-01-08T05:55:00Z,refrigerator,2.3
2026-01-08T05:55:00Z,television,5.66
2026-01-08T05:55:00Z,game_console,11.652
2026-01-08T05:55:00Z,printer,2.414
2026-01-08T06:00:00Z,refrigerator,88.704
2026-01-08T06:00:00Z,television,4.524
2026-01-08T06:00:00Z,game_console,11.734
2026-01-08T06:00:00Z,printer,18.178
2026-01-08T06:05:00Z,refrigerator,88.747
2026-01-08T06:05:00Z,television,5.49
2026-01-08T06:05:00Z,game_console,12.232
2026-01-08T06:05:00Z,printer,17.923
2026-01-08T06:10:00Z,refrigerator,87.888
2026-01-08T06:10:00Z,television,5.024
2026-01-08T06:10:00Z,game_console,11.387
2026-01-08T06:10:00Z,printer,18.235
2026-01-08T06:15:00Z,refrigerator,88.924
2026-01-08T06:15:00Z,television,5.875
2026-01-08T06:15:00Z,game_console,12.064
2026-01-08T06:15:00Z,printer,17.826
2026-01-08T06:20:00Z,refrigerator,89.083
2026-01-08T06:20:00Z,television,5.237
2026-01-08T06:20:00Z,game_console,11.626
2026-01-08T06:20:00Z,printer,1.859
2026-01-08T06:25:00Z,refrigerator,3.503
2026-01-08T06:25:00Z,television,5.519
2026-01-08T06:25:00Z,game_console,11.843
2026-01-08T06:25:00Z,printer,2.387
2026-01-08T06:30:00Z,refrigerator,2.928
2026-01-08T06:30:00Z,television,5.361
2026-01-08T06:30:00Z,game_console,12.263
2026-01-08T06:30:00Z,printer,2.234
2026-01-08T06:35:00Z,refrigerator,3.499
2026-01-08T06:35:00Z,television,4.555
2026-01-08T06:35:00Z,game_console,11.729
2026-01-08T06:35:00Z,printer,2.059
2026-01-08T06:40:00Z,refrigerator,3.841
2026-01-08T06:40:00Z,television,5.339
2026-01-08T06:40:00Z,game_console,11.757
2026-01-08T06:40:00Z,printer,2.05
2026-01-08T06:45:00Z,refrigerator,3.163
2026-01-08T06:45:00Z,television,4.561
2026-01-08T06:45:00Z,game_console,11.354
2026-01-08T06:45:00Z,printer,2.36
2026-01-08T06:50:00Z,refrigerator,2.162
2026-01-08T06:50:00Z,television,4.869
2026-01-08T06:50:00Z,game_console,12.141
2026-01-08T06:50:00Z,printer,2.157
2026-01-08T06:55:00Z,refrigerator,2.525
2026-01-08T06:55:00Z,television,5.775
2026-01-08T06:55:00Z,game_console,11.818
2026-01-08T06:55:00Z,printer,1.956
2026-01-08T07:00:00Z,refrigerator,2.302
2026-01-08T07:00:00Z,television,4.732
2026-01-08T07:00:00Z,game_console,0.0
2026-01-08T07:00:00Z,printer,2.081
2026-01-08T07:05:00Z,refrigerator,2.62
2026-01-08T07:05:00Z,television,4.844
2026-01-08T07:05:00Z,game_console,0.33
2026-01-08T07:05:00Z,printer,2.071
2026-01-08T07:10:00Z,refrigerator,2.06
2026-01-08T07:10:00Z,television,5.026
2026-01-08T07:10:00Z,game_console,0.512
2026-01-08T07:10:00Z,printer,2.411
2026-01-08T07:15:00Z,refrigerator,3.595
2026-01-08T07:15:00Z,television,5.599
2026-01-08T07:15:00Z,game_console,0.349
2026-01-08T07:15:00Z,printer,2.312
2026-01-08T07:20:00Z,refrigerator,3.09
2026-01-08T07:20:00Z,television,4.786
2026-01-08T07:20:00Z,game_console,0.226
2026-01-08T07:20:00Z,printer,2.277
2026-01-08T07:25:00Z,refrigerator,2.03
2026-01-08T07:25:00Z,television,5.017
2026-01-08T07:25:00Z,game_console,0.674
2026-01-08T07:25:00Z,printer,2.048
2026-01-08T07:30:00Z,refrigerator,88.855
2026-01-08T07:30:00Z,television,5.36
2026-01-08T07:30:00Z,game_console,0.226
2026-01-08T07:30:00Z,printer,2.058
2026-01-08T07:35:00Z,refrigerator,88.883
2026-01-08T07:35:00Z,television,5.514
2026-01-08T07:35:00Z,game_console,0.764
2026-01-08T07:35:00Z,printer,1.969
2026-01-08T07:40:00Z,refrigerator,87.157
2026-01-08T07:40:00Z,television,5.351
2026-01-08T07:40:00Z,game_console,0.03
2026-01-08T07:40:00Z,printer,2.053
2026-01-08T07:45:00Z,refrigerator,88.199
2026-01-08T07:45:00Z,television,4.576
2026-01-08T07:45:00Z,game_console,0.538
2026-01-08T07:45:00Z,printer,2.296
2026-01-08T07:50:00Z,refrigerator,88.29
2026-01-08T07:50:00Z,television,5.287
2026-01-08T07:50:00Z,game_console,0.712
2026-01-08T07:50:00Z,printer,2.268
2026-01-08T07:55:00Z,refrigerator,3.202
2026-01-08T07:55:00Z,television,4.68
2026-01-08T07:55:00Z,game_console,0.722
2026-01-08T07:55:00Z,printer,2.506
2026-01-08T08:00:00Z,refrigerator,3.95
2026-01-08T08:00:00Z,television,4.738
2026-01-08T08:00:00Z,game_console,0.068
2026-01-08T08:00:00Z,printer,2.15
2026-01-08T08:05:00Z,refrigerator,2.364
2026-01-08T08:05:00Z,television,5.244
2026-01-08T08:05:00Z,game_console,0.481
2026-01-08T08:05:00Z,printer,1.988
2026-01-08T08:10:00Z,refrigerator,2.762
2026-01-08T08:10:00Z,television,4.964
2026-01-08T08:10:00Z,game_console,0.808
2026-01-08T08:10:00Z,printer,1.899
2026-01-08T08:15:00Z,refrigerator,2.202
2026-01-08T08:15:00Z,television,5.383
2026-01-08T08:15:00Z,game_console,0.0
2026-01-08T08:15:00Z,printer,2.127
2026-01-08T08:20:00Z,refrigerator,3.85
2026-01-08T08:20:00Z,television,4.793
2026-01-08T08:20:00Z,game_console,0.218
2026-01-08T08:20:00Z,printer,1.867
2026-01-08T08:25:00Z,refrigerator,1.901
2026-01-08T08:25:00Z,television,5.289
2026-01-08T08:25:00Z,game_console,0.732
2026-01-08T08:25:00Z,printer,2.319
2026-01-08T08:30:00Z,refrigerator,3.237
2026-01-08T08:30:00Z,television,5.776
2026-01-08T08:30:00Z,game_console,0.575
2026-01-08T08:30:00Z,printer,1.894
2026-01-08T08:35:00Z,refrigerator,3.5
2026-01-08T08:35:00Z,television,5.223
2026-01-08T08:35:00Z,game_console,0.555
2026-01-08T08:35:00Z,printer,2.355
2026-01-08T08:40:00Z,refrigerator,2.516
2026-01-08T08:40:00Z,television,5.796
2026-01-08T08:40:00Z,game_console,0.247
2026-01-08T08:40:00Z,printer,2.293
2026-01-08T08:45:00Z,refrigerator,3.128
2026-01-08T08:45:00Z,television,5.554
2026-01-08T08:45:00Z,game_console,0.324
2026-01-08T08:45:00Z,printer,1.921
2026-01-08T08:50:00Z,refrigerator,2.205
2026-01-08T08:50:00Z,television,4.943
2026-01-08T08:50:00Z,game_console,0.748
2026-01-08T08:50:00Z,printer,2.2
2026-01-08T08:55:00Z,refrigerator,2.726
2026-01-08T08:55:00Z,television,5.816
2026-01-08T08:55:00Z,game_console,0.016
2026-01-08T08:55:00Z,printer,1.882
2026-01-08T09:00:00Z,refrigerator,86.987
2026-01-08T09:00:00Z,television,5.073
2026-01-08T09:00:00Z,game_console,0.153
2026-01-08T09:00:00Z,printer,1.893
2026-01-08T09:05:00Z,refrigerator,89.052
2026-01-08T09:05:00Z,television,4.891
2026-01-08T09:05:00Z,game_console,0.87
2026-01-08T09:05:00Z,printer,2.119
2026-01-08T09:10:00Z,refrigerator,87.521
2026-01-08T09:10:00Z,television,5.541
2026-01-08T09:10:00Z,game_console,0.224
2026-01-08T09:10:00Z,printer,2.136
2026-01-08T09:15:00Z,refrigerator,87.909
2026-01-08T09:15:00Z,television,5.444
2026-01-08T09:15:00Z,game_console,0.433
2026-01-08T09:15:00Z,printer,1.859
2026-01-08T09:20:00Z,refrigerator,89.001
2026-01-08T09:20:00Z,television,4.695
2026-01-08T09:20:00Z,game_console,0.467
2026-01-08T09:20:00Z,printer,2.265
2026-01-08T09:25:00Z,refrigerator,2.611
2026-01-08T09:25:00Z,television,4.896
2026-01-08T09:25:00Z,game_console,0.179
2026-01-08T09:25:00Z,printer,2.183
2026-01-08T09:30:00Z,refrigerator,3.272
2026-01-08T09:30:00Z,television,4.961
2026-01-08T09:30:00Z,game_console,0.51
2026-01-08T09:30:00Z,printer,2.519
2026-01-08T09:35:00Z,refrigerator,3.909
2026-01-08T09:35:00Z,television,4.643
2026-01-08T09:35:00Z,game_console,0.835
2026-01-08T09:35:00Z,printer,2.094
2026-01-08T09:40:00Z,refrigerator,2.067
2026-01-08T09:40:00Z,television,5.768
2026-01-08T09:40:00Z,game_console,0.357
2026-01-08T09:40:00Z,printer,2.122
2026-01-08T09:45:00Z,refrigerator,2.124
2026-01-08T09:45:00Z,television,5.857
2026-01-08T09:45:00Z,game_console,0.867
2026-01-08T09:45:00Z,printer,2.086
2026-01-08T09:50:00Z,refrigerator,3.494
2026-01-08T09:50:00Z,television,4.995
2026-01-08T09:50:00Z,game_console,0.0
2026-01-08T09:50:00Z,printer,1.944
2026-01-08T09:55:00Z,refrigerator,4.127
2026-01-08T09:55:00Z,television,5.357
2026-01-08T09:55:00Z,game_console,0.246
2026-01-08T09:55:00Z,printer,1.897
2026-01-08T10:00:00Z,refrigerator,4.082
2026-01-08T10:00:00Z,television,5.04
2026-01-08T10:00:00Z,game_console,0.616
2026-01-08T10:00:00Z,printer,2.489
2026-01-08T10:05:00Z,refrigerator,2.385
2026-01-08T10:05:00Z,television,4.989
2026-01-08T10:05:00Z,game_console,0.61
2026-01-08T10:05:00Z,printer,1.895
2026-01-08T10:10:00Z,refrigerator,2.455
2026-01-08T10:10:00Z,television,5.315
2026-01-08T10:10:00Z,game_console,0.24
2026-01-08T10:10:00Z,printer,1.864
2026-01-08T10:15:00Z,refrigerator,3.197
2026-01-08T10:15:00Z,television,5.798
2026-01-08T10:15:00Z,game_console,0.183
2026-01-08T10:15:00Z,printer,2.272
2026-01-08T10:20:00Z,refrigerator,4.153
2026-01-08T10:20:00Z,television,4.8
2026-01-08T10:20:00Z,game_console,0.607
2026-01-08T10:20:00Z,printer,2.475
2026-01-08T10:25:00Z,refrigerator,3.745
2026-01-08T10:25:00Z,television,5.659
2026-01-08T10:25:00Z,game_console,0.175
2026-01-08T10:25:00Z,printer,2.115
2026-01-08T10:30:00Z,refrigerator,88.927
2026-01-08T10:30:00Z,television,5.278
2026-01-08T10:30:00Z,game_console,0.128
2026-01-08T10:30:00Z,printer,2.122
2026-01-08T10:35:00Z,refrigerator,88.51
2026-01-08T10:35:00Z,television,5.824
2026-01-08T10:35:00Z,game_console,0.214
2026-01-08T10:35:00Z,printer,1.856
2026-01-08T10:40:00Z,refrigerator,88.611
2026-01-08T10:40:00Z,television,4.953
2026-01-08T10:40:00Z,game_console,0.81
2026-01-08T10:40:00Z,printer,2.248
2026-01-08T10:45:00Z,refrigerator,86.861
2026-01-08T10:45:00Z,television,5.258
2026-01-08T10:45:00Z,game_console,0.843
2026-01-08T10:45:00Z,printer,1.921
2026-01-08T10:50:00Z,refrigerator,86.936
2026-01-08T10:50:00Z,television,5.182
2026-01-08T10:50:00Z,game_console,0.046
2026-01-08T10:50:00Z,printer,2.497
2026-01-08T10:55:00Z,refrigerator,3.197
2026-01-08T10:55:00Z,television,5.283
2026-01-08T10:55:00Z,game_console,0.239
2026-01-08T10:55:00Z,printer,2.092
2026-01-08T11:00:00Z,refrigerator,2.501
2026-01-08T11:00:00Z,television,5.552
2026-01-08T11:00:00Z,game_console,0.899
2026-01-08T11:00:00Z,printer,2.25
2026-01-08T11:05:00Z,refrigerator,2.796
2026-01-08T11:05:00Z,television,5.229
2026-01-08T11:05:00Z,game_console,0.261
2026-01-08T11:05:00Z,printer,2.235
2026-01-08T11:10:00Z,refrigerator,3.582
2026-01-08T11:10:00Z,television,5.721
2026-01-08T11:10:00Z,game_console,0.188
2026-01-08T11:10:00Z,printer,2.511
2026-01-08T11:15:00Z,refrigerator,2.657
2026-01-08T11:15:00Z,television,5.308
2026-01-08T11:15:00Z,game_console,0.412
2026-01-08T11:15:00Z,printer,2.145
2026-01-08T11:20:00Z,refrigerator,2.71
2026-01-08T11:20:00Z,television,5.294
2026-01-08T11:20:00Z,game_console,0.0
2026-01-08T11:20:00Z,printer,2.352
2026-01-08T11:25:00Z,refrigerator,2.224
2026-01-08T11:25:00Z,television,4.585
2026-01-08T11:25:00Z,game_console,0.365
2026-01-08T11:25:00Z,printer,2.019
2026-01-08T11:30:00Z,refrigerator,2.901
2026-01-08T11:30:00Z,television,4.996
2026-01-08T11:30:00Z,game_console,0.288
2026-01-08T11:30:00Z,printer,2.436
2026-01-08T11:35:00Z,refrigerator,3.712
2026-01-08T11:35:00Z,television,5.864
2026-01-08T11:35:00Z,game_console,0.782
2026-01-08T11:35:00Z,printer,2.387
2026-01-08T11:40:00Z,refrigerator,3.839
2026-01-08T11:40:00Z,television,5.737
2026-01-08T11:40:00Z,game_console,0.819
2026-01-08T11:40:00Z,printer,2.061
2026-01-08T11:45:00Z,refrigerator,3.763
2026-01-08T11:45:00Z,television,4.601
2026-01-08T11:45:00Z,game_console,0.486
2026-01-08T11:45:00Z,printer,1.872
2026-01-08T11:50:00Z,refrigerator,3.56
2026-01-08T11:50:00Z,television,5.274
2026-01-08T11:50:00Z,game_console,0.298
2026-01-08T11:50:00Z,printer,2.276
2026-01-08T11:55:00Z,refrigerator,2.365
2026-01-08T11:55:00Z,television,5.737
2026-01-08T11:55:00Z,game_console,0.483
2026-01-08T11:55:00Z,printer,2.397
2026-01-08T12:00:00Z,refrigerator,87.426
2026-01-08T12:00:00Z,television,5.704
2026-01-08T12:00:00Z,game_console,0.382
2026-01-08T12:00:00Z,printer,18.327
2026-01-08T12:05:00Z,refrigerator,87.59
2026-01-08T12:05:00Z,television,5.602
2026-01-08T12:05:00Z,game_console,0.539
2026-01-08T12:05:00Z,printer,17.781
2026-01-08T12:10:00Z,refrigerator,87.601
2026-01-08T12:10:00Z,television,4.89
2026-01-08T12:10:00Z,game_console,0.329
2026-01-08T12:10:00Z,printer,17.745
2026-01-08T12:15:00Z,refrigerator,87.752
2026-01-08T12:15:00Z,television,5.54
2026-01-08T12:15:00Z,game_console,0.407
2026-01-08T12:15:00Z,printer,17.77
2026-01-08T12:20:00Z,refrigerator,87.544
2026-01-08T12:20:00Z,television,4.945
2026-01-08T12:20:00Z,game_console,0.679
2026-01-08T12:20:00Z,printer,2.469
2026-01-08T12:25:00Z,refrigerator,3.63
2026-01-08T12:25:00Z,television,4.544
2026-01-08T12:25:00Z,game_console,0.708
2026-01-08T12:25:00Z,printer,1.959
2026-01-08T12:30:00Z,refrigerator,2.159
2026-01-08T12:30:00Z,television,4.768
2026-01-08T12:30:00Z,game_console,0.0
2026-01-08T12:30:00Z,printer,2.509
2026-01-08T12:35:00Z,refrigerator,3.617
2026-01-08T12:35:00Z,television,5.146
2026-01-08T12:35:00Z,game_console,0.889
2026-01-08T12:35:00Z,printer,2.164
2026-01-08T12:40:00Z,refrigerator,3.245
2026-01-08T12:40:00Z,television,5.215
2026-01-08T12:40:00Z,game_console,0.0
2026-01-08T12:40:00Z,printer,1.91
2026-01-08T12:45:00Z,refrigerator,3.513
2026-01-08T12:45:00Z,television,5.583
2026-01-08T12:45:00Z,game_console,0.652
2026-01-08T12:45:00Z,printer,2.01
2026-01-08T12:50:00Z,refrigerator,3.011
2026-01-08T12:50:00Z,television,5.188
2026-01-08T12:50:00Z,game_console,0.456
2026-01-08T12:50:00Z,printer,2.531
2026-01-08T12:55:00Z,refrigerator,2.288
2026-01-08T12:55:00Z,television,4.936
2026-01-08T12:55:00Z,game_console,0.878
2026-01-08T12:55:00Z,printer,2.089
2026-01-08T13:00:00Z,refrigerator,2.133
2026-01-08T13:00:00Z,television,4.729
2026-01-08T13:00:00Z,game_console,0.309
2026-01-08T13:00:00Z,printer,2.386
2026-01-08T13:05:00Z,refrigerator,3.398
2026-01-08T13:05:00Z,television,5.181
2026-01-08T13:05:00Z,game_console,0.678
2026-01-08T13:05:00Z,printer,2.118
2026-01-08T13:10:00Z,refrigerator,2.716
2026-01-08T13:10:00Z,television,5.376
2026-01-08T13:10:00Z,game_console,0.021
2026-01-08T13:10:00Z,printer,2.45
2026-01-08T13:15:00Z,refrigerator,1.921
2026-01-08T13:15:00Z,television,5.226
2026-01-08T13:15:00Z,game_console,0.315
2026-01-08T13:15:00Z,printer,2.269
2026-01-08T13:20:00Z,refrigerator,4.163
2026-01-08T13:20:00Z,television,4.698
2026-01-08T13:20:00Z,game_console,0.76
2026-01-08T13:20:00Z,printer,1.929
2026-01-08T13:25:00Z,refrigerator,3.402
2026-01-08T13:25:00Z,television,5.486
2026-01-08T13:25:00Z,game_console,0.0
2026-01-08T13:25:00Z,printer,2.52
2026-01-08T13:30:00Z,refrigerator,89.05
2026-01-08T13:30:00Z,television,5.659
2026-01-08T13:30:00Z,game_console,0.774
2026-01-08T13:30:00Z,printer,2.332
2026-01-08T13:35:00Z,refrigerator,88.934
2026-01-08T13:35:00Z,television,4.91
2026-01-08T13:35:00Z,game_console,0.685
2026-01-08T13:35:00Z,printer,2.295
2026-01-08T13:40:00Z,refrigerator,89.042
2026-01-08T13:40:00Z,television,4.754
2026-01-08T13:40:00Z,game_console,0.106
2026-01-08T13:40:00Z,printer,1.879
2026-01-08T13:45:00Z,refrigerator,88.279
2026-01-08T13:45:00Z,television,4.882
2026-01-08T13:45:00Z,game_console,0.136
2026-01-08T13:45:00Z,printer,2.189
2026-01-08T13:50:00Z,refrigerator,86.845
2026-01-08T13:50:00Z,television,4.928
2026-01-08T13:50:00Z,game_console,0.672
2026-01-08T13:50:00Z,printer,2.025
2026-01-08T13:55:00Z,refrigerator,2.125
2026-01-08T13:55:00Z,television,5.263
2026-01-08T13:55:00Z,game_console,0.034
2026-01-08T13:55:00Z,printer,2.369
2026-01-08T14:00:00Z,refrigerator,2.826
2026-01-08T14:00:00Z,television,4.899
2026-01-08T14:00:00Z,game_console,0.47
2026-01-08T14:00:00Z,printer,2.071
2026-01-08T14:05:00Z,refrigerator,2.692
2026-01-08T14:05:00Z,television,5.069
2026-01-08T14:05:00Z,game_console,0.622
2026-01-08T14:05:00Z,printer,1.865
2026-01-08T14:10:00Z,refrigerator,3.38
2026-01-08T14:10:00Z,television,4.863
2026-01-08T14:10:00Z,game_console,0.864
2026-01-08T14:10:00Z,printer,2.113
2026-01-08T14:15:00Z,refrigerator,2.996
2026-01-08T14:15:00Z,television,5.57
2026-01-08T14:15:00Z,game_console,0.615
2026-01-08T14:15:00Z,printer,2.23
2026-01-08T14:20:00Z,refrigerator,2.726
2026-01-08T14:20:00Z,television,5.686
2026-01-08T14:20:00Z,game_console,0.022
2026-01-08T14:20:00Z,printer,1.892
2026-01-08T14:25:00Z,refrigerator,2.734
2026-01-08T14:25:00Z,television,4.602
2026-01-08T14:25:00Z,game_console,0.401
2026-01-08T14:25:00Z,printer,2.395
2026-01-08T14:30:00Z,refrigerator,2.756
2026-01-08T14:30:00Z,television,5.729
2026-01-08T14:30:00Z,game_console,0.034
2026-01-08T14:30:00Z,printer,2.276
2026-01-08T14:35:00Z,refrigerator,3.193
2026-01-08T14:35:00Z,television,5.558
2026-01-08T14:35:00Z,game_console,0.336
2026-01-08T14:35:00Z,printer,2.389
2026-01-08T14:40:00Z,refrigerator,3.216
2026-01-08T14:40:00Z,television,4.731
2026-01-08T14:40:00Z,game_console,0.856
2026-01-08T14:40:00Z,printer,2.432
2026-01-08T14:45:00Z,refrigerator,2.699
2026-01-08T14:45:00Z,television,4.867
2026-01-08T14:45:00Z,game_console,0.298
2026-01-08T14:45:00Z,printer,2.276
2026-01-08T14:50:00Z,refrigerator,3.78
2026-01-08T14:50:00Z,television,4.906
2026-01-08T14:50:00Z,game_console,0.172
2026-01-08T14:50:00Z,printer,1.958
2026-01-08T14:55:00Z,refrigerator,3.773
2026-01-08T14:55:00Z,television,4.6
2026-01-08T14:55:00Z,game_console,0.0
2026-01-08T14:55:00Z,printer,2.539
2026-01-08T15:00:00Z,refrigerator,87.56
2026-01-08T15:00:00Z,television,4.77
2026-01-08T15:00:00Z,game_console,0.673
2026-01-08T15:00:00Z,printer,2.348
2026-01-08T15:05:00Z,refrigerator,86.879
2026-01-08T15:05:00Z,television,5.43
2026-01-08T15:05:00Z,game_console,0.507
2026-01-08T15:05:00Z,printer,2.442
2026-01-08T15:10:00Z,refrigerator,88.888
2026-01-08T15:10:00Z,television,5.86
2026-01-08T15:10:00Z,game_console,0.314
2026-01-08T15:10:00Z,printer,2.166
2026-01-08T15:15:00Z,refrigerator,88.687
2026-01-08T15:15:00Z,television,5.873
2026-01-08T15:15:00Z,game_console,0.753
2026-01-08T15:15:00Z,printer,2.305
2026-01-08T15:20:00Z,refrigerator,88.325
2026-01-08T15:20:00Z,television,5.303
2026-01-08T15:20:00Z,game_console,0.115
2026-01-08T15:20:00Z,printer,2.428
2026-01-08T15:25:00Z,refrigerator,2.571
2026-01-08T15:25:00Z,television,5.862
2026-01-08T15:25:00Z,game_console,0.024
2026-01-08T15:25:00Z,printer,1.993
2026-01-08T15:30:00Z,refrigerator,3.155
2026-01-08T15:30:00Z,television,4.887
2026-01-08T15:30:00Z,game_console,0.707
2026-01-08T15:30:00Z,printer,2.324
2026-01-08T15:35:00Z,refrigerator,3.448
2026-01-08T15:35:00Z,television,5.339
2026-01-08T15:35:00Z,game_console,0.35
2026-01-08T15:35:00Z,printer,2.055
2026-01-08T15:40:00Z,refrigerator,3.77
2026-01-08T15:40:00Z,television,4.588
2026-01-08T15:40:00Z,game_console,0.161
2026-01-08T15:40:00Z,printer,2.319
2026-01-08T15:45:00Z,refrigerator,2.44
2026-01-08T15:45:00Z,television,5.574
2026-01-08T15:45:00Z,game_console,0.611
2026-01-08T15:45:00Z,printer,2.414
2026-01-08T15:50:00Z,refrigerator,2.627
2026-01-08T15:50:00Z,television,5.845
2026-01-08T15:50:00Z,game_console,0.828
2026-01-08T15:50:00Z,printer,2.367
2026-01-08T15:55:00Z,refrigerator,2.69
2026-01-08T15:55:00Z,television,4.912
2026-01-08T15:55:00Z,game_console,0.392
2026-01-08T15:55:00Z,printer,2.408
2026-01-08T16:00:00Z,refrigerator,3.888
2026-01-08T16:00:00Z,television,5.571
2026-01-08T16:00:00Z,game_console,0.098
2026-01-08T16:00:00Z,printer,2.349
2026-01-08T16:05:00Z,refrigerator,2.577
2026-01-08T16:05:00Z,television,5.526
2026-01-08T16:05:00Z,game_console,0.697
2026-01-08T16:05:00Z,printer,2.044
2026-01-08T16:10:00Z,refrigerator,4.098
2026-01-08T16:10:00Z,television,5.343
2026-01-08T16:10:00Z,game_console,0.82
2026-01-08T16:10:00Z,printer,2.538
2026-01-08T16:15:00Z,refrigerator,3.882
2026-01-08T16:15:00Z,television,4.615
2026-01-08T16:15:00Z,game_console,0.632
2026-01-08T16:15:00Z,printer,2.53
2026-01-08T16:20:00Z,refrigerator,4.08
2026-01-08T16:20:00Z,television,5.258
2026-01-08T16:20:00Z,game_console,0.629
2026-01-08T16:20:00Z,printer,2.416
2026-01-08T16:25:00Z,refrigerator,2.97
2026-01-08T16:25:00Z,television,4.836
2026-01-08T16:25:00Z,game_console,0.0
2026-01-08T16:25:00Z,printer,2.472
2026-01-08T16:30:00Z,refrigerator,87.047
2026-01-08T16:30:00Z,television,4.558
2026-01-08T16:30:00Z,game_console,0.363
2026-01-08T16:30:00Z,printer,2.13
2026-01-08T16:35:00Z,refrigerator,87.841
2026-01-08T16:35:00Z,television,4.998
2026-01-08T16:35:00Z,game_console,0.0
2026-01-08T16:35:00Z,printer,1.963
2026-01-08T16:40:00Z,refrigerator,88.506
2026-01-08T16:40:00Z,television,5.123
2026-01-08T16:40:00Z,game_console,0.648
2026-01-08T16:40:00Z,printer,2.055
2026-01-08T16:45:00Z,refrigerator,88.298
2026-01-08T16:45:00Z,television,5.456
2026-01-08T16:45:00Z,game_console,0.076
2026-01-08T16:45:00Z,printer,1.933
2026-01-08T16:50:00Z,refrigerator,86.924
2026-01-08T16:50:00Z,television,4.889
2026-01-08T16:50:00Z,game_console,0.492
2026-01-08T16:50:00Z,printer,2.278
2026-01-08T16:55:00Z,refrigerator,3.063
2026-01-08T16:55:00Z,television,5.051
2026-01-08T16:55:00Z,game_console,0.303
2026-01-08T16:55:00Z,printer,2.138
2026-01-08T17:00:00Z,refrigerator,2.039
2026-01-08T17:00:00Z,television,5.571
2026-01-08T17:00:00Z,game_console,0.3
2026-01-08T17:00:00Z,printer,1.921
2026-01-08T17:05:00Z,refrigerator,4.29
2026-01-08T17:05:00Z,television,4.878
2026-01-08T17:05:00Z,game_console,0.0
2026-01-08T17:05:00Z,printer,2.298
2026-01-08T17:10:00Z,refrigerator,3.312
2026-01-08T17:10:00Z,television,4.957
2026-01-08T17:10:00Z,game_console,0.421
2026-01-08T17:10:00Z,printer,1.912
2026-01-08T17:15:00Z,refrigerator,3.027
2026-01-08T17:15:00Z,television,5.524
2026-01-08T17:15:00Z,game_console,0.795
2026-01-08T17:15:00Z,printer,2.438
2026-01-08T17:20:00Z,refrigerator,2.886
2026-01-08T17:20:00Z,television,4.926
2026-01-08T17:20:00Z,game_console,0.196
2026-01-08T17:20:00Z,printer,2.187
2026-01-08T17:25:00Z,refrigerator,2.186
2026-01-08T17:25:00Z,television,5.815
2026-01-08T17:25:00Z,game_console,0.033
2026-01-08T17:25:00Z,printer,2.2
2026-01-08T17:30:00Z,refrigerator,4.114
2026-01-08T17:30:00Z,television,4.571
2026-01-08T17:30:00Z,game_console,0.876
2026-01-08T17:30:00Z,printer,2.139
2026-01-08T17:35:00Z,refrigerator,2.748
2026-01-08T17:35:00Z,television,4.591
2026-01-08T17:35:00Z,game_console,0.056
2026-01-08T17:35:00Z,printer,2.097
2026-01-08T17:40:00Z,refrigerator,4.192
2026-01-08T17:40:00Z,television,5.379
2026-01-08T17:40:00Z,game_console,0.617
2026-01-08T17:40:00Z,printer,2.35
2026-01-08T17:45:00Z,refrigerator,4.251
2026-01-08T17:45:00Z,television,5.541
2026-01-08T17:45:00Z,game_console,0.0
2026-01-08T17:45:00Z,printer,2.352
2026-01-08T17:50:00Z,refrigerator,3.574
2026-01-08T17:50:00Z,television,5.149
2026-01-08T17:50:00Z,game_console,0.449
2026-01-08T17:50:00Z,printer,2.021
2026-01-08T17:55:00Z,refrigerator,2.674
2026-01-08T17:55:00Z,television,5.56
2026-01-08T17:55:00Z,game_console,0.593
2026-01-08T17:55:00Z,printer,2.533
2026-01-08T18:00:00Z,refrigerator,88.515
2026-01-08T18:00:00Z,television,72.132
2026-01-08T18:00:00Z,game_console,0.323
2026-01-08T18:00:00Z,printer,18.22
2026-01-08T18:05:00Z,refrigerator,87.461
2026-01-08T18:05:00Z,television,72.039
2026-01-08T18:05:00Z,game_console,0.335
2026-01-08T18:05:00Z,printer,18.022
2026-01-08T18:10:00Z,refrigerator,87.088
2026-01-08T18:10:00Z,television,72.094
2026-01-08T18:10:00Z,game_console,0.271
2026-01-08T18:10:00Z,printer,17.899
2026-01-08T18:15:00Z,refrigerator,88.28
2026-01-08T18:15:00Z,television,71.774
2026-01-08T18:15:00Z,game_console,0.0
2026-01-08T18:15:00Z,printer,17.883
2026-01-08T18:20:00Z,refrigerator,88.105
2026-01-08T18:20:00Z,television,71.899
2026-01-08T18:20:00Z,game_console,0.62
2026-01-08T18:20:00Z,printer,1.898
2026-01-08T18:25:00Z,refrigerator,3.394
2026-01-08T18:25:00Z,television,71.562
2026-01-08T18:25:00Z,game_console,0.898
2026-01-08T18:25:00Z,printer,2.488
2026-01-08T18:30:00Z,refrigerator,2.037
2026-01-08T18:30:00Z,television,72.611
2026-01-08T18:30:00Z,game_console,0.178
2026-01-08T18:30:00Z,printer,2.286
2026-01-08T18:35:00Z,refrigerator,2.405
2026-01-08T18:35:00Z,television,72.684
2026-01-08T18:35:00Z,game_console,0.087
2026-01-08T18:35:00Z,printer,2.311
2026-01-08T18:40:00Z,refrigerator,2.592
2026-01-08T18:40:00Z,television,72.645
2026-01-08T18:40:00Z,game_console,0.821
2026-01-08T18:40:00Z,printer,1.949
2026-01-08T18:45:00Z,refrigerator,3.808
2026-01-08T18:45:00Z,television,71.367
2026-01-08T18:45:00Z,game_console,0.625
2026-01-08T18:45:00Z,printer,1.858
2026-01-08T18:50:00Z,refrigerator,3.401
2026-01-08T18:50:00Z,television,71.699
2026-01-08T18:50:00Z,game_console,0.14
2026-01-08T18:50:00Z,printer,2.086
2026-01-08T18:55:00Z,refrigerator,2.908
2026-01-08T18:55:00Z,television,72.325
2026-01-08T18:55:00Z,game_console,0.216
2026-01-08T18:55:00Z,printer,2.195
2026-01-08T19:00:00Z,refrigerator,4.107
2026-01-08T19:00:00Z,television,72.69
2026-01-08T19:00:00Z,game_console,148.202
2026-01-08T19:00:00Z,printer,2.368
2026-01-08T19:05:00Z,refrigerator,3.743
2026-01-08T19:05:00Z,television,71.792
2026-01-08T19:05:00Z,game_console,148.104
2026-01-08T19:05:00Z,printer,1.913
2026-01-08T19:10:00Z,refrigerator,4.075
2026-01-08T19:10:00Z,television,71.703
2026-01-08T19:10:00Z,game_console,148.316
2026-01-08T19:10:00Z,printer,2.088
2026-01-08T19:15:00Z,refrigerator,2.824
2026-01-08T19:15:00Z,television,72.298
2026-01-08T19:15:00Z,game_console,147.524
2026-01-08T19:15:00Z,printer,2.303
2026-01-08T19:20:00Z,refrigerator,2.961
2026-01-08T19:20:00Z,television,71.803
2026-01-08T19:20:00Z,game_console,148.266
2026-01-08T19:20:00Z,printer,1.971
2026-01-08T19:25:00Z,refrigerator,3.311
2026-01-08T19:25:00Z,television,72.543
2026-01-08T19:25:00Z,game_console,147.816
2026-01-08T19:25:00Z,printer,1.862
2026-01-08T19:30:00Z,refrigerator,87.996
2026-01-08T19:30:00Z,television,72.462
2026-01-08T19:30:00Z,game_console,147.987
2026-01-08T19:30:00Z,printer,2.417
2026-01-08T19:35:00Z,refrigerator,87.191
2026-01-08T19:35:00Z,television,72.119
2026-01-08T19:35:00Z,game_console,148.228
2026-01-08T19:35:00Z,printer,2.087
2026-01-08T19:40:00Z,refrigerator,88.135
2026-01-08T19:40:00Z,television,72.501
2026-01-08T19:40:00Z,game_console,147.581
2026-01-08T19:40:00Z,printer,224.889
2026-01-08T19:45:00Z,refrigerator,88.996
2026-01-08T19:45:00Z,television,71.925
2026-01-08T19:45:00Z,game_console,147.976
2026-01-08T19:45:00Z,printer,2.213
2026-01-08T19:50:00Z,refrigerator,87.776
2026-01-08T19:50:00Z,television,71.859
2026-01-08T19:50:00Z,game_console,148.423
2026-01-08T19:50:00Z,printer,2.347
2026-01-08T19:55:00Z,refrigerator,2.282
2026-01-08T19:55:00Z,television,72.309
2026-01-08T19:55:00Z,game_console,148.082
2026-01-08T19:55:00Z,printer,2.103
2026-01-08T20:00:00Z,refrigerator,3.471
2026-01-08T20:00:00Z,television,71.729
2026-01-08T20:00:00Z,game_console,147.913
2026-01-08T20:00:00Z,printer,2.435
2026-01-08T20:05:00Z,refrigerator,2.849
2026-01-08T20:05:00Z,television,71.518
2026-01-08T20:05:00Z,game_console,148.318
2026-01-08T20:05:00Z,printer,2.218
2026-01-08T20:10:00Z,refrigerator,3.009
2026-01-08T20:10:00Z,television,72.178
2026-01-08T20:10:00Z,game_console,147.531
2026-01-08T20:10:00Z,printer,2.03
2026-01-08T20:15:00Z,refrigerator,2.65
2026-01-08T20:15:00Z,television,71.835
2026-01-08T20:15:00Z,game_console,148.112
2026-01-08T20:15:00Z,printer,1.866
2026-01-08T20:20:00Z,refrigerator,3.524
2026-01-08T20:20:00Z,television,72.181
2026-01-08T20:20:00Z,game_console,148.316
2026-01-08T20:20:00Z,printer,2.056
2026-01-08T20:25:00Z,refrigerator,3.972
2026-01-08T20:25:00Z,television,72.346
2026-01-08T20:25:00Z,game_console,148.011
2026-01-08T20:25:00Z,printer,2.456
2026-01-08T20:30:00Z,refrigerator,3.197
2026-01-08T20:30:00Z,television,71.642
2026-01-08T20:30:00Z,game_console,147.927
2026-01-08T20:30:00Z,printer,2.141
2026-01-08T20:35:00Z,refrigerator,2.285
2026-01-08T20:35:00Z,television,72.633
2026-01-08T20:35:00Z,game_console,148.33
2026-01-08T20:35:00Z,printer,2.424
2026-01-08T20:40:00Z,refrigerator,2.503
2026-01-08T20:40:00Z,television,72.534
2026-01-08T20:40:00Z,game_console,147.607
2026-01-08T20:40:00Z,printer,2.245
2026-01-08T20:45:00Z,refrigerator,2.835
2026-01-08T20:45:00Z,television,71.763
2026-01-08T20:45:00Z,game_console,148.32
2026-01-08T20:45:00Z,printer,1.991
2026-01-08T20:50:00Z,refrigerator,3.203
2026-01-08T20:50:00Z,television,72.154
2026-01-08T20:50:00Z,game_console,147.686
2026-01-08T20:50:00Z,printer,2.094
2026-01-08T20:55:00Z,refrigerator,3.26
2026-01-08T20:55:00Z,television,71.456
2026-01-08T20:55:00Z,game_console,147.848
2026-01-08T20:55:00Z,printer,2.209
2026-01-08T21:00:00Z,refrigerator,86.94
2026-01-08T21:00:00Z,television,71.774
2026-01-08T21:00:00Z,game_console,147.706
2026-01-08T21:00:00Z,printer,2.171
2026-01-08T21:05:00Z,refrigerator,86.899
2026-01-08T21:05:00Z,television,71.869
2026-01-08T21:05:00Z,game_console,148.051
2026-01-08T21:05:00Z,printer,1.988
2026-01-08T21:10:00Z,refrigerator,87.652
2026-01-08T21:10:00Z,television,72.433
2026-01-08T21:10:00Z,game_console,147.526
2026-01-08T21:10:00Z,printer,2.414
2026-01-08T21:15:00Z,refrigerator,87.135
2026-01-08T21:15:00Z,television,71.944
2026-01-08T21:15:00Z,game_console,148.119
2026-01-08T21:15:00Z,printer,1.891
2026-01-08T21:20:00Z,refrigerator,87.676
2026-01-08T21:20:00Z,television,72.481
2026-01-08T21:20:00Z,game_console,147.583
2026-01-08T21:20:00Z,printer,2.196
2026-01-08T21:25:00Z,refrigerator,3.839
2026-01-08T21:25:00Z,television,71.799
2026-01-08T21:25:00Z,game_console,147.825
2026-01-08T21:25:00Z,printer,2.468
2026-01-08T21:30:00Z,refrigerator,3.161
2026-01-08T21:30:00Z,television,71.506
2026-01-08T21:30:00Z,game_console,147.891
2026-01-08T21:30:00Z,printer,2.483
2026-01-08T21:35:00Z,refrigerator,2.013
2026-01-08T21:35:00Z,television,72.484
2026-01-08T21:35:00Z,game_console,148.169
2026-01-08T21:35:00Z,printer,1.857
2026-01-08T21:40:00Z,refrigerator,2.03
2026-01-08T21:40:00Z,television,71.903
2026-01-08T21:40:00Z,game_console,148.241
2026-01-08T21:40:00Z,printer,2.352
2026-01-08T21:45:00Z,refrigerator,2.306
2026-01-08T21:45:00Z,television,71.384
2026-01-08T21:45:00Z,game_console,147.81
2026-01-08T21:45:00Z,printer,1.915
2026-01-08T21:50:00Z,refrigerator,4.096
2026-01-08T21:50:00Z,television,71.827
2026-01-08T21:50:00Z,game_console,148.12
2026-01-08T21:50:00Z,printer,2.499
2026-01-08T21:55:00Z,refrigerator,4.003
2026-01-08T21:55:00Z,television,72.078
2026-01-08T21:55:00Z,game_console,148.255
2026-01-08T21:55:00Z,printer,2.133
2026-01-08T22:00:00Z,refrigerator,2.807
2026-01-08T22:00:00Z,television,4.719
2026-01-08T22:00:00Z,game_console,148.413
2026-01-08T22:00:00Z,printer,2.308
2026-01-08T22:05:00Z,refrigerator,3.953
2026-01-08T22:05:00Z,television,4.574
2026-01-08T22:05:00Z,game_console,148.028
2026-01-08T22:05:00Z,printer,2.402
2026-01-08T22:10:00Z,refrigerator,3.12
2026-01-08T22:10:00Z,television,4.682
2026-01-08T22:10:00Z,game_console,147.657
2026-01-08T22:10:00Z,printer,1.903
2026-01-08T22:15:00Z,refrigerator,3.919
2026-01-08T22:15:00Z,television,5.69
2026-01-08T22:15:00Z,game_console,148.37
2026-01-08T22:15:00Z,printer,2.369
2026-01-08T22:20:00Z,refrigerator,2.108
2026-01-08T22:20:00Z,television,4.972
2026-01-08T22:20:00Z,game_console,148.498
2026-01-08T22:20:00Z,printer,2.066
2026-01-08T22:25:00Z,refrigerator,2.81
2026-01-08T22:25:00Z,television,5.588
2026-01-08T22:25:00Z,game_console,147.532
2026-01-08T22:25:00Z,printer,1.926
2026-01-08T22:30:00Z,refrigerator,88.804
2026-01-08T22:30:00Z,television,5.663
2026-01-08T22:30:00Z,game_console,147.807
2026-01-08T22:30:00Z,printer,2.483
2026-01-08T22:35:00Z,refrigerator,87.07
2026-01-08T22:35:00Z,television,4.839
2026-01-08T22:35:00Z,game_console,147.95
2026-01-08T22:35:00Z,printer,2.025
2026-01-08T22:40:00Z,refrigerator,88.854
2026-01-08T22:40:00Z,television,5.501
2026-01-08T22:40:00Z,game_console,148.285
2026-01-08T22:40:00Z,printer,1.912
2026-01-08T22:45:00Z,refrigerator,88.811
2026-01-08T22:45:00Z,television,5.403
2026-01-08T22:45:00Z,game_console,147.629
2026-01-08T22:45:00Z,printer,1.858
2026-01-08T22:50:00Z,refrigerator,88.095
2026-01-08T22:50:00Z,television,5.742
2026-01-08T22:50:00Z,game_console,147.637
2026-01-08T22:50:00Z,printer,2.03
2026-01-08T22:55:00Z,refrigerator,3.272
2026-01-08T22:55:00Z,television,5.07
2026-01-08T22:55:00Z,game_console,147.748
2026-01-08T22:55:00Z,printer,2.388
2026-01-08T23:00:00Z,refrigerator,2.619
2026-01-08T23:00:00Z,television,5.651
2026-01-08T23:00:00Z,game_console,11.943
2026-01-08T23:00:00Z,printer,2.127
2026-01-08T23:05:00Z,refrigerator,3.626
2026-01-08T23:05:00Z,television,4.815
2026-01-08T23:05:00Z,game_console,11.698
2026-01-08T23:05:00Z,printer,2.234
2026-01-08T23:10:00Z,refrigerator,2.021
2026-01-08T23:10:00Z,television,4.95
2026-01-08T23:10:00Z,game_console,11.946
2026-01-08T23:10:00Z,printer,2.131
2026-01-08T23:15:00Z,refrigerator,2.639
2026-01-08T23:15:00Z,television,5.178
2026-01-08T23:15:00Z,game_console,12.029
2026-01-08T23:15:00Z,printer,2.254
2026-01-08T23:20:00Z,refrigerator,2.48
2026-01-08T23:20:00Z,television,5.343
2026-01-08T23:20:00Z,game_console,11.693
2026-01-08T23:20:00Z,printer,2.382
2026-01-08T23:25:00Z,refrigerator,2.868
2026-01-08T23:25:00Z,television,5.675
2026-01-08T23:25:00Z,game_console,11.776
2026-01-08T23:25:00Z,printer,2.542
2026-01-08T23:30:00Z,refrigerator,3.518
2026-01-08T23:30:00Z,television,5.786
2026-01-08T23:30:00Z,game_console,12.286
2026-01-08T23:30:00Z,printer,2.2
2026-01-08T23:35:00Z,refrigerator,2.833
2026-01-08T23:35:00Z,television,4.558
2026-01-08T23:35:00Z,game_console,12.217
2026-01-08T23:35:00Z,printer,2.359
2026-01-08T23:40:00Z,refrigerator,2.514
2026-01-08T23:40:00Z,television,5.631
2026-01-08T23:40:00Z,game_console,12.107
2026-01-08T23:40:00Z,printer,2.106
2026-01-08T23:45:00Z,refrigerator,2.79
2026-01-08T23:45:00Z,television,5.691
2026-01-08T23:45:00Z,game_console,11.385
2026-01-08T23:45:00Z,printer,2.439
2026-01-08T23:50:00Z,refrigerator,3.936
2026-01-08T23:50:00Z,television,5.192
2026-01-08T23:50:00Z,game_console,11.324
2026-01-08T23:50:00Z,printer,2.013
2026-01-08T23:55:00Z,refrigerator,3.996
2026-01-08T23:55:00Z,television,5.141
2026-01-08T23:55:00Z,game_console,11.78
2026-01-08T23:55:00Z,printer,2.239
2026-01-09T00:00:00Z,refrigerator,87.831
2026-01-09T00:00:00Z,television,4.553
2026-01-09T00:00:00Z,game_console,11.65
2026-01-09T00:00:00Z,printer,18.225
2026-01-09T00:05:00Z,refrigerator,88.859
2026-01-09T00:05:00Z,television,5.339
2026-01-09T00:05:00Z,game_console,11.332
2026-01-09T00:05:00Z,printer,17.688
2026-01-09T00:10:00Z,refrigerator,88.507
2026-01-09T00:10:00Z,television,5.383
2026-01-09T00:10:00Z,game_console,11.608
2026-01-09T00:10:00Z,printer,17.934
2026-01-09T00:15:00Z,refrigerator,86.885
2026-01-09T00:15:00Z,television,4.875
2026-01-09T00:15:00Z,game_console,12.081
2026-01-09T00:15:00Z,printer,17.8
2026-01-09T00:20:00Z,refrigerator,86.84
2026-01-09T00:20:00Z,television,5.612
2026-01-09T00:20:00Z,game_console,12.205
2026-01-09T00:20:00Z,printer,2.425
2026-01-09T00:25:00Z,refrigerator,3.611
2026-01-09T00:25:00Z,television,5.137
2026-01-09T00:25:00Z,game_console,11.921
2026-01-09T00:25:00Z,printer,2.356
2026-01-09T00:30:00Z,refrigerator,3.246
2026-01-09T00:30:00Z,television,5.305
2026-01-09T00:30:00Z,game_console,12.204
2026-01-09T00:30:00Z,printer,2.456
2026-01-09T00:35:00Z,refrigerator,2.339
2026-01-09T00:35:00Z,television,5.071
2026-01-09T00:35:00Z,game_console,11.647
2026-01-09T00:35:00Z,printer,2.446
2026-01-09T00:40:00Z,refrigerator,2.231
2026-01-09T00:40:00Z,television,4.737
2026-01-09T00:40:00Z,game_console,12.194
2026-01-09T00:40:00Z,printer,2.26
2026-01-09T00:45:00Z,refrigerator,3.898
2026-01-09T00:45:00Z,television,5.832
2026-01-09T00:45:00Z,game_console,12.128
2026-01-09T00:45:00Z,printer,1.878
2026-01-09T00:50:00Z,refrigerator,1.924
2026-01-09T00:50:00Z,television,5.805
2026-01-09T00:50:00Z,game_console,12.21
2026-01-09T00:50:00Z,printer,2.268
2026-01-09T00:55:00Z,refrigerator,4.083
2026-01-09T00:55:00Z,television,4.764
2026-01-09T00:55:00Z,game_console,11.584
2026-01-09T00:55:00Z,printer,2.25
2026-01-09T01:00:00Z,refrigerator,3.381
2026-01-09T01:00:00Z,television,4.778
2026-01-09T01:00:00Z,game_console,11.75
2026-01-09T01:00:00Z,printer,2.123
2026-01-09T01:05:00Z,refrigerator,3.035
2026-01-09T01:05:00Z,television,4.671
2026-01-09T01:05:00Z,game_console,11.313
2026-01-09T01:05:00Z,printer,2.441
2026-01-09T01:10:00Z,refrigerator,3.634
2026-01-09T01:10:00Z,television,4.94
2026-01-09T01:10:00Z,game_console,11.337
2026-01-09T01:10:00Z,printer,1.956
2026-01-09T01:15:00Z,refrigerator,2.432
2026-01-09T01:15:00Z,television,5.394
2026-01-09T01:15:00Z,game_console,12.086
2026-01-09T01:15:00Z,printer,2.474
2026-01-09T01:20:00Z,refrigerator,1.941
2026-01-09T01:20:00Z,television,4.879
2026-01-09T01:20:00Z,game_console,11.618
2026-01-09T01:20:00Z,printer,2.443
2026-01-09T01:25:00Z,refrigerator,3.617
2026-01-09T01:25:00Z,television,5.366
2026-01-09T01:25:00Z,game_console,12.05
2026-01-09T01:25:00Z,printer,1.914
2026-01-09T01:30:00Z,refrigerator,88.815
2026-01-09T01:30:00Z,television,5.006
2026-01-09T01:30:00Z,game_console,11.485
2026-01-09T01:30:00Z,printer,2.512
2026-01-09T01:35:00Z,refrigerator,87.494
2026-01-09T01:35:00Z,television,4.999
2026-01-09T01:35:00Z,game_console,12.081
2026-01-09T01:35:00Z,printer,2.269
2026-01-09T01:40:00Z,refrigerator,88.314
2026-01-09T01:40:00Z,television,5.463
2026-01-09T01:40:00Z,game_console,11.919
2026-01-09T01:40:00Z,printer,1.97
2026-01-09T01:45:00Z,refrigerator,87.755
2026-01-09T01:45:00Z,television,5.339
2026-01-09T01:45:00Z,game_console,12.188
2026-01-09T01:45:00Z,printer,2.527
2026-01-09T01:50:00Z,refrigerator,87.103
2026-01-09T01:50:00Z,television,4.954
2026-01-09T01:50:00Z,game_console,12.019
2026-01-09T01:50:00Z,printer,1.895
2026-01-09T01:55:00Z,refrigerator,3.154
2026-01-09T01:55:00Z,television,4.787
2026-01-09T01:55:00Z,game_console,12.126
2026-01-09T01:55:00Z,printer,2.031
2026-01-09T02:00:00Z,refrigerator,2.83
2026-01-09T02:00:00Z,television,4.514
2026-01-09T02:00:00Z,game_console,11.317
2026-01-09T02:00:00Z,printer,2.224
2026-01-09T02:05:00Z,refrigerator,2.788
2026-01-09T02:05:00Z,television,4.658
2026-01-09T02:05:00Z,game_console,11.948
2026-01-09T02:05:00Z,printer,2.172
2026-01-09T02:10:00Z,refrigerator,3.928
2026-01-09T02:10:00Z,television,5.421
2026-01-09T02:10:00Z,game_console,11.9
2026-01-09T02:10:00Z,printer,2.536
2026-01-09T02:15:00Z,refrigerator,3.344
2026-01-09T02:15:00Z,television,5.854
2026-01-09T02:15:00Z,game_console,11.827
2026-01-09T02:15:00Z,printer,2.066
2026-01-09T02:20:00Z,refrigerator,3.898
2026-01-09T02:20:00Z,television,4.741
2026-01-09T02:20:00Z,game_console,11.497
2026-01-09T02:20:00Z,printer,2.436
2026-01-09T02:25:00Z,refrigerator,2.709
2026-01-09T02:25:00Z,television,5.025
2026-01-09T02:25:00Z,game_console,11.99
2026-01-09T02:25:00Z,printer,2.288
2026-01-09T02:30:00Z,refrigerator,3.822
2026-01-09T02:30:00Z,television,5.437
2026-01-09T02:30:00Z,game_console,11.543
2026-01-09T02:30:00Z,printer,2.069
2026-01-09T02:35:00Z,refrigerator,2.498
2026-01-09T02:35:00Z,television,4.751
2026-01-09T02:35:00Z,game_console,11.31
2026-01-09T02:35:00Z,printer,2.338
2026-01-09T02:40:00Z,refrigerator,3.704
2026-01-09T02:40:00Z,television,5.469
2026-01-09T02:40:00Z,game_console,12.249
2026-01-09T02:40:00Z,printer,1.996
2026-01-09T02:45:00Z,refrigerator,2.748
2026-01-09T02:45:00Z,television,4.789
2026-01-09T02:45:00Z,game_console,11.956
2026-01-09T02:45:00Z,printer,2.347
2026-01-09T02:50:00Z,refrigerator,2.486
2026-01-09T02:50:00Z,television,4.917
2026-01-09T02:50:00Z,game_console,11.888
2026-01-09T02:50:00Z,printer,2.286
2026-01-09T02:55:00Z,refrigerator,2.489
2026-01-09T02:55:00Z,television,5.504
2026-01-09T02:55:00Z,game_console,11.551
2026-01-09T02:55:00Z,printer,2.205
2026-01-09T03:00:00Z,refrigerator,87.905
2026-01-09T03:00:00Z,television,5.793
2026-01-09T03:00:00Z,game_console,11.79
2026-01-09T03:00:00Z,printer,2.072
2026-01-09T03:05:00Z,refrigerator,86.811
2026-01-09T03:05:00Z,television,5.214
2026-01-09T03:05:00Z,game_console,12.025
2026-01-09T03:05:00Z,printer,2.415
2026-01-09T03:10:00Z,refrigerator,87.017
2026-01-09T03:10:00Z,television,4.582
2026-01-09T03:10:00Z,game_console,11.903
2026-01-09T03:10:00Z,printer,1.855
2026-01-09T03:15:00Z,refrigerator,89.134
2026-01-09T03:15:00Z,television,5.223
2026-01-09T03:15:00Z,game_console,11.798
2026-01-09T03:15:00Z,printer,2.42
2026-01-09T03:20:00Z,refrigerator,88.807
2026-01-09T03:20:00Z,television,5.793
2026-01-09T03:20:00Z,game_console,11.56
2026-01-09T03:20:00Z,printer,2.1
2026-01-09T03:25:00Z,refrigerator,3.236
2026-01-09T03:25:00Z,television,5.613
2026-01-09T03:25:00Z,game_console,11.513
2026-01-09T03:25:00Z,printer,2.032
2026-01-09T03:30:00Z,refrigerator,4.088
2026-01-09T03:30:00Z,television,5.813
2026-01-09T03:30:00Z,game_console,11.374
2026-01-09T03:30:00Z,printer,2.414
2026-01-09T03:35:00Z,refrigerator,2.12
2026-01-09T03:35:00Z,television,4.513
2026-01-09T03:35:00Z,game_console,12.031
2026-01-09T03:35:00Z,printer,2.067
2026-01-09T03:40:00Z,refrigerator,2.433
2026-01-09T03:40:00Z,television,4.938
2026-01-09T03:40:00Z,game_console,11.693
2026-01-09T03:40:00Z,printer,2.122
2026-01-09T03:45:00Z,refrigerator,2.922
2026-01-09T03:45:00Z,television,5.85
2026-01-09T03:45:00Z,game_console,11.885
2026-01-09T03:45:00Z,printer,2.199
2026-01-09T03:50:00Z,refrigerator,2.7
2026-01-09T03:50:00Z,television,5.219
2026-01-09T03:50:00Z,game_console,11.825
2026-01-09T03:50:00Z,printer,2.252
2026-01-09T03:55:00Z,refrigerator,3.715
2026-01-09T03:55:00Z,television,5.211
2026-01-09T03:55:00Z,game_console,11.852
2026-01-09T03:55:00Z,printer,1.935
2026-01-09T04:00:00Z,refrigerator,3.891
2026-01-09T04:00:00Z,television,5.075
2026-01-09T04:00:00Z,game_console,11.875
2026-01-09T04:00:00Z,printer,2.213
2026-01-09T04:05:00Z,refrigerator,2.036
2026-01-09T04:05:00Z,television,5.324
2026-01-09T04:05:00Z,game_console,11.459
2026-01-09T04:05:00Z,printer,1.978
2026-01-09T04:10:00Z,refrigerator,2.935
2026-01-09T04:10:00Z,television,5.886
2026-01-09T04:10:00Z,game_console,11.325
2026-01-09T04:10:00Z,printer,1.945
2026-01-09T04:15:00Z,refrigerator,1.947
2026-01-09T04:15:00Z,television,4.895
2026-01-09T04:15:00Z,game_console,11.81
2026-01-09T04:15:00Z,printer,2.258
2026-01-09T04:20:00Z,refrigerator,3.15
2026-01-09T04:20:00Z,television,5.696
2026-01-09T04:20:00Z,game_console,11.582
2026-01-09T04:20:00Z,printer,2.453
2026-01-09T04:25:00Z,refrigerator,4.193
2026-01-09T04:25:00Z,television,4.626
2026-01-09T04:25:00Z,game_console,12.259
2026-01-09T04:25:00Z,printer,2.37
2026-01-09T04:30:00Z,refrigerator,87.777
2026-01-09T04:30:00Z,television,4.606
2026-01-09T04:30:00Z,game_console,11.808
2026-01-09T04:30:00Z,printer,2.451
2026-01-09T04:35:00Z,refrigerator,87.868
2026-01-09T04:35:00Z,television,5.128
2026-01-09T04:35:00Z,game_console,11.968
2026-01-09T04:35:00Z,printer,2.424
2026-01-09T04:40:00Z,refrigerator,87.674
2026-01-09T04:40:00Z,television,4.885
2026-01-09T04:40:00Z,game_console,11.777
2026-01-09T04:40:00Z,printer,1.933
2026-01-09T04:45:00Z,refrigerator,87.819
2026-01-09T04:45:00Z,television,5.015
2026-01-09T04:45:00Z,game_console,11.741
2026-01-09T04:45:00Z,printer,2.398
2026-01-09T04:50:00Z,refrigerator,87.637
2026-01-09T04:50:00Z,television,4.94
2026-01-09T04:50:00Z,game_console,11.678
2026-01-09T04:50:00Z,printer,2.422
2026-01-09T04:55:00Z,refrigerator,3.125
2026-01-09T04:55:00Z,television,4.846
2026-01-09T04:55:00Z,game_console,11.319
2026-01-09T04:55:00Z,printer,1.968
2026-01-09T05:00:00Z,refrigerator,3.188
2026-01-09T05:00:00Z,television,5.838
2026-01-09T05:00:00Z,game_console,11.656
2026-01-09T05:00:00Z,printer,2.542
2026-01-09T05:05:00Z,refrigerator,4.076
2026-01-09T05:05:00Z,television,4.507
2026-01-09T05:05:00Z,game_console,11.661
2026-01-09T05:05:00Z,printer,2.166
2026-01-09T05:10:00Z,refrigerator,3.951
2026-01-09T05:10:00Z,television,4.569
2026-01-09T05:10:00Z,game_console,11.583
2026-01-09T05:10:00Z,printer,1.967
2026-01-09T05:15:00Z,refrigerator,2.469
2026-01-09T05:15:00Z,television,5.485
2026-01-09T05:15:00Z,game_console,11.894
2026-01-09T05:15:00Z,printer,1.945
2026-01-09T05:20:00Z,refrigerator,3.747
2026-01-09T05:20:00Z,television,4.612
2026-01-09T05:20:00Z,game_console,11.861
2026-01-09T05:20:00Z,printer,2.087
2026-01-09T05:25:00Z,refrigerator,1.925
2026-01-09T05:25:00Z,television,5.484
2026-01-09T05:25:00Z,game_console,11.573
2026-01-09T05:25:00Z,printer,2.155
2026-01-09T05:30:00Z,refrigerator,3.633
2026-01-09T05:30:00Z,television,4.968
2026-01-09T05:30:00Z,game_console,11.424
2026-01-09T05:30:00Z,printer,2.011
2026-01-09T05:35:00Z,refrigerator,4.029
2026-01-09T05:35:00Z,television,5.656
2026-01-09T05:35:00Z,game_console,12.239
2026-01-09T05:35:00Z,printer,2.232
2026-01-09T05:40:00Z,refrigerator,3.497
2026-01-09T05:40:00Z,television,5.088
2026-01-09T05:40:00Z,game_console,12.21
2026-01-09T05:40:00Z,printer,2.329
2026-01-09T05:45:00Z,refrigerator,2.159
2026-01-09T05:45:00Z,television,4.703
2026-01-09T05:45:00Z,game_console,11.454
2026-01-09T05:45:00Z,printer,2.099
2026-01-09T05:50:00Z,refrigerator,2.791
2026-01-09T05:50:00Z,television,5.217
2026-01-09T05:50:00Z,game_console,11.52
2026-01-09T05:50:00Z,printer,2.064
2026-01-09T05:55:00Z,refrigerator,3.154
2026-01-09T05:55:00Z,television,5.137
2026-01-09T05:55:00Z,game_console,11.737
2026-01-09T05:55:00Z,printer,1.97
2026-01-09T06:00:00Z,refrigerator,87.66
2026-01-09T06:00:00Z,television,5.682
2026-01-09T06:00:00Z,game_console,12.141
2026-01-09T06:00:00Z,printer,17.834
2026-01-09T06:05:00Z,refrigerator,88.57
2026-01-09T06:05:00Z,television,5.55
2026-01-09T06:05:00Z,game_console,12.267
2026-01-09T06:05:00Z,printer,18.155
2026-01-09T06:10:00Z,refrigerator,87.654
2026-01-09T06:10:00Z,television,5.04
2026-01-09T06:10:00Z,game_console,11.709
2026-01-09T06:10:00Z,printer,17.772
2026-01-09T06:15:00Z,refrigerator,87.909
2026-01-09T06:15:00Z,television,4.715
2026-01-09T06:15:00Z,game_console,11.99
2026-01-09T06:15:00Z,printer,17.711
2026-01-09T06:20:00Z,refrigerator,87.542
2026-01-09T06:20:00Z,television,4.931
2026-01-09T06:20:00Z,game_console,11.582
2026-01-09T06:20:00Z,printer,2.33
2026-01-09T06:25:00Z,refrigerator,3.832
2026-01-09T06:25:00Z,television,5.706
2026-01-09T06:25:00Z,game_console,12.154
2026-01-09T06:25:00Z,printer,2.303
2026-01-09T06:30:00Z,refrigerator,3.467
2026-01-09T06:30:00Z,television,5.721
2026-01-09T06:30:00Z,game_console,11.478
2026-01-09T06:30:00Z,printer,2.237
2026-01-09T06:35:00Z,refrigerator,2.784
2026-01-09T06:35:00Z,television,5.511
2026-01-09T06:35:00Z,game_console,11.472
2026-01-09T06:35:00Z,printer,2.546
2026-01-09T06:40:00Z,refrigerator,1.939
2026-01-09T06:40:00Z,television,4.567
2026-01-09T06:40:00Z,game_console,12.001
2026-01-09T06:40:00Z,printer,1.851
2026-01-09T06:45:00Z,refrigerator,2.247
2026-01-09T06:45:00Z,television,4.556
2026-01-09T06:45:00Z,game_console,12.073
2026-01-09T06:45:00Z,printer,1.984
2026-01-09T06:50:00Z,refrigerator,3.323
2026-01-09T06:50:00Z,television,5.28
2026-01-09T06:50:00Z,game_console,11.631
2026-01-09T06:50:00Z,printer,2.354
2026-01-09T06:55:00Z,refrigerator,2.454
2026-01-09T06:55:00Z,television,4.826
2026-01-09T06:55:00Z,game_console,11.889
2026-01-09T06:55:00Z,printer,2.075
2026-01-09T07:00:00Z,refrigerator,2.008
2026-01-09T07:00:00Z,television,5.426
2026-01-09T07:00:00Z,game_console,0.047
2026-01-09T07:00:00Z,printer,2.046
2026-01-09T07:05:00Z,refrigerator,3.135
2026-01-09T07:05:00Z,television,4.979
2026-01-09T07:05:00Z,game_console,0.276
2026-01-09T07:05:00Z,printer,1.949
2026-01-09T07:10:00Z,refrigerator,2.149
2026-01-09T07:10:00Z,television,5.686
2026-01-09T07:10:00Z,game_console,0.285
2026-01-09T07:10:00Z,printer,2.155
2026-01-09T07:15:00Z,refrigerator,3.711
2026-01-09T07:15:00Z,television,5.122
2026-01-09T07:15:00Z,game_console,0.045
2026-01-09T07:15:00Z,printer,2.088
2026-01-09T07:20:00Z,refrigerator,2.328
2026-01-09T07:20:00Z,television,5.258
2026-01-09T07:20:00Z,game_console,0.0
2026-01-09T07:20:00Z,printer,2.175
2026-01-09T07:25:00Z,refrigerator,2.819
2026-01-09T07:25:00Z,television,5.165
2026-01-09T07:25:00Z,game_console,0.14
2026-01-09T07:25:00Z,printer,1.885
2026-01-09T07:30:00Z,refrigerator,89.032
2026-01-09T07:30:00Z,television,4.85
2026-01-09T07:30:00Z,game_console,0.01
2026-01-09T07:30:00Z,printer,2.219
2026-01-09T07:35:00Z,refrigerator,88.237
2026-01-09T07:35:00Z,television,5.566
2026-01-09T07:35:00Z,game_console,0.771
2026-01-09T07:35:00Z,printer,2.149
2026-01-09T07:40:00Z,refrigerator,88.649
2026-01-09T07:40:00Z,television,5.687
2026-01-09T07:40:00Z,game_console,0.252
2026-01-09T07:40:00Z,printer,2.234
2026-01-09T07:45:00Z,refrigerator,88.035
2026-01-09T07:45:00Z,television,5.326
2026-01-09T07:45:00Z,game_console,0.402
2026-01-09T07:45:00Z,printer,2.458
2026-01-09T07:50:00Z,refrigerator,88.029
2026-01-09T07:50:00Z,television,5.296
2026-01-09T07:50:00Z,game_console,0.268
2026-01-09T07:50:00Z,printer,1.925
2026-01-09T07:55:00Z,refrigerator,3.849
2026-01-09T07:55:00Z,television,5.265
2026-01-09T07:55:00Z,game_console,0.524
2026-01-09T07:55:00Z,printer,2.064
2026-01-09T08:00:00Z,refrigerator,3.812
2026-01-09T08:00:00Z,television,5.096
2026-01-09T08:00:00Z,game_console,0.51
2026-01-09T08:00:00Z,printer,1.977
2026-01-09T08:05:00Z,refrigerator,4.246
2026-01-09T08:05:00Z,television,4.62
2026-01-09T08:05:00Z,game_console,0.177
2026-01-09T08:05:00Z,printer,2.176
2026-01-09T08:10:00Z,refrigerator,2.314
2026-01-09T08:10:00Z,television,5.571
2026-01-09T08:10:00Z,game_console,0.825
2026-01-09T08:10:00Z,printer,2.409
2026-01-09T08:15:00Z,refrigerator,3.245
2026-01-09T08:15:00Z,television,4.697
2026-01-09T08:15:00Z,game_console,0.656
2026-01-09T08:15:00Z,printer,2.322
2026-01-09T08:20:00Z,refrigerator,2.509
2026-01-09T08:20:00Z,television,4.524
2026-01-09T08:20:00Z,game_console,0.45
2026-01-09T08:20:00Z,printer,2.111
2026-01-09T08:25:00Z,refrigerator,3.208
2026-01-09T08:25:00Z,television,5.571
2026-01-09T08:25:00Z,game_console,0.0
2026-01-09T08:25:00Z,printer,2.023
2026-01-09T08:30:00Z,refrigerator,3.785
2026-01-09T08:30:00Z,television,5.833
2026-01-09T08:30:00Z,game_console,0.869
2026-01-09T08:30:00Z,printer,1.852
2026-01-09T08:35:00Z,refrigerator,4.031
2026-01-09T08:35:00Z,television,4.604
2026-01-09T08:35:00Z,game_console,0.003
2026-01-09T08:35:00Z,printer,2.063
2026-01-09T08:40:00Z,refrigerator,3.233
2026-01-09T08:40:00Z,television,4.823
2026-01-09T08:40:00Z,game_console,0.259
2026-01-09T08:40:00Z,printer,1.871
2026-01-09T08:45:00Z,refrigerator,4.262
2026-01-09T08:45:00Z,television,4.772
2026-01-09T08:45:00Z,game_console,0.303
2026-01-09T08:45:00Z,printer,2.464
2026-01-09T08:50:00Z,refrigerator,4.122
2026-01-09T08:50:00Z,television,5.377
2026-01-09T08:50:00Z,game_console,0.82
2026-01-09T08:50:00Z,printer,2.429
2026-01-09T08:55:00Z,refrigerator,2.626
2026-01-09T08:55:00Z,television,4.603
2026-01-09T08:55:00Z,game_console,0.11
2026-01-09T08:55:00Z,printer,2.415
2026-01-09T09:00:00Z,refrigerator,87.233
2026-01-09T09:00:00Z,television,5.104
2026-01-09T09:00:00Z,game_console,0.469
2026-01-09T09:00:00Z,printer,2.115
2026-01-09T09:05:00Z,refrigerator,87.087
2026-01-09T09:05:00Z,television,5.016
2026-01-09T09:05:00Z,game_console,0.248
2026-01-09T09:05:00Z,printer,2.076
2026-01-09T09:10:00Z,refrigerator,89.065
2026-01-09T09:10:00Z,television,5.551
2026-01-09T09:10:00Z,game_console,0.0
2026-01-09T09:10:00Z,printer,1.864
2026-01-09T09:15:00Z,refrigerator,87.682
2026-01-09T09:15:00Z,television,4.862
2026-01-09T09:15:00Z,game_console,0.66
2026-01-09T09:15:00Z,printer,2.402
2026-01-09T09:20:00Z,refrigerator,88.784
2026-01-09T09:20:00Z,television,4.579
2026-01-09T09:20:00Z,game_console,0.588
2026-01-09T09:20:00Z,printer,2.143
2026-01-09T09:25:00Z,refrigerator,3.486
2026-01-09T09:25:00Z,television,5.192
2026-01-09T09:25:00Z,game_console,0.75
2026-01-09T09:25:00Z,printer,1.893
2026-01-09T09:30:00Z,refrigerator,2.453
2026-01-09T09:30:00Z,television,5.12
2026-01-09T09:30:00Z,game_console,0.136
2026-01-09T09:30:00Z,printer,2.204
2026-01-09T09:35:00Z,refrigerator,2.605
2026-01-09T09:35:00Z,television,5.062
2026-01-09T09:35:00Z,game_console,0.034
2026-01-09T09:35:00Z,printer,2.348
2026-01-09T09:40:00Z,refrigerator,2.614
2026-01-09T09:40:00Z,television,5.874
2026-01-09T09:40:00Z,game_console,0.0
2026-01-09T09:40:00Z,printer,2.348
2026-01-09T09:45:00Z,refrigerator,3.841
2026-01-09T09:45:00Z,television,5.562
2026-01-09T09:45:00Z,game_console,0.79
2026-01-09T09:45:00Z,printer,2.125
2026-01-09T09:50:00Z,refrigerator,4.123
2026-01-09T09:50:00Z,television,5.401
2026-01-09T09:50:00Z,game_console,0.894
2026-01-09T09:50:00Z,printer,1.921
2026-01-09T09:55:00Z,refrigerator,3.03
2026-01-09T09:55:00Z,television,4.898
2026-01-09T09:55:00Z,game_console,0.113
2026-01-09T09:55:00Z,printer,1.889
2026-01-09T10:00:00Z,refrigerator,3.489
2026-01-09T10:00:00Z,television,4.91
2026-01-09T10:00:00Z,game_console,0.44
2026-01-09T10:00:00Z,printer,2.188
2026-01-09T10:05:00Z,refrigerator,3.776
2026-01-09T10:05:00Z,television,4.612
2026-01-09T10:05:00Z,game_console,0.0
2026-01-09T10:05:00Z,printer,1.957
2026-01-09T10:10:00Z,refrigerator,2.986
2026-01-09T10:10:00Z,television,4.526
2026-01-09T10:10:00Z,game_console,0.392
2026-01-09T10:10:00Z,printer,2.051
2026-01-09T10:15:00Z,refrigerator,2.435
2026-01-09T10:15:00Z,television,5.26
2026-01-09T10:15:00Z,game_console,0.852
2026-01-09T10:15:00Z,printer,2.524
2026-01-09T10:20:00Z,refrigerator,2.113
2026-01-09T10:20:00Z,television,5.133
2026-01-09T10:20:00Z,game_console,0.059
2026-01-09T10:20:00Z,printer,2.12
2026-01-09T10:25:00Z,refrigerator,3.465
2026-01-09T10:25:00Z,television,4.563
2026-01-09T10:25:00Z,game_console,0.519
2026-01-09T10:25:00Z,printer,1.948
2026-01-09T10:30:00Z,refrigerator,87.046
2026-01-09T10:30:00Z,television,5.737
2026-01-09T10:30:00Z,game_console,0.325
2026-01-09T10:30:00Z,printer,2.001
2026-01-09T10:35:00Z,refrigerator,88.102
2026-01-09T10:35:00Z,television,4.856
2026-01-09T10:35:00Z,game_console,0.729
2026-01-09T10:35:00Z,printer,1.951
2026-01-09T10:40:00Z,refrigerator,87.562
2026-01-09T10:40:00Z,television,5.249
2026-01-09T10:40:00Z,game_console,0.557
2026-01-09T10:40:00Z,printer,1.958
2026-01-09T10:45:00Z,refrigerator,87.509
2026-01-09T10:45:00Z,television,5.697
2026-01-09T10:45:00Z,game_console,0.072
2026-01-09T10:45:00Z,printer,2.158
2026-01-09T10:50:00Z,refrigerator,88.954
2026-01-09T10:50:00Z,television,5.406
2026-01-09T10:50:00Z,game_console,0.646
2026-01-09T10:50:00Z,printer,2.395
2026-01-09T10:55:00Z,refrigerator,2.16
2026-01-09T10:55:00Z,television,4.629
2026-01-09T10:55:00Z,game_console,0.598
2026-01-09T10:55:00Z,printer,1.938
2026-01-09T11:00:00Z,refrigerator,3.751
2026-01-09T11:00:00Z,television,5.539
2026-01-09T11:00:00Z,game_console,0.786
2026-01-09T11:00:00Z,printer,2.298
2026-01-09T11:05:00Z,refrigerator,3.476
2026-01-09T11:05:00Z,television,4.52
2026-01-09T11:05:00Z,game_console,0.67
2026-01-09T11:05:00Z,printer,2.355
2026-01-09T11:10:00Z,refrigerator,1.915
2026-01-09T11:10:00Z,television,5.368
2026-01-09T11:10:00Z,game_console,0.303
2026-01-09T11:10:00Z,printer,2.461
2026-01-09T11:15:00Z,refrigerator,3.706
2026-01-09T11:15:00Z,television,5.191
2026-01-09T11:15:00Z,game_console,0.0
2026-01-09T11:15:00Z,printer,2.009
2026-01-09T11:20:00Z,refrigerator,2.187
2026-01-09T11:20:00Z,television,5.506
2026-01-09T11:20:00Z,game_console,0.246
2026-01-09T11:20:00Z,printer,2.18
2026-01-09T11:25:00Z,refrigerator,1.936
2026-01-09T11:25:00Z,television,5.833
2026-01-09T11:25:00Z,game_console,0.561
2026-01-09T11:25:00Z,printer,2.31
2026-01-09T11:30:00Z,refrigerator,3.823
2026-01-09T11:30:00Z,television,5.464
2026-01-09T11:30:00Z,game_console,0.704
2026-01-09T11:30:00Z,printer,2.107
2026-01-09T11:35:00Z,refrigerator,3.387
2026-01-09T11:35:00Z,television,5.638
2026-01-09T11:35:00Z,game_console,0.224
2026-01-09T11:35:00Z,printer,2.436
2026-01-09T11:40:00Z,refrigerator,3.035
2026-01-09T11:40:00Z,television,4.893
2026-01-09T11:40:00Z,game_console,0.049
2026-01-09T11:40:00Z,printer,1.922
2026-01-09T11:45:00Z,refrigerator,3.545
2026-01-09T11:45:00Z,television,4.954
2026-01-09T11:45:00Z,game_console,0.253
2026-01-09T11:45:00Z,printer,2.149
2026-01-09T11:50:00Z,refrigerator,4.109
2026-01-09T11:50:00Z,television,4.507
2026-01-09T11:50:00Z,game_console,0.824
2026-01-09T11:50:00Z,printer,2.308
2026-01-09T11:55:00Z,refrigerator,2.606
2026-01-09T11:55:00Z,television,5.624
2026-01-09T11:55:00Z,game_console,0.615
2026-01-09T11:55:00Z,printer,2.527
2026-01-09T12:00:00Z,refrigerator,88.314
2026-01-09T12:00:00Z,television,4.684
2026-01-09T12:00:00Z,game_console,0.688
2026-01-09T12:00:00Z,printer,18.058
2026-01-09T12:05:00Z,refrigerator,88.714
2026-01-09T12:05:00Z,television,5.163
2026-01-09T12:05:00Z,game_console,0.109
2026-01-09T12:05:00Z,printer,18.188
2026-01-09T12:10:00Z,refrigerator,88.296
2026-01-09T12:10:00Z,television,5.857
2026-01-09T12:10:00Z,game_console,0.0
2026-01-09T12:10:00Z,printer,17.79
2026-01-09T12:15:00Z,refrigerator,87.08
2026-01-09T12:15:00Z,television,5.266
2026-01-09T12:15:00Z,game_console,0.618
2026-01-09T12:15:00Z,printer,17.76
2026-01-09T12:20:00Z,refrigerator,87.958
2026-01-09T12:20:00Z,television,5.652
2026-01-09T12:20:00Z,game_console,0.0
2026-01-09T12:20:00Z,printer,1.865
2026-01-09T12:25:00Z,refrigerator,4.288
2026-01-09T12:25:00Z,television,4.721
2026-01-09T12:25:00Z,game_console,0.33
2026-01-09T12:25:00Z,printer,2.155
2026-01-09T12:30:00Z,refrigerator,3.395
2026-01-09T12:30:00Z,television,5.371
2026-01-09T12:30:00Z,game_console,0.307
2026-01-09T12:30:00Z,printer,2.01
2026-01-09T12:35:00Z,refrigerator,3.142
2026-01-09T12:35:00Z,television,4.562
2026-01-09T12:35:00Z,game_console,0.434
2026-01-09T12:35:00Z,printer,1.881
2026-01-09T12:40:00Z,refrigerator,1.945
2026-01-09T12:40:00Z,television,4.558
2026-01-09T12:40:00Z,game_console,0.684
2026-01-09T12:40:00Z,printer,2.178
2026-01-09T12:45:00Z,refrigerator,2.494
2026-01-09T12:45:00Z,television,5.259
2026-01-09T12:45:00Z,game_console,0.0
2026-01-09T12:45:00Z,printer,1.919
2026-01-09T12:50:00Z,refrigerator,1.991
2026-01-09T12:50:00Z,television,5.295
2026-01-09T12:50:00Z,game_console,0.61
2026-01-09T12:50:00Z,printer,1.857
2026-01-09T12:55:00Z,refrigerator,3.418
2026-01-09T12:55:00Z,television,4.781
2026-01-09T12:55:00Z,game_console,0.0
2026-01-09T12:55:00Z,printer,2.13
2026-01-09T13:00:00Z,refrigerator,3.774
2026-01-09T13:00:00Z,television,4.958
2026-01-09T13:00:00Z,game_console,0.884
2026-01-09T13:00:00Z,printer,2.22
2026-01-09T13:05:00Z,refrigerator,2.295
2026-01-09T13:05:00Z,television,4.624
2026-01-09T13:05:00Z,game_console,0.23
2026-01-09T13:05:00Z,printer,2.462
2026-01-09T13:10:00Z,refrigerator,3.546
2026-01-09T13:10:00Z,television,5.119
2026-01-09T13:10:00Z,game_console,0.775
2026-01-09T13:10:00Z,printer,2.219
2026-01-09T13:15:00Z,refrigerator,3.415
2026-01-09T13:15:00Z,television,5.11
2026-01-09T13:15:00Z,game_console,0.783
2026-01-09T13:15:00Z,printer,2.195
2026-01-09T13:20:00Z,refrigerator,3.971
2026-01-09T13:20:00Z,television,4.829
2026-01-09T13:20:00Z,game_console,0.074
2026-01-09T13:20:00Z,printer,2.216
2026-01-09T13:25:00Z,refrigerator,4.218
2026-01-09T13:25:00Z,television,5.289
2026-01-09T13:25:00Z,game_console,0.178
2026-01-09T13:25:00Z,printer,2.449
2026-01-09T13:30:00Z,refrigerator,89.069
2026-01-09T13:30:00Z,television,4.791
2026-01-09T13:30:00Z,game_console,0.803
2026-01-09T13:30:00Z,printer,1.946
2026-01-09T13:35:00Z,refrigerator,88.464
2026-01-09T13:35:00Z,television,5.007
2026-01-09T13:35:00Z,game_console,0.001
2026-01-09T13:35:00Z,printer,2.062
2026-01-09T13:40:00Z,refrigerator,89.107
2026-01-09T13:40:00Z,television,4.582
2026-01-09T13:40:00Z,game_console,0.384
2026-01-09T13:40:00Z,printer,2.388
2026-01-09T13:45:00Z,refrigerator,87.121
2026-01-09T13:45:00Z,television,4.963
2026-01-09T13:45:00Z,game_console,0.0
2026-01-09T13:45:00Z,printer,2.005
2026-01-09T13:50:00Z,refrigerator,86.906
2026-01-09T13:50:00Z,television,4.843
2026-01-09T13:50:00Z,game_console,0.298
2026-01-09T13:50:00Z,printer,2.243
2026-01-09T13:55:00Z,refrigerator,3.143
2026-01-09T13:55:00Z,television,5.168
2026-01-09T13:55:00Z,game_console,0.222
2026-01-09T13:55:00Z,printer,2.28
2026-01-09T14:00:00Z,refrigerator,2.579
2026-01-09T14:00:00Z,television,4.572
2026-01-09T14:00:00Z,game_console,0.52
2026-01-09T14:00:00Z,printer,2.168
2026-01-09T14:05:00Z,refrigerator,2.472
2026-01-09T14:05:00Z,television,4.509
2026-01-09T14:05:00Z,game_console,0.623
2026-01-09T14:05:00Z,printer,2.208
2026-01-09T14:10:00Z,refrigerator,3.104
2026-01-09T14:10:00Z,television,4.87
2026-01-09T14:10:00Z,game_console,0.259
2026-01-09T14:10:00Z,printer,2.482
2026-01-09T14:15:00Z,refrigerator,3.636
2026-01-09T14:15:00Z,television,5.895
2026-01-09T14:15:00Z,game_console,0.626
2026-01-09T14:15:00Z,printer,2.253
2026-01-09T14:20:00Z,refrigerator,2.216
2026-01-09T14:20:00Z,television,5.45
2026-01-09T14:20:00Z,game_console,0.317
2026-01-09T14:20:00Z,printer,2.013
2026-01-09T14:25:00Z,refrigerator,2.247
2026-01-09T14:25:00Z,television,5.65
2026-01-09T14:25:00Z,game_console,0.0
2026-01-09T14:25:00Z,printer,2.017
2026-01-09T14:30:00Z,refrigerator,2.922
2026-01-09T14:30:00Z,television,4.623
2026-01-09T14:30:00Z,game_console,0.278
2026-01-09T14:30:00Z,printer,2.075
2026-01-09T14:35:00Z,refrigerator,2.423
2026-01-09T14:35:00Z,television,4.764
2026-01-09T14:35:00Z,game_console,0.269
2026-01-09T14:35:00Z,printer,1.878
2026-01-09T14:40:00Z,refrigerator,3.174
2026-01-09T14:40:00Z,television,5.608
2026-01-09T14:40:00Z,game_console,0.029
2026-01-09T14:40:00Z,printer,2.329
2026-01-09T14:45:00Z,refrigerator,2.238
2026-01-09T14:45:00Z,television,5.462
2026-01-09T14:45:00Z,game_console,0.496
2026-01-09T14:45:00Z,printer,1.927
2026-01-09T14:50:00Z,refrigerator,3.406
2026-01-09T14:50:00Z,television,5.448
2026-01-09T14:50:00Z,game_console,0.028
2026-01-09T14:50:00Z,printer,2.28
2026-01-09T14:55:00Z,refrigerator,2.392
2026-01-09T14:55:00Z,television,5.823
2026-01-09T14:55:00Z,game_console,0.505
2026-01-09T14:55:00Z,printer,1.915
2026-01-09T15:00:00Z,refrigerator,88.439
2026-01-09T15:00:00Z,television,4.976
2026-01-09T15:00:00Z,game_console,0.796
2026-01-09T15:00:00Z,printer,2.176
2026-01-09T15:05:00Z,refrigerator,87.739
2026-01-09T15:05:00Z,television,4.977
2026-01-09T15:05:00Z,game_console,0.327
2026-01-09T15:05:00Z,printer,1.864
2026-01-09T15:10:00Z,refrigerator,86.984
2026-01-09T15:10:00Z,television,5.698
2026-01-09T15:10:00Z,game_console,0.496
2026-01-09T15:10:00Z,printer,2.37
2026-01-09T15:15:00Z,refrigerator,87.985
2026-01-09T15:15:00Z,television,5.627
2026-01-09T15:15:00Z,game_console,0.491
2026-01-09T15:15:00Z,printer,2.185
2026-01-09T15:20:00Z,refrigerator,87.982
2026-01-09T15:20:00Z,television,5.799
2026-01-09T15:20:00Z,game_console,0.003
2026-01-09T15:20:00Z,printer,2.526
2026-01-09T15:25:00Z,refrigerator,3.295
2026-01-09T15:25:00Z,television,4.606
2026-01-09T15:25:00Z,game_console,0.12
2026-01-09T15:25:00Z,printer,2.52
2026-01-09T15:30:00Z,refrigerator,3.324
2026-01-09T15:30:00Z,television,5.457
2026-01-09T15:30:00Z,game_console,0.0
2026-01-09T15:30:00Z,printer,2.426
2026-01-09T15:35:00Z,refrigerator,3.871
2026-01-09T15:35:00Z,television,5.565
2026-01-09T15:35:00Z,game_console,0.061
2026-01-09T15:35:00Z,printer,2.186
2026-01-09T15:40:00Z,refrigerator,2.927
2026-01-09T15:40:00Z,television,5.759
2026-01-09T15:40:00Z,game_console,0.9
2026-01-09T15:40:00Z,printer,2.241
2026-01-09T15:45:00Z,refrigerator,4.17
2026-01-09T15:45:00Z,television,4.594
2026-01-09T15:45:00Z,game_console,0.601
2026-01-09T15:45:00Z,printer,2.258
2026-01-09T15:50:00Z,refrigerator,2.965
2026-01-09T15:50:00Z,television,4.671
2026-01-09T15:50:00Z,game_console,0.677
2026-01-09T15:50:00Z,printer,2.512
2026-01-09T15:55:00Z,refrigerator,3.628
2026-01-09T15:55:00Z,television,4.808
2026-01-09T15:55:00Z,game_console,0.873
2026-01-09T15:55:00Z,printer,2.312
2026-01-09T16:00:00Z,refrigerator,4.098
2026-01-09T16:00:00Z,television,4.853
2026-01-09T16:00:00Z,game_console,0.684
2026-01-09T16:00:00Z,printer,2.485
2026-01-09T16:05:00Z,refrigerator,2.494
2026-01-09T16:05:00Z,television,4.581
2026-01-09T16:05:00Z,game_console,0.0
2026-01-09T16:05:00Z,printer,2.248
2026-01-09T16:10:00Z,refrigerator,2.815
2026-01-09T16:10:00Z,television,4.809
2026-01-09T16:10:00Z,game_console,0.15
2026-01-09T16:10:00Z,printer,2.262
2026-01-09T16:15:00Z,refrigerator,1.964
2026-01-09T16:15:00Z,television,5.58
2026-01-09T16:15:00Z,game_console,0.796
2026-01-09T16:15:00Z,printer,2.43
2026-01-09T16:20:00Z,refrigerator,2.065
2026-01-09T16:20:00Z,television,5.72
2026-01-09T16:20:00Z,game_console,0.847
2026-01-09T16:20:00Z,printer,2.415
2026-01-09T16:25:00Z,refrigerator,2.761
2026-01-09T16:25:00Z,television,5.608
2026-01-09T16:25:00Z,game_console,0.0
2026-01-09T16:25:00Z,printer,2.523
2026-01-09T16:30:00Z,refrigerator,88.727
2026-01-09T16:30:00Z,television,4.986
2026-01-09T16:30:00Z,game_console,0.183
2026-01-09T16:30:00Z,printer,1.939
2026-01-09T16:35:00Z,refrigerator,88.52
2026-01-09T16:35:00Z,television,5.147
2026-01-09T16:35:00Z,game_console,0.478
2026-01-09T16:35:00Z,printer,1.977
2026-01-09T16:40:00Z,refrigerator,88.398
2026-01-09T16:40:00Z,television,4.531
2026-01-09T16:40:00Z,game_console,0.282
2026-01-09T16:40:00Z,printer,2.449
2026-01-09T16:45:00Z,refrigerator,88.674
2026-01-09T16:45:00Z,television,5.699
2026-01-09T16:45:00Z,game_console,0.685
2026-01-09T16:45:00Z,printer,2.157
2026-01-09T16:50:00Z,refrigerator,87.974
2026-01-09T16:50:00Z,television,5.015
2026-01-09T16:50:00Z,game_console,0.102
2026-01-09T16:50:00Z,printer,2.191
2026-01-09T16:55:00Z,refrigerator,2.532
2026-01-09T16:55:00Z,television,5.072
2026-01-09T16:55:00Z,game_console,0.879
2026-01-09T16:55:00Z,printer,2.359
2026-01-09T17:00:00Z,refrigerator,3.211
2026-01-09T17:00:00Z,television,4.721
2026-01-09T17:00:00Z,game_console,0.68
2026-01-09T17:00:00Z,printer,2.23
2026-01-09T17:05:00Z,refrigerator,2.186
2026-01-09T17:05:00Z,television,4.711
2026-01-09T17:05:00Z,game_console,0.532
2026-01-09T17:05:00Z,printer,2.391
2026-01-09T17:10:00Z,refrigerator,3.629
2026-01-09T17:10:00Z,television,5.648
2026-01-09T17:10:00Z,game_console,0.756
2026-01-09T17:10:00Z,printer,2.443
2026-01-09T17:15:00Z,refrigerator,2.624
2026-01-09T17:15:00Z,television,4.993
2026-01-09T17:15:00Z,game_console,0.562
2026-01-09T17:15:00Z,printer,1.933
2026-01-09T17:20:00Z,refrigerator,3.762
2026-01-09T17:20:00Z,television,5.819
2026-01-09T17:20:00Z,game_console,0.675
2026-01-09T17:20:00Z,printer,1.898
2026-01-09T17:25:00Z,refrigerator,2.007
2026-01-09T17:25:00Z,television,5.817
2026-01-09T17:25:00Z,game_console,0.772
2026-01-09T17:25:00Z,printer,2.014
2026-01-09T17:30:00Z,refrigerator,3.632
2026-01-09T17:30:00Z,television,5.094
2026-01-09T17:30:00Z,game_console,0.193
2026-01-09T17:30:00Z,printer,2.399
2026-01-09T17:35:00Z,refrigerator,2.78
2026-01-09T17:35:00Z,television,5.29
2026-01-09T17:35:00Z,game_console,0.245
2026-01-09T17:35:00Z,printer,2.342
2026-01-09T17:40:00Z,refrigerator,1.912
2026-01-09T17:40:00Z,television,5.802
2026-01-09T17:40:00Z,game_console,0.459
2026-01-09T17:40:00Z,printer,2.501
2026-01-09T17:45:00Z,refrigerator,3.93
2026-01-09T17:45:00Z,television,5.154
2026-01-09T17:45:00Z,game_console,0.422
2026-01-09T17:45:00Z,printer,2.216
2026-01-09T17:50:00Z,refrigerator,2.969
2026-01-09T17:50:00Z,television,5.498
2026-01-09T17:50:00Z,game_console,0.231
2026-01-09T17:50:00Z,printer,2.52
2026-01-09T17:55:00Z,refrigerator,1.943
2026-01-09T17:55:00Z,television,5.721
2026-01-09T17:55:00Z,game_console,0.672
2026-01-09T17:55:00Z,printer,2.302
2026-01-09T18:00:00Z,refrigerator,86.988
2026-01-09T18:00:00Z,television,71.468
2026-01-09T18:00:00Z,game_console,0.527
2026-01-09T18:00:00Z,printer,17.858
2026-01-09T18:05:00Z,refrigerator,88.584
2026-01-09T18:05:00Z,television,72.57
2026-01-09T18:05:00Z,game_console,0.02
2026-01-09T18:05:00Z,printer,18.199
2026-01-09T18:10:00Z,refrigerator,87.73
2026-01-09T18:10:00Z,television,72.088
2026-01-09T18:10:00Z,game_console,0.889
2026-01-09T18:10:00Z,printer,18.061
2026-01-09T18:15:00Z,refrigerator,88.74
2026-01-09T18:15:00Z,television,72.263
2026-01-09T18:15:00Z,game_console,0.191
2026-01-09T18:15:00Z,printer,18.004
2026-01-09T18:20:00Z,refrigerator,87.122
2026-01-09T18:20:00Z,television,72.252
2026-01-09T18:20:00Z,game_console,0.447
2026-01-09T18:20:00Z,printer,1.852
2026-01-09T18:25:00Z,refrigerator,2.811
2026-01-09T18:25:00Z,television,72.196
2026-01-09T18:25:00Z,game_console,0.182
2026-01-09T18:25:00Z,printer,2.354
2026-01-09T18:30:00Z,refrigerator,2.587
2026-01-09T18:30:00Z,television,72.178
2026-01-09T18:30:00Z,game_console,0.35
2026-01-09T18:30:00Z,printer,2.462
2026-01-09T18:35:00Z,refrigerator,2.57
2026-01-09T18:35:00Z,television,71.979
2026-01-09T18:35:00Z,game_console,0.306
2026-01-09T18:35:00Z,printer,2.487
2026-01-09T18:40:00Z,refrigerator,2.274
2026-01-09T18:40:00Z,television,71.408
2026-01-09T18:40:00Z,game_console,0.189
2026-01-09T18:40:00Z,printer,2.156
2026-01-09T18:45:00Z,refrigerator,3.967
2026-01-09T18:45:00Z,television,71.602
2026-01-09T18:45:00Z,game_console,0.381
2026-01-09T18:45:00Z,printer,2.133
2026-01-09T18:50:00Z,refrigerator,3.599
2026-01-09T18:50:00Z,television,71.835
2026-01-09T18:50:00Z,game_console,0.436
2026-01-09T18:50:00Z,printer,1.872
2026-01-09T18:55:00Z,refrigerator,2.839
2026-01-09T18:55:00Z,television,72.44
2026-01-09T18:55:00Z,game_console,0.539
2026-01-09T18:55:00Z,printer,2.178
2026-01-09T19:00:00Z,refrigerator,2.193
2026-01-09T19:00:00Z,television,71.8
2026-01-09T19:00:00Z,game_console,148.034
2026-01-09T19:00:00Z,printer,1.862
2026-01-09T19:05:00Z,refrigerator,3.28
2026-01-09T19:05:00Z,television,71.337
2026-01-09T19:05:00Z,game_console,147.988
2026-01-09T19:05:00Z,printer,2.268
2026-01-09T19:10:00Z,refrigerator,2.175
2026-01-09T19:10:00Z,television,72.381
2026-01-09T19:10:00Z,game_console,148.11
2026-01-09T19:10:00Z,printer,2.227
2026-01-09T19:15:00Z,refrigerator,3.791
2026-01-09T19:15:00Z,television,71.75
2026-01-09T19:15:00Z,game_console,147.788
2026-01-09T19:15:00Z,printer,1.945
2026-01-09T19:20:00Z,refrigerator,2.597
2026-01-09T19:20:00Z,television,72.366
2026-01-09T19:20:00Z,game_console,148.213
2026-01-09T19:20:00Z,printer,2.496
2026-01-09T19:25:00Z,refrigerator,2.71
2026-01-09T19:25:00Z,television,72.518
2026-01-09T19:25:00Z,game_console,148.288
2026-01-09T19:25:00Z,printer,2.076
2026-01-09T19:30:00Z,refrigerator,87.254
2026-01-09T19:30:00Z,television,71.606
2026-01-09T19:30:00Z,game_console,148.411
2026-01-09T19:30:00Z,printer,1.921
2026-01-09T19:35:00Z,refrigerator,87.77
2026-01-09T19:35:00Z,television,71.328
2026-01-09T19:35:00Z,game_console,148.105
2026-01-09T19:35:00Z,printer,2.33
2026-01-09T19:40:00Z,refrigerator,87.618
2026-01-09T19:40:00Z,television,72.344
2026-01-09T19:40:00Z,game_console,148.135
2026-01-09T19:40:00Z,printer,1.993
2026-01-09T19:45:00Z,refrigerator,87.457
2026-01-09T19:45:00Z,television,72.27
2026-01-09T19:45:00Z,game_console,148.485
2026-01-09T19:45:00Z,printer,1.866
2026-01-09T19:50:00Z,refrigerator,88.333
2026-01-09T19:50:00Z,television,71.368
2026-01-09T19:50:00Z,game_console,148.248
2026-01-09T19:50:00Z,printer,2.39
2026-01-09T19:55:00Z,refrigerator,2.03
2026-01-09T19:55:00Z,television,71.81
2026-01-09T19:55:00Z,game_console,147.716
2026-01-09T19:55:00Z,printer,1.99
2026-01-09T20:00:00Z,refrigerator,4.045
2026-01-09T20:00:00Z,television,72.016
2026-01-09T20:00:00Z,game_console,148.175
2026-01-09T20:00:00Z,printer,2.29
2026-01-09T20:05:00Z,refrigerator,2.713
2026-01-09T20:05:00Z,television,71.856
2026-01-09T20:05:00Z,game_console,148.097
2026-01-09T20:05:00Z,printer,2.384
2026-01-09T20:10:00Z,refrigerator,3.82
2026-01-09T20:10:00Z,television,71.953
2026-01-09T20:10:00Z,game_console,148.172
2026-01-09T20:10:00Z,printer,1.912
2026-01-09T20:15:00Z,refrigerator,4.051
2026-01-09T20:15:00Z,television,71.452
2026-01-09T20:15:00Z,game_console,148.243
2026-01-09T20:15:00Z,printer,2.46
2026-01-09T20:20:00Z,refrigerator,2.551
2026-01-09T20:20:00Z,television,72.2
2026-01-09T20:20:00Z,game_console,148.296
2026-01-09T20:20:00Z,printer,2.225
2026-01-09T20:25:00Z,refrigerator,3.317
2026-01-09T20:25:00Z,television,72.006
2026-01-09T20:25:00Z,game_console,148.337
2026-01-09T20:25:00Z,printer,1.923
2026-01-09T20:30:00Z,refrigerator,1.957
2026-01-09T20:30:00Z,television,72.181
2026-01-09T20:30:00Z,game_console,147.712
2026-01-09T20:30:00Z,printer,2.426
2026-01-09T20:35:00Z,refrigerator,3.053
2026-01-09T20:35:00Z,television,72.352
2026-01-09T20:35:00Z,game_console,147.598
2026-01-09T20:35:00Z,printer,1.917
2026-01-09T20:40:00Z,refrigerator,4.178
2026-01-09T20:40:00Z,television,72.291
2026-01-09T20:40:00Z,game_console,147.649
2026-01-09T20:40:00Z,printer,2.442
2026-01-09T20:45:00Z,refrigerator,3.559
2026-01-09T20:45:00Z,television,71.505
2026-01-09T20:45:00Z,game_console,147.631
2026-01-09T20:45:00Z,printer,1.911
2026-01-09T20:50:00Z,refrigerator,3.615
2026-01-09T20:50:00Z,television,71.593
2026-01-09T20:50:00Z,game_console,147.961
2026-01-09T20:50:00Z,printer,1.918
2026-01-09T20:55:00Z,refrigerator,3.864
2026-01-09T20:55:00Z,television,71.755
2026-01-09T20:55:00Z,game_console,148.153
2026-01-09T20:55:00Z,printer,2.239
2026-01-09T21:00:00Z,refrigerator,87.478
2026-01-09T21:00:00Z,television,72.473
2026-01-09T21:00:00Z,game_console,148.199
2026-01-09T21:00:00Z,printer,2.009
2026-01-09T21:05:00Z,refrigerator,88.784
2026-01-09T21:05:00Z,television,72.559
2026-01-09T21:05:00Z,game_console,148.141
2026-01-09T21:05:00Z,printer,1.913
2026-01-09T21:10:00Z,refrigerator,87.321
2026-01-09T21:10:00Z,television,72.489
2026-01-09T21:10:00Z,game_console,148.074
2026-01-09T21:10:00Z,printer,1.929
2026-01-09T21:15:00Z,refrigerator,87.533
2026-01-09T21:15:00Z,television,72.306
2026-01-09T21:15:00Z,game_console,147.597
2026-01-09T21:15:00Z,printer,2.12
2026-01-09T21:20:00Z,refrigerator,88.813
2026-01-09T21:20:00Z,television,72.609
2026-01-09T21:20:00Z,game_console,148.467
2026-01-09T21:20:00Z,printer,2.113
2026-01-09T21:25:00Z,refrigerator,3.697
2026-01-09T21:25:00Z,television,72.428
2026-01-09T21:25:00Z,game_console,148.318
2026-01-09T21:25:00Z,printer,1.935
2026-01-09T21:30:00Z,refrigerator,3.057
2026-01-09T21:30:00Z,television,72.101
2026-01-09T21:30:00Z,game_console,147.88
2026-01-09T21:30:00Z,printer,1.915
2026-01-09T21:35:00Z,refrigerator,2.425
2026-01-09T21:35:00Z,television,71.443
2026-01-09T21:35:00Z,game_console,147.979
2026-01-09T21:35:00Z,printer,2.118
2026-01-09T21:40:00Z,refrigerator,2.436
2026-01-09T21:40:00Z,television,72.653
2026-01-09T21:40:00Z,game_console,147.636
2026-01-09T21:40:00Z,printer,2.122
2026-01-09T21:45:00Z,refrigerator,4.086
2026-01-09T21:45:00Z,television,71.39
2026-01-09T21:45:00Z,game_console,148.137
2026-01-09T21:45:00Z,printer,2.048
2026-01-09T21:50:00Z,refrigerator,3.86
2026-01-09T21:50:00Z,television,71.897
2026-01-09T21:50:00Z,game_console,148.367
2026-01-09T21:50:00Z,printer,2.339
2026-01-09T21:55:00Z,refrigerator,2.766
2026-01-09T21:55:00Z,television,72.124
2026-01-09T21:55:00Z,game_console,148.327
2026-01-09T21:55:00Z,printer,2.454
2026-01-09T22:00:00Z,refrigerator,4.258
2026-01-09T22:00:00Z,television,4.61
2026-01-09T22:00:00Z,game_console,147.873
2026-01-09T22:00:00Z,printer,2.154
2026-01-09T22:05:00Z,refrigerator,3.172
2026-01-09T22:05:00Z,television,5.077
2026-01-09T22:05:00Z,game_console,147.838
2026-01-09T22:05:00Z,printer,2.4
2026-01-09T22:10:00Z,refrigerator,1.974
2026-01-09T22:10:00Z,television,4.586
2026-01-09T22:10:00Z,game_console,148.232
2026-01-09T22:10:00Z,printer,1.966
2026-01-09T22:15:00Z,refrigerator,2.731
2026-01-09T22:15:00Z,television,5.139
2026-01-09T22:15:00Z,game_console,147.995
2026-01-09T22:15:00Z,printer,2.116
2026-01-09T22:20:00Z,refrigerator,4.17
2026-01-09T22:20:00Z,television,4.786
2026-01-09T22:20:00Z,game_console,148.48
2026-01-09T22:20:00Z,printer,2.498
2026-01-09T22:25:00Z,refrigerator,2.971
2026-01-09T22:25:00Z,television,5.208
2026-01-09T22:25:00Z,game_console,147.602
2026-01-09T22:25:00Z,printer,2.381
2026-01-09T22:30:00Z,refrigerator,88.31
2026-01-09T22:30:00Z,television,5.383
2026-01-09T22:30:00Z,game_console,147.783
2026-01-09T22:30:00Z,printer,1.935
2026-01-09T22:35:00Z,refrigerator,87.142
2026-01-09T22:35:00Z,television,5.483
2026-01-09T22:35:00Z,game_console,147.505
2026-01-09T22:35:00Z,printer,2.301
2026-01-09T22:40:00Z,refrigerator,86.899
2026-01-09T22:40:00Z,television,4.702
2026-01-09T22:40:00Z,game_console,147.978
2026-01-09T22:40:00Z,printer,2.506
2026-01-09T22:45:00Z,refrigerator,87.475
2026-01-09T22:45:00Z,television,5.754
2026-01-09T22:45:00Z,game_console,147.577
2026-01-09T22:45:00Z,printer,2.25
2026-01-09T22:50:00Z,refrigerator,87.471
2026-01-09T22:50:00Z,television,5.838
2026-01-09T22:50:00Z,game_console,147.824
2026-01-09T22:50:00Z,printer,2.403
2026-01-09T22:55:00Z,refrigerator,2.975
2026-01-09T22:55:00Z,television,5.666
2026-01-09T22:55:00Z,game_console,148.297
2026-01-09T22:55:00Z,printer,1.879
2026-01-09T23:00:00Z,refrigerator,3.778
2026-01-09T23:00:00Z,television,5.515
2026-01-09T23:00:00Z,game_console,11.331
2026-01-09T23:00:00Z,printer,1.908
2026-01-09T23:05:00Z,refrigerator,4.214
2026-01-09T23:05:00Z,television,4.529
2026-01-09T23:05:00Z,game_console,11.899
2026-01-09T23:05:00Z,printer,2.453
2026-01-09T23:10:00Z,refrigerator,4.032
2026-01-09T23:10:00Z,television,5.016
2026-01-09T23:10:00Z,game_console,12.238
2026-01-09T23:10:00Z,printer,2.311
2026-01-09T23:15:00Z,refrigerator,4.243
2026-01-09T23:15:00Z,television,5.326
2026-01-09T23:15:00Z,game_console,12.206
2026-01-09T23:15:00Z,printer,2.008
2026-01-09T23:20:00Z,refrigerator,4.274
2026-01-09T23:20:00Z,television,5.036
2026-01-09T23:20:00Z,game_console,11.975
2026-01-09T23:20:00Z,printer,2.443
2026-01-09T23:25:00Z,refrigerator,3.605
2026-01-09T23:25:00Z,television,5.034
2026-01-09T23:25:00Z,game_console,11.996
2026-01-09T23:25:00Z,printer,2.001
2026-01-09T23:30:00Z,refrigerator,3.05
2026-01-09T23:30:00Z,television,5.012
2026-01-09T23:30:00Z,game_console,11.444
2026-01-09T23:30:00Z,printer,1.872
2026-01-09T23:35:00Z,refrigerator,3.487
2026-01-09T23:35:00Z,television,5.384
2026-01-09T23:35:00Z,game_console,12.244
2026-01-09T23:35:00Z,printer,2.373
2026-01-09T23:40:00Z,refrigerator,3.942
2026-01-09T23:40:00Z,television,5.796
2026-01-09T23:40:00Z,game_console,11.971
2026-01-09T23:40:00Z,printer,2.489
2026-01-09T23:45:00Z,refrigerator,4.194
2026-01-09T23:45:00Z,television,5.051
2026-01-09T23:45:00Z,game_console,12.068
2026-01-09T23:45:00Z,printer,2.367
2026-01-09T23:50:00Z,refrigerator,2.111
2026-01-09T23:50:00Z,television,4.672
2026-01-09T23:50:00Z,game_console,11.372
2026-01-09T23:50:00Z,printer,2.05
2026-01-09T23:55:00Z,refrigerator,3.703
2026-01-09T23:55:00Z,television,5.711
2026-01-09T23:55:00Z,game_console,12.21
2026-01-09T23:55:00Z,printer,2.171
2026-01-10T00:00:00Z,refrigerator,87.3
2026-01-10T00:00:00Z,television,5.419
2026-01-10T00:00:00Z,game_console,12.019
2026-01-10T00:00:00Z,printer,18.171
2026-01-10T00:05:00Z,refrigerator,87.397
2026-01-10T00:05:00Z,television,5.165
2026-01-10T00:05:00Z,game_console,11.899
2026-01-10T00:05:00Z,printer,17.765
2026-01-10T00:10:00Z,refrigerator,88.389
2026-01-10T00:10:00Z,television,5.744
2026-01-10T00:10:00Z,game_console,12.224
2026-01-10T00:10:00Z,printer,17.883
2026-01-10T00:15:00Z,refrigerator,88.057
2026-01-10T00:15:00Z,television,5.806
2026-01-10T00:15:00Z,game_console,11.651
2026-01-10T00:15:00Z,printer,17.874
2026-01-10T00:20:00Z,refrigerator,87.38
2026-01-10T00:20:00Z,television,5.283
2026-01-10T00:20:00Z,game_console,11.501
2026-01-10T00:20:00Z,printer,2.438
2026-01-10T00:25:00Z,refrigerator,4.072
2026-01-10T00:25:00Z,television,5.675
2026-01-10T00:25:00Z,game_console,11.667
2026-01-10T00:25:00Z,printer,2.153
2026-01-10T00:30:00Z,refrigerator,2.804
2026-01-10T00:30:00Z,television,4.802
2026-01-10T00:30:00Z,game_console,11.355
2026-01-10T00:30:00Z,printer,2.179
2026-01-10T00:35:00Z,refrigerator,3.523
2026-01-10T00:35:00Z,television,5.58
2026-01-10T00:35:00Z,game_console,11.529
2026-01-10T00:35:00Z,printer,1.986
2026-01-10T00:40:00Z,refrigerator,2.505
2026-01-10T00:40:00Z,television,5.812
2026-01-10T00:40:00Z,game_console,11.699
2026-01-10T00:40:00Z,printer,1.947
2026-01-10T00:45:00Z,refrigerator,3.456
2026-01-10T00:45:00Z,television,5.579
2026-01-10T00:45:00Z,game_console,11.582
2026-01-10T00:45:00Z,printer,2.467
2026-01-10T00:50:00Z,refrigerator,4.014
2026-01-10T00:50:00Z,television,4.553
2026-01-10T00:50:00Z,game_console,11.669
2026-01-10T00:50:00Z,printer,2.309
2026-01-10T00:55:00Z,refrigerator,3.091
2026-01-10T00:55:00Z,television,4.962
2026-01-10T00:55:00Z,game_console,12.217
2026-01-10T00:55:00Z,printer,2.225
2026-01-10T01:00:00Z,refrigerator,1.903
2026-01-10T01:00:00Z,television,5.153
2026-01-10T01:00:00Z,game_console,12.238
2026-01-10T01:00:00Z,printer,2.413
2026-01-10T01:05:00Z,refrigerator,4.131
2026-01-10T01:05:00Z,television,5.267
2026-01-10T01:05:00Z,game_console,11.402
2026-01-10T01:05:00Z,printer,1.927
2026-01-10T01:10:00Z,refrigerator,3.714
2026-01-10T01:10:00Z,television,4.809
2026-01-10T01:10:00Z,game_console,12.219
2026-01-10T01:10:00Z,printer,1.867
2026-01-10T01:15:00Z,refrigerator,2.053
2026-01-10T01:15:00Z,television,5.467
2026-01-10T01:15:00Z,game_console,12.18
2026-01-10T01:15:00Z,printer,2.304
2026-01-10T01:20:00Z,refrigerator,3.584
2026-01-10T01:20:00Z,television,4.703
2026-01-10T01:20:00Z,game_console,11.588
2026-01-10T01:20:00Z,printer,2.305
2026-01-10T01:25:00Z,refrigerator,2.63
2026-01-10T01:25:00Z,television,4.97
2026-01-10T01:25:00Z,game_console,11.49
2026-01-10T01:25:00Z,printer,1.933
2026-01-10T01:30:00Z,refrigerator,88.571
2026-01-10T01:30:00Z,television,5.775
2026-01-10T01:30:00Z,game_console,12.249
2026-01-10T01:30:00Z,printer,2.156
2026-01-10T01:35:00Z,refrigerator,88.121
2026-01-10T01:35:00Z,television,5.215
2026-01-10T01:35:00Z,game_console,11.547
2026-01-10T01:35:00Z,printer,2.536
2026-01-10T01:40:00Z,refrigerator,88.18
2026-01-10T01:40:00Z,television,5.117
2026-01-10T01:40:00Z,game_console,12.018
2026-01-10T01:40:00Z,printer,2.474
2026-01-10T01:45:00Z,refrigerator,87.666
2026-01-10T01:45:00Z,television,5.159
2026-01-10T01:45:00Z,game_console,11.502
2026-01-10T01:45:00Z,printer,2.077
2026-01-10T01:50:00Z,refrigerator,88.969
2026-01-10T01:50:00Z,television,4.943
2026-01-10T01:50:00Z,game_console,12.077
2026-01-10T01:50:00Z,printer,1.939
2026-01-10T01:55:00Z,refrigerator,2.931
2026-01-10T01:55:00Z,television,5.142
2026-01-10T01:55:00Z,game_console,12.234
2026-01-10T01:55:00Z,printer,2.294
2026-01-10T02:00:00Z,refrigerator,2.719
2026-01-10T02:00:00Z,television,4.545
2026-01-10T02:00:00Z,game_console,11.932
2026-01-10T02:00:00Z,printer,2.204
2026-01-10T02:05:00Z,refrigerator,2.308
2026-01-10T02:05:00Z,television,5.255
2026-01-10T02:05:00Z,game_console,11.547
2026-01-10T02:05:00Z,printer,2.242
2026-01-10T02:10:00Z,refrigerator,2.232
2026-01-10T02:10:00Z,television,5.825
2026-01-10T02:10:00Z,game_console,11.618
2026-01-10T02:10:00Z,printer,2.039
2026-01-10T02:15:00Z,refrigerator,4.082
2026-01-10T02:15:00Z,television,5.453
2026-01-10T02:15:00Z,game_console,11.815
2026-01-10T02:15:00Z,printer,2.317
2026-01-10T02:20:00Z,refrigerator,3.482
2026-01-10T02:20:00Z,television,4.508
2026-01-10T02:20:00Z,game_console,11.522
2026-01-10T02:20:00Z,printer,1.851
2026-01-10T02:25:00Z,refrigerator,3.752
2026-01-10T02:25:00Z,television,5.339
2026-01-10T02:25:00Z,game_console,11.907
2026-01-10T02:25:00Z,printer,2.437
2026-01-10T02:30:00Z,refrigerator,2.582
2026-01-10T02:30:00Z,television,5.461
2026-01-10T02:30:00Z,game_console,11.372
2026-01-10T02:30:00Z,printer,2.088
2026-01-10T02:35:00Z,refrigerator,3.492
2026-01-10T02:35:00Z,television,5.338
2026-01-10T02:35:00Z,game_console,11.315
2026-01-10T02:35:00Z,printer,2.546
2026-01-10T02:40:00Z,refrigerator,2.938
2026-01-10T02:40:00Z,television,5.727
2026-01-10T02:40:00Z,game_console,11.999
2026-01-10T02:40:00Z,printer,2.195
2026-01-10T02:45:00Z,refrigerator,4.198
2026-01-10T02:45:00Z,television,5.181
2026-01-10T02:45:00Z,game_console,12.143
2026-01-10T02:45:00Z,printer,2.534
2026-01-10T02:50:00Z,refrigerator,3.214
2026-01-10T02:50:00Z,television,4.767
2026-01-10T02:50:00Z,game_console,12.073
2026-01-10T02:50:00Z,printer,2.048
2026-01-10T02:55:00Z,refrigerator,2.752
2026-01-10T02:55:00Z,television,5.678
2026-01-10T02:55:00Z,game_console,11.345
2026-01-10T02:55:00Z,printer,2.071
2026-01-10T03:00:00Z,refrigerator,86.898
2026-01-10T03:00:00Z,television,5.024
2026-01-10T03:00:00Z,game_console,11.368
2026-01-10T03:00:00Z,printer,2.477
2026-01-10T03:05:00Z,refrigerator,87.596
2026-01-10T03:05:00Z,television,4.676
2026-01-10T03:05:00Z,game_console,12.299
2026-01-10T03:05:00Z,printer,2.288
2026-01-10T03:10:00Z,refrigerator,88.273
2026-01-10T03:10:00Z,television,5.585
2026-01-10T03:10:00Z,game_console,12.017
2026-01-10T03:10:00Z,printer,1.982
2026-01-10T03:15:00Z,refrigerator,87.726
2026-01-10T03:15:00Z,television,5.808
2026-01-10T03:15:00Z,game_console,11.927
2026-01-10T03:15:00Z,printer,2.448
2026-01-10T03:20:00Z,refrigerator,88.719
2026-01-10T03:20:00Z,television,4.708
2026-01-10T03:20:00Z,game_console,11.717
2026-01-10T03:20:00Z,printer,1.866
2026-01-10T03:25:00Z,refrigerator,3.144
2026-01-10T03:25:00Z,television,4.751
2026-01-10T03:25:00Z,game_console,12.056
2026-01-10T03:25:00Z,printer,2.136
2026-01-10T03:30:00Z,refrigerator,3.844
2026-01-10T03:30:00Z,television,5.67
2026-01-10T03:30:00Z,game_console,11.619
2026-01-10T03:30:00Z,printer,2.174
2026-01-10T03:35:00Z,refrigerator,3.777
2026-01-10T03:35:00Z,television,5.108
2026-01-10T03:35:00Z,game_console,12.153
2026-01-10T03:35:00Z,printer,2.231
2026-01-10T03:40:00Z,refrigerator,3.281
2026-01-10T03:40:00Z,television,5.611
2026-01-10T03:40:00Z,game_console,11.499
2026-01-10T03:40:00Z,printer,2.253
2026-01-10T03:45:00Z,refrigerator,3.996
2026-01-10T03:45:00Z,television,5.355
2026-01-10T03:45:00Z,game_console,11.472
2026-01-10T03:45:00Z,printer,2.146
2026-01-10T03:50:00Z,refrigerator,3.855
2026-01-10T03:50:00Z,television,5.588
2026-01-10T03:50:00Z,game_console,12.063
2026-01-10T03:50:00Z,printer,2.172
2026-01-10T03:55:00Z,refrigerator,2.784
2026-01-10T03:55:00Z,television,5.475
2026-01-10T03:55:00Z,game_console,11.547
2026-01-10T03:55:00Z,printer,2.527
2026-01-10T04:00:00Z,refrigerator,4.227
2026-01-10T04:00:00Z,television,5.025
2026-01-10T04:00:00Z,game_console,11.869
2026-01-10T04:00:00Z,printer,2.311
2026-01-10T04:05:00Z,refrigerator,3.586
2026-01-10T04:05:00Z,television,5.848
2026-01-10T04:05:00Z,game_console,12.06
2026-01-10T04:05:00Z,printer,2.237
2026-01-10T04:10:00Z,refrigerator,2.391
2026-01-10T04:10:00Z,television,4.577
2026-01-10T04:10:00Z,game_console,11.48
2026-01-10T04:10:00Z,printer,2.521
2026-01-10T04:15:00Z,refrigerator,3.05
2026-01-10T04:15:00Z,television,5.777
2026-01-10T04:15:00Z,game_console,11.969
2026-01-10T04:15:00Z,printer,2.507
2026-01-10T04:20:00Z,refrigerator,2.662
2026-01-10T04:20:00Z,television,5.582
2026-01-10T04:20:00Z,game_console,11.953
2026-01-10T04:20:00Z,printer,2.482
2026-01-10T04:25:00Z,refrigerator,3.915
2026-01-10T04:25:00Z,television,4.833
2026-01-10T04:25:00Z,game_console,11.36
2026-01-10T04:25:00Z,printer,2.233
2026-01-10T04:30:00Z,refrigerator,88.813
2026-01-10T04:30:00Z,television,5.453
2026-01-10T04:30:00Z,game_console,11.524
2026-01-10T04:30:00Z,printer,2.022
2026-01-10T04:35:00Z,refrigerator,86.903
2026-01-10T04:35:00Z,television,5.14
2026-01-10T04:35:00Z,game_console,11.583
2026-01-10T04:35:00Z,printer,2.092
2026-01-10T04:40:00Z,refrigerator,87.554
2026-01-10T04:40:00Z,television,5.506
2026-01-10T04:40:00Z,game_console,11.391
2026-01-10T04:40:00Z,printer,2.187
2026-01-10T04:45:00Z,refrigerator,87.879
2026-01-10T04:45:00Z,television,5.846
2026-01-10T04:45:00Z,game_console,11.806
2026-01-10T04:45:00Z,printer,2.108
2026-01-10T04:50:00Z,refrigerator,87.987
2026-01-10T04:50:00Z,television,5.15
2026-01-10T04:50:00Z,game_console,11.442
2026-01-10T04:50:00Z,printer,2.071
2026-01-10T04:55:00Z,refrigerator,2.159
2026-01-10T04:55:00Z,television,5.635
2026-01-10T04:55:00Z,game_console,12.183
2026-01-10T04:55:00Z,printer,2.472
2026-01-10T05:00:00Z,refrigerator,2.135
2026-01-10T05:00:00Z,television,5.765
2026-01-10T05:00:00Z,game_console,11.826
2026-01-10T05:00:00Z,printer,2.459
2026-01-10T05:05:00Z,refrigerator,3.915
2026-01-10T05:05:00Z,television,5.865
2026-01-10T05:05:00Z,game_console,11.607
2026-01-10T05:05:00Z,printer,2.017
2026-01-10T05:10:00Z,refrigerator,3.432
2026-01-10T05:10:00Z,television,5.081
2026-01-10T05:10:00Z,game_console,11.355
2026-01-10T05:10:00Z,printer,2.051
2026-01-10T05:15:00Z,refrigerator,1.948
2026-01-10T05:15:00Z,television,4.646
2026-01-10T05:15:00Z,game_console,12.26
2026-01-10T05:15:00Z,printer,2.467
2026-01-10T05:20:00Z,refrigerator,3.72
2026-01-10T05:20:00Z,television,5.018
2026-01-10T05:20:00Z,game_console,12.204
2026-01-10T05:20:00Z,printer,1.888
2026-01-10T05:25:00Z,refrigerator,3.762
2026-01-10T05:25:00Z,television,4.954
2026-01-10T05:25:00Z,game_console,11.916
2026-01-10T05:25:00Z,printer,2.116
2026-01-10T05:30:00Z,refrigerator,3.585
2026-01-10T05:30:00Z,television,5.147
2026-01-10T05:30:00Z,game_console,11.371
2026-01-10T05:30:00Z,printer,2.389
2026-01-10T05:35:00Z,refrigerator,2.727
2026-01-10T05:35:00Z,television,5.469
2026-01-10T05:35:00Z,game_console,11.88
2026-01-10T05:35:00Z,printer,1.946
2026-01-10T05:40:00Z,refrigerator,3.609
2026-01-10T05:40:00Z,television,4.794
2026-01-10T05:40:00Z,game_console,12.222
2026-01-10T05:40:00Z,printer,2.095
2026-01-10T05:45:00Z,refrigerator,4.049
2026-01-10T05:45:00Z,television,4.598
2026-01-10T05:45:00Z,game_console,11.338
2026-01-10T05:45:00Z,printer,2.096
2026-01-10T05:50:00Z,refrigerator,3.68
2026-01-10T05:50:00Z,television,5.274
2026-01-10T05:50:00Z,game_console,12.267
2026-01-10T05:50:00Z,printer,2.29
2026-01-10T05:55:00Z,refrigerator,3.322
2026-01-10T05:55:00Z,television,5.582
2026-01-10T05:55:00Z,game_console,12.172
2026-01-10T05:55:00Z,printer,2.459
2026-01-10T06:00:00Z,refrigerator,88.987
2026-01-10T06:00:00Z,television,5.062
2026-01-10T06:00:00Z,game_console,11.774
2026-01-10T06:00:00Z,printer,18.338
2026-01-10T06:05:00Z,refrigerator,89.101
2026-01-10T06:05:00Z,television,5.305
2026-01-10T06:05:00Z,game_console,11.925
2026-01-10T06:05:00Z,printer,17.853
2026-01-10T06:10:00Z,refrigerator,86.858
2026-01-10T06:10:00Z,television,4.914
2026-01-10T06:10:00Z,game_console,11.909
2026-01-10T06:10:00Z,printer,18.145
2026-01-10T06:15:00Z,refrigerator,87.715
2026-01-10T06:15:00Z,television,5.74
2026-01-10T06:15:00Z,game_console,11.696
2026-01-10T06:15:00Z,printer,17.834
2026-01-10T06:20:00Z,refrigerator,87.439
2026-01-10T06:20:00Z,television,4.502
2026-01-10T06:20:00Z,game_console,11.847
2026-01-10T06:20:00Z,printer,2.336
2026-01-10T06:25:00Z,refrigerator,2.636
2026-01-10T06:25:00Z,television,4.782
2026-01-10T06:25:00Z,game_console,11.328
2026-01-10T06:25:00Z,printer,2.321
2026-01-10T06:30:00Z,refrigerator,2.019
2026-01-10T06:30:00Z,television,5.6
2026-01-10T06:30:00Z,game_console,11.542
2026-01-10T06:30:00Z,printer,2.542
2026-01-10T06:35:00Z,refrigerator,3.161
2026-01-10T06:35:00Z,television,5.534
2026-01-10T06:35:00Z,game_console,12.286
2026-01-10T06:35:00Z,printer,1.869
2026-01-10T06:40:00Z,refrigerator,3.36
2026-01-10T06:40:00Z,television,5.751
2026-01-10T06:40:00Z,game_console,11.666
2026-01-10T06:40:00Z,printer,2.513
2026-01-10T06:45:00Z,refrigerator,4.158
2026-01-10T06:45:00Z,television,5.111
2026-01-10T06:45:00Z,game_console,11.649
2026-01-10T06:45:00Z,printer,1.969
2026-01-10T06:50:00Z,refrigerator,2.355
2026-01-10T06:50:00Z,television,5.643
2026-01-10T06:50:00Z,game_console,12.059
2026-01-10T06:50:00Z,printer,2.188
2026-01-10T06:55:00Z,refrigerator,1.961
2026-01-10T06:55:00Z,television,4.796
2026-01-10T06:55:00Z,game_console,12.132
2026-01-10T06:55:00Z,printer,2.511
2026-01-10T07:00:00Z,refrigerator,2.203
2026-01-10T07:00:00Z,television,5.271
2026-01-10T07:00:00Z,game_console,0.039
2026-01-10T07:00:00Z,printer,1.906
2026-01-10T07:05:00Z,refrigerator,2.465
2026-01-10T07:05:00Z,television,5.068
2026-01-10T07:05:00Z,game_console,0.207
2026-01-10T07:05:00Z,printer,2.282
2026-01-10T07:10:00Z,refrigerator,3.39
2026-01-10T07:10:00Z,television,5.318
2026-01-10T07:10:00Z,game_console,0.017
2026-01-10T07:10:00Z,printer,2.13
2026-01-10T07:15:00Z,refrigerator,3.612
2026-01-10T07:15:00Z,television,4.973
2026-01-10T07:15:00Z,game_console,0.854
2026-01-10T07:15:00Z,printer,1.987
2026-01-10T07:20:00Z,refrigerator,2.188
2026-01-10T07:20:00Z,television,5.127
2026-01-10T07:20:00Z,game_console,0.207
2026-01-10T07:20:00Z,printer,2.281
2026-01-10T07:25:00Z,refrigerator,2.313
2026-01-10T07:25:00Z,television,5.563
2026-01-10T07:25:00Z,game_console,0.264
2026-01-10T07:25:00Z,printer,2.322
2026-01-10T07:30:00Z,refrigerator,88.962
2026-01-10T07:30:00Z,television,4.516
2026-01-10T07:30:00Z,game_console,0.536
2026-01-10T07:30:00Z,printer,2.508
2026-01-10T07:35:00Z,refrigerator,87.553
2026-01-10T07:35:00Z,television,5.744
2026-01-10T07:35:00Z,game_console,0.0
2026-01-10T07:35:00Z,printer,2.522
2026-01-10T07:40:00Z,refrigerator,88.634
2026-01-10T07:40:00Z,television,5.37
2026-01-10T07:40:00Z,game_console,0.223
2026-01-10T07:40:00Z,printer,2.023
2026-01-10T07:45:00Z,refrigerator,89.116
2026-01-10T07:45:00Z,television,5.688
2026-01-10T07:45:00Z,game_console,0.579
2026-01-10T07:45:00Z,printer,2.002
2026-01-10T07:50:00Z,refrigerator,87.12
2026-01-10T07:50:00Z,television,5.335
2026-01-10T07:50:00Z,game_console,0.118
2026-01-10T07:50:00Z,printer,2.121
2026-01-10T07:55:00Z,refrigerator,2.415
2026-01-10T07:55:00Z,television,5.6
2026-01-10T07:55:00Z,game_console,0.783
2026-01-10T07:55:00Z,printer,1.943
2026-01-10T08:00:00Z,refrigerator,3.026
2026-01-10T08:00:00Z,television,5.726
2026-01-10T08:00:00Z,game_console,0.83
2026-01-10T08:00:00Z,printer,1.931
2026-01-10T08:05:00Z,refrigerator,3.604
2026-01-10T08:05:00Z,television,5.402
2026-01-10T08:05:00Z,game_console,0.872
2026-01-10T08:05:00Z,printer,2.074
2026-01-10T08:10:00Z,refrigerator,3.871
2026-01-10T08:10:00Z,television,5.539
2026-01-10T08:10:00Z,game_console,0.423
2026-01-10T08:10:00Z,printer,2.118
2026-01-10T08:15:00Z,refrigerator,3.669
2026-01-10T08:15:00Z,television,5.626
2026-01-10T08:15:00Z,game_console,0.725
2026-01-10T08:15:00Z,printer,2.296
2026-01-10T08:20:00Z,refrigerator,2.434
2026-01-10T08:20:00Z,television,5.36
2026-01-10T08:20:00Z,game_console,0.897
2026-01-10T08:20:00Z,printer,2.02
2026-01-10T08:25:00Z,refrigerator,3.287
2026-01-10T08:25:00Z,television,5.16
2026-01-10T08:25:00Z,game_console,0.123
2026-01-10T08:25:00Z,printer,2.438
2026-01-10T08:30:00Z,refrigerator,2.376
2026-01-10T08:30:00Z,television,5.421
2026-01-10T08:30:00Z,game_console,0.193
2026-01-10T08:30:00Z,printer,1.907
2026-01-10T08:35:00Z,refrigerator,3.244
2026-01-10T08:35:00Z,television,5.675
2026-01-10T08:35:00Z,game_console,0.101
2026-01-10T08:35:00Z,printer,1.928
2026-01-10T08:40:00Z,refrigerator,4.048
2026-01-10T08:40:00Z,television,5.876
2026-01-10T08:40:00Z,game_console,0.548
2026-01-10T08:40:00Z,printer,2.032
2026-01-10T08:45:00Z,refrigerator,3.125
2026-01-10T08:45:00Z,television,5.61
2026-01-10T08:45:00Z,game_console,0.798
2026-01-10T08:45:00Z,printer,2.269
2026-01-10T08:50:00Z,refrigerator,1.968
2026-01-10T08:50:00Z,television,5.076
2026-01-10T08:50:00Z,game_console,0.0
2026-01-10T08:50:00Z,printer,2.494
2026-01-10T08:55:00Z,refrigerator,2.414
2026-01-10T08:55:00Z,television,4.575
2026-01-10T08:55:00Z,game_console,0.109
2026-01-10T08:55:00Z,printer,2.179
2026-01-10T09:00:00Z,refrigerator,88.836
2026-01-10T09:00:00Z,television,5.464
2026-01-10T09:00:00Z,game_console,0.146
2026-01-10T09:00:00Z,printer,1.91
2026-01-10T09:05:00Z,refrigerator,87.402
2026-01-10T09:05:00Z,television,5.582
2026-01-10T09:05:00Z,game_console,0.254
2026-01-10T09:05:00Z,printer,2.076
2026-01-10T09:10:00Z,refrigerator,87.296
2026-01-10T09:10:00Z,television,5.378
2026-01-10T09:10:00Z,game_console,0.548
2026-01-10T09:10:00Z,printer,2.021
2026-01-10T09:15:00Z,refrigerator,87.342
2026-01-10T09:15:00Z,television,5.094
2026-01-10T09:15:00Z,game_console,0.591
2026-01-10T09:15:00Z,printer,2.328
2026-01-10T09:20:00Z,refrigerator,88.463
2026-01-10T09:20:00Z,television,5.089
2026-01-10T09:20:00Z,game_console,0.134
2026-01-10T09:20:00Z,printer,2.205
2026-01-10T09:25:00Z,refrigerator,2.587
2026-01-10T09:25:00Z,television,4.721
2026-01-10T09:25:00Z,game_console,0.0
2026-01-10T09:25:00Z,printer,1.863
2026-01-10T09:30:00Z,refrigerator,2.482
2026-01-10T09:30:00Z,television,5.366
2026-01-10T09:30:00Z,game_console,0.0
2026-01-10T09:30:00Z,printer,2.457
2026-01-10T09:35:00Z,refrigerator,4.18
2026-01-10T09:35:00Z,television,5.254
2026-01-10T09:35:00Z,game_console,0.005
2026-01-10T09:35:00Z,printer,2.425
2026-01-10T09:40:00Z,refrigerator,2.159
2026-01-10T09:40:00Z,television,4.649
2026-01-10T09:40:00Z,game_console,0.859
2026-01-10T09:40:00Z,printer,2.335
2026-01-10T09:45:00Z,refrigerator,3.292
2026-01-10T09:45:00Z,television,5.322
2026-01-10T09:45:00Z,game_console,0.695
2026-01-10T09:45:00Z,printer,1.933
2026-01-10T09:50:00Z,refrigerator,3.205
2026-01-10T09:50:00Z,television,4.726
2026-01-10T09:50:00Z,game_console,0.704
2026-01-10T09:50:00Z,printer,2.54
2026-01-10T09:55:00Z,refrigerator,3.495
2026-01-10T09:55:00Z,television,4.972
2026-01-10T09:55:00Z,game_console,0.753
2026-01-10T09:55:00Z,printer,2.061
2026-01-10T10:00:00Z,refrigerator,3.33
2026-01-10T10:00:00Z,television,4.979
2026-01-10T10:00:00Z,game_console,0.796
2026-01-10T10:00:00Z,printer,1.901
2026-01-10T10:05:00Z,refrigerator,2.216
2026-01-10T10:05:00Z,television,5.489
2026-01-10T10:05:00Z,game_console,0.115
2026-01-10T10:05:00Z,printer,2.095
2026-01-10T10:10:00Z,refrigerator,2.894
2026-01-10T10:10:00Z,television,4.616
2026-01-10T10:10:00Z,game_console,0.073
2026-01-10T10:10:00Z,printer,2.434
2026-01-10T10:15:00Z,refrigerator,2.151
2026-01-10T10:15:00Z,television,5.035
2026-01-10T10:15:00Z,game_console,0.502
2026-01-10T10:15:00Z,printer,2.003
2026-01-10T10:20:00Z,refrigerator,3.841
2026-01-10T10:20:00Z,television,5.04
2026-01-10T10:20:00Z,game_console,0.184
2026-01-10T10:20:00Z,printer,2.128
2026-01-10T10:25:00Z,refrigerator,2.874
2026-01-10T10:25:00Z,television,4.942
2026-01-10T10:25:00Z,game_console,0.011
2026-01-10T10:25:00Z,printer,1.932
2026-01-10T10:30:00Z,refrigerator,88.725
2026-01-10T10:30:00Z,television,5.262
2026-01-10T10:30:00Z,game_console,0.156
2026-01-10T10:30:00Z,printer,2.256
2026-01-10T10:35:00Z,refrigerator,88.173
2026-01-10T10:35:00Z,television,5.198
2026-01-10T10:35:00Z,game_console,0.672
2026-01-10T10:35:00Z,printer,2.305
2026-01-10T10:40:00Z,refrigerator,88.033
2026-01-10T10:40:00Z,television,5.366
2026-01-10T10:40:00Z,game_console,0.0
2026-01-10T10:40:00Z,printer,2.293
2026-01-10T10:45:00Z,refrigerator,87.482
2026-01-10T10:45:00Z,television,5.431
2026-01-10T10:45:00Z,game_console,0.073
2026-01-10T10:45:00Z,printer,1.901
2026-01-10T10:50:00Z,refrigerator,89.136
2026-01-10T10:50:00Z,television,5.665
2026-01-10T10:50:00Z,game_console,0.696
2026-01-10T10:50:00Z,printer,2.35
2026-01-10T10:55:00Z,refrigerator,3.058
2026-01-10T10:55:00Z,television,5.719
2026-01-10T10:55:00Z,game_console,0.786
2026-01-10T10:55:00Z,printer,2.448
2026-01-10T11:00:00Z,refrigerator,3.8
2026-01-10T11:00:00Z,television,5.693
2026-01-10T11:00:00Z,game_console,0.068
2026-01-10T11:00:00Z,printer,2.061
2026-01-10T11:05:00Z,refrigerator,3.192
2026-01-10T11:05:00Z,television,5.88
2026-01-10T11:05:00Z,game_console,0.775
2026-01-10T11:05:00Z,printer,2.319
2026-01-10T11:10:00Z,refrigerator,3.168
2026-01-10T11:10:00Z,television,4.645
2026-01-10T11:10:00Z,game_console,0.048
2026-01-10T11:10:00Z,printer,2.147
2026-01-10T11:15:00Z,refrigerator,3.886
2026-01-10T11:15:00Z,television,5.114
2026-01-10T11:15:00Z,game_console,0.397
2026-01-10T11:15:00Z,printer,2.384
2026-01-10T11:20:00Z,refrigerator,2.652
2026-01-10T11:20:00Z,television,5.819
2026-01-10T11:20:00Z,game_console,0.785
2026-01-10T11:20:00Z,printer,2.114
2026-01-10T11:25:00Z,refrigerator,3.422
2026-01-10T11:25:00Z,television,5.443
2026-01-10T11:25:00Z,game_console,0.81
2026-01-10T11:25:00Z,printer,1.912
2026-01-10T11:30:00Z,refrigerator,3.963
2026-01-10T11:30:00Z,television,5.62
2026-01-10T11:30:00Z,game_console,0.588
2026-01-10T11:30:00Z,printer,2.429
2026-01-10T11:35:00Z,refrigerator,4.165
2026-01-10T11:35:00Z,television,5.721
2026-01-10T11:35:00Z,game_console,0.278
2026-01-10T11:35:00Z,printer,2.191
2026-01-10T11:40:00Z,refrigerator,1.981
2026-01-10T11:40:00Z,television,4.601
2026-01-10T11:40:00Z,game_console,0.306
2026-01-10T11:40:00Z,printer,2.283
2026-01-10T11:45:00Z,refrigerator,2.078
2026-01-10T11:45:00Z,television,5.579
2026-01-10T11:45:00Z,game_console,0.344
2026-01-10T11:45:00Z,printer,2.256
2026-01-10T11:50:00Z,refrigerator,3.435
2026-01-10T11:50:00Z,television,5.84
2026-01-10T11:50:00Z,game_console,0.828
2026-01-10T11:50:00Z,printer,2.03
2026-01-10T11:55:00Z,refrigerator,4.107
2026-01-10T11:55:00Z,television,4.911
2026-01-10T11:55:00Z,game_console,0.251
2026-01-10T11:55:00Z,printer,2.324
2026-01-10T12:00:00Z,refrigerator,87.842
2026-01-10T12:00:00Z,television,5.264
2026-01-10T12:00:00Z,game_console,0.0
2026-01-10T12:00:00Z,printer,17.683
2026-01-10T12:05:00Z,refrigerator,87.858
2026-01-10T12:05:00Z,television,5.217
2026-01-10T12:05:00Z,game_console,0.81
2026-01-10T12:05:00Z,printer,17.662
2026-01-10T12:10:00Z,refrigerator,87.557
2026-01-10T12:10:00Z,television,5.289
2026-01-10T12:10:00Z,game_console,0.682
2026-01-10T12:10:00Z,printer,18.131
2026-01-10T12:15:00Z,refrigerator,86.845
2026-01-10T12:15:00Z,television,4.72
2026-01-10T12:15:00Z,game_console,0.886
2026-01-10T12:15:00Z,printer,18.091
2026-01-10T12:20:00Z,refrigerator,87.303
2026-01-10T12:20:00Z,television,5.077
2026-01-10T12:20:00Z,game_console,0.705
2026-01-10T12:20:00Z,printer,2.155
2026-01-10T12:25:00Z,refrigerator,3.359
2026-01-10T12:25:00Z,television,5.191
2026-01-10T12:25:00Z,game_console,0.253
2026-01-10T12:25:00Z,printer,2.524
2026-01-10T12:30:00Z,refrigerator,3.609
2026-01-10T12:30:00Z,television,5.472
2026-01-10T12:30:00Z,game_console,0.48
2026-01-10T12:30:00Z,printer,2.013
2026-01-10T12:35:00Z,refrigerator,3.087
2026-01-10T12:35:00Z,television,4.681
2026-01-10T12:35:00Z,game_console,0.633
2026-01-10T12:35:00Z,printer,2.424
2026-01-10T12:40:00Z,refrigerator,2.138
2026-01-10T12:40:00Z,television,5.168
2026-01-10T12:40:00Z,game_console,0.508
2026-01-10T12:40:00Z,printer,2.493
2026-01-10T12:45:00Z,refrigerator,3.046
2026-01-10T12:45:00Z,television,4.603
2026-01-10T12:45:00Z,game_console,0.463
2026-01-10T12:45:00Z,printer,2.224
2026-01-10T12:50:00Z,refrigerator,4.242
2026-01-10T12:50:00Z,television,4.623
2026-01-10T12:50:00Z,game_console,0.527
2026-01-10T12:50:00Z,printer,2.033
2026-01-10T12:55:00Z,refrigerator,2.136
2026-01-10T12:55:00Z,television,4.803
2026-01-10T12:55:00Z,game_console,0.236
2026-01-10T12:55:00Z,printer,2.432
2026-01-10T13:00:00Z,refrigerator,3.036
2026-01-10T13:00:00Z,television,5.851
2026-01-10T13:00:00Z,game_console,0.579
2026-01-10T13:00:00Z,printer,1.906
2026-01-10T13:05:00Z,refrigerator,2.57
2026-01-10T13:05:00Z,television,4.669
2026-01-10T13:05:00Z,game_console,0.125
2026-01-10T13:05:00Z,printer,1.945
2026-01-10T13:10:00Z,refrigerator,3.337
2026-01-10T13:10:00Z,television,5.187
2026-01-10T13:10:00Z,game_console,0.219
2026-01-10T13:10:00Z,printer,2.498
2026-01-10T13:15:00Z,refrigerator,3.71
2026-01-10T13:15:00Z,television,5.122
2026-01-10T13:15:00Z,game_console,0.064
2026-01-10T13:15:00Z,printer,2.261
2026-01-10T13:20:00Z,refrigerator,2.752
2026-01-10T13:20:00Z,television,5.393
2026-01-10T13:20:00Z,game_console,0.337
2026-01-10T13:20:00Z,printer,1.889
2026-01-10T13:25:00Z,refrigerator,2.64
2026-01-10T13:25:00Z,television,5.071
2026-01-10T13:25:00Z,game_console,0.86
2026-01-10T13:25:00Z,printer,2.12
2026-01-10T13:30:00Z,refrigerator,87.495
2026-01-10T13:30:00Z,television,4.978
2026-01-10T13:30:00Z,game_console,0.588
2026-01-10T13:30:00Z,printer,2.184
2026-01-10T13:35:00Z,refrigerator,89.09
2026-01-10T13:35:00Z,television,5.728
2026-01-10T13:35:00Z,game_console,0.275
2026-01-10T13:35:00Z,printer,2.484
2026-01-10T13:40:00Z,refrigerator,88.709
2026-01-10T13:40:00Z,television,5.062
2026-01-10T13:40:00Z,game_console,0.267
2026-01-10T13:40:00Z,printer,1.855
2026-01-10T13:45:00Z,refrigerator,88.037
2026-01-10T13:45:00Z,television,5.851
2026-01-10T13:45:00Z,game_console,0.828
2026-01-10T13:45:00Z,printer,2.365
2026-01-10T13:50:00Z,refrigerator,86.853
2026-01-10T13:50:00Z,television,5.548
2026-01-10T13:50:00Z,game_console,0.36
2026-01-10T13:50:00Z,printer,2.17
2026-01-10T13:55:00Z,refrigerator,3.104
2026-01-10T13:55:00Z,television,4.668
2026-01-10T13:55:00Z,game_console,0.237
2026-01-10T13:55:00Z,printer,2.077
2026-01-10T14:00:00Z,refrigerator,2.569
2026-01-10T14:00:00Z,television,5.272
2026-01-10T14:00:00Z,game_console,0.424
2026-01-10T14:00:00Z,printer,1.872
2026-01-10T14:05:00Z,refrigerator,2.419
2026-01-10T14:05:00Z,television,5.11
2026-01-10T14:05:00Z,game_console,0.026
2026-01-10T14:05:00Z,printer,2.316
2026-01-10T14:10:00Z,refrigerator,2.867
2026-01-10T14:10:00Z,television,5.767
2026-01-10T14:10:00Z,game_console,0.044
2026-01-10T14:10:00Z,printer,2.509
2026-01-10T14:15:00Z,refrigerator,2.923
2026-01-10T14:15:00Z,television,5.287
2026-01-10T14:15:00Z,game_console,0.042
2026-01-10T14:15:00Z,printer,1.928
2026-01-10T14:20:00Z,refrigerator,2.512
2026-01-10T14:20:00Z,television,5.137
2026-01-10T14:20:00Z,game_console,0.372
2026-01-10T14:20:00Z,printer,1.985
2026-01-10T14:25:00Z,refrigerator,3.037
2026-01-10T14:25:00Z,television,5.631
2026-01-10T14:25:00Z,game_console,0.532
2026-01-10T14:25:00Z,printer,2.338
2026-01-10T14:30:00Z,refrigerator,3.111
2026-01-10T14:30:00Z,television,4.501
2026-01-10T14:30:00Z,game_console,0.281
2026-01-10T14:30:00Z,printer,1.972
2026-01-10T14:35:00Z,refrigerator,3.751
2026-01-10T14:35:00Z,television,5.343
2026-01-10T14:35:00Z,game_console,0.657
2026-01-10T14:35:00Z,printer,2.085
2026-01-10T14:40:00Z,refrigerator,3.622
2026-01-10T14:40:00Z,television,5.51
2026-01-10T14:40:00Z,game_console,0.499
2026-01-10T14:40:00Z,printer,1.928
2026-01-10T14:45:00Z,refrigerator,2.142
2026-01-10T14:45:00Z,television,5.46
2026-01-10T14:45:00Z,game_console,0.698
2026-01-10T14:45:00Z,printer,1.957
2026-01-10T14:50:00Z,refrigerator,1.935
2026-01-10T14:50:00Z,television,5.412
2026-01-10T14:50:00Z,game_console,0.499
2026-01-10T14:50:00Z,printer,2.549
2026-01-10T14:55:00Z,refrigerator,2.829
2026-01-10T14:55:00Z,television,4.997
2026-01-10T14:55:00Z,game_console,0.749
2026-01-10T14:55:00Z,printer,2.035
2026-01-10T15:00:00Z,refrigerator,89.126
2026-01-10T15:00:00Z,television,4.621
2026-01-10T15:00:00Z,game_console,0.307
2026-01-10T15:00:00Z,printer,2.304
2026-01-10T15:05:00Z,refrigerator,87.468
2026-01-10T15:05:00Z,television,5.756
2026-01-10T15:05:00Z,game_console,0.681
2026-01-10T15:05:00Z,printer,2.457
2026-01-10T15:10:00Z,refrigerator,87.476
2026-01-10T15:10:00Z,television,5.615
2026-01-10T15:10:00Z,game_console,0.331
2026-01-10T15:10:00Z,printer,2.289
2026-01-10T15:15:00Z,refrigerator,88.041
2026-01-10T15:15:00Z,television,5.132
2026-01-10T15:15:00Z,game_console,0.817
2026-01-10T15:15:00Z,printer,2.477
2026-01-10T15:20:00Z,refrigerator,87.579
2026-01-10T15:20:00Z,television,5.485
2026-01-10T15:20:00Z,game_console,0.154
2026-01-10T15:20:00Z,printer,2.148
2026-01-10T15:25:00Z,refrigerator,2.3
2026-01-10T15:25:00Z,television,5.609
2026-01-10T15:25:00Z,game_console,0.595
2026-01-10T15:25:00Z,printer,1.977
2026-01-10T15:30:00Z,refrigerator,2.353
2026-01-10T15:30:00Z,television,5.381
2026-01-10T15:30:00Z,game_console,0.055
2026-01-10T15:30:00Z,printer,1.923
2026-01-10T15:35:00Z,refrigerator,4.254
2026-01-10T15:35:00Z,television,5.749
2026-01-10T15:35:00Z,game_console,0.368
2026-01-10T15:35:00Z,printer,2.445
2026-01-10T15:40:00Z,refrigerator,2.322
2026-01-10T15:40:00Z,television,5.49
2026-01-10T15:40:00Z,game_console,0.664
2026-01-10T15:40:00Z,printer,2.033
2026-01-10T15:45:00Z,refrigerator,4.291
2026-01-10T15:45:00Z,television,4.998
2026-01-10T15:45:00Z,game_console,0.5
2026-01-10T15:45:00Z,printer,1.941
2026-01-10T15:50:00Z,refrigerator,2.762
2026-01-10T15:50:00Z,television,5.52
2026-01-10T15:50:00Z,game_console,0.518
2026-01-10T15:50:00Z,printer,2.028
2026-01-10T15:55:00Z,refrigerator,2.683
2026-01-10T15:55:00Z,television,5.626
2026-01-10T15:55:00Z,game_console,0.457
2026-01-10T15:55:00Z,printer,2.236
2026-01-10T16:00:00Z,refrigerator,4.017
2026-01-10T16:00:00Z,television,4.718
2026-01-10T16:00:00Z,game_console,0.003
2026-01-10T16:00:00Z,printer,2.427
2026-01-10T16:05:00Z,refrigerator,3.549
2026-01-10T16:05:00Z,television,5.711
2026-01-10T16:05:00Z,game_console,0.756
2026-01-10T16:05:00Z,printer,2.071
2026-01-10T16:10:00Z,refrigerator,2.304
2026-01-10T16:10:00Z,television,4.609
2026-01-10T16:10:00Z,game_console,0.0
2026-01-10T16:10:00Z,printer,1.888
2026-01-10T16:15:00Z,refrigerator,2.6
2026-01-10T16:15:00Z,television,4.816
2026-01-10T16:15:00Z,game_console,0.837
2026-01-10T16:15:00Z,printer,2.423
2026-01-10T16:20:00Z,refrigerator,1.948
2026-01-10T16:20:00Z,television,5.179
2026-01-10T16:20:00Z,game_console,0.373
2026-01-10T16:20:00Z,printer,2.193
2026-01-10T16:25:00Z,refrigerator,3.283
2026-01-10T16:25:00Z,television,4.847
2026-01-10T16:25:00Z,game_console,0.688
2026-01-10T16:25:00Z,printer,2.023
2026-01-10T16:30:00Z,refrigerator,88.413
2026-01-10T16:30:00Z,television,5.701
2026-01-10T16:30:00Z,game_console,0.653
2026-01-10T16:30:00Z,printer,2.338
2026-01-10T16:35:00Z,refrigerator,89.165
2026-01-10T16:35:00Z,television,5.885
2026-01-10T16:35:00Z,game_console,0.029
2026-01-10T16:35:00Z,printer,2.173
2026-01-10T16:40:00Z,refrigerator,89.19
2026-01-10T16:40:00Z,television,5.18
2026-01-10T16:40:00Z,game_console,0.232
2026-01-10T16:40:00Z,printer,2.276
2026-01-10T16:45:00Z,refrigerator,88.723
2026-01-10T16:45:00Z,television,4.774
2026-01-10T16:45:00Z,game_console,0.289
2026-01-10T16:45:00Z,printer,2.492
2026-01-10T16:50:00Z,refrigerator,87.666
2026-01-10T16:50:00Z,television,5.561
2026-01-10T16:50:00Z,game_console,0.013
2026-01-10T16:50:00Z,printer,2.231
2026-01-10T16:55:00Z,refrigerator,2.061
2026-01-10T16:55:00Z,television,5.744
2026-01-10T16:55:00Z,game_console,0.585
2026-01-10T16:55:00Z,printer,2.272
2026-01-10T17:00:00Z,refrigerator,4.049
2026-01-10T17:00:00Z,television,5.781
2026-01-10T17:00:00Z,game_console,0.702
2026-01-10T17:00:00Z,printer,2.49
2026-01-10T17:05:00Z,refrigerator,3.203
2026-01-10T17:05:00Z,television,4.927
2026-01-10T17:05:00Z,game_console,0.4
2026-01-10T17:05:00Z,printer,2.08
2026-01-10T17:10:00Z,refrigerator,4.144
2026-01-10T17:10:00Z,television,5.621
2026-01-10T17:10:00Z,game_console,0.123
2026-01-10T17:10:00Z,printer,2.128
2026-01-10T17:15:00Z,refrigerator,2.511
2026-01-10T17:15:00Z,television,5.756
2026-01-10T17:15:00Z,game_console,0.014
2026-01-10T17:15:00Z,printer,2.269
2026-01-10T17:20:00Z,refrigerator,4.057
2026-01-10T17:20:00Z,television,4.862
2026-01-10T17:20:00Z,game_console,0.834
2026-01-10T17:20:00Z,printer,1.992
2026-01-10T17:25:00Z,refrigerator,4.0
2026-01-10T17:25:00Z,television,4.998
2026-01-10T17:25:00Z,game_console,0.486
2026-01-10T17:25:00Z,printer,2.373
2026-01-10T17:30:00Z,refrigerator,1.904
2026-01-10T17:30:00Z,television,4.905
2026-01-10T17:30:00Z,game_console,0.016
2026-01-10T17:30:00Z,printer,2.25
2026-01-10T17:35:00Z,refrigerator,3.103
2026-01-10T17:35:00Z,television,5.872
2026-01-10T17:35:00Z,game_console,0.025
2026-01-10T17:35:00Z,printer,2.254
2026-01-10T17:40:00Z,refrigerator,4.083
2026-01-10T17:40:00Z,television,4.504
2026-01-10T17:40:00Z,game_console,0.714
2026-01-10T17:40:00Z,printer,2.03
2026-01-10T17:45:00Z,refrigerator,3.772
2026-01-10T17:45:00Z,television,5.525
2026-01-10T17:45:00Z,game_console,0.116
2026-01-10T17:45:00Z,printer,2.338
2026-01-10T17:50:00Z,refrigerator,3.662
2026-01-10T17:50:00Z,television,4.615
2026-01-10T17:50:00Z,game_console,0.524
2026-01-10T17:50:00Z,printer,1.946
2026-01-10T17:55:00Z,refrigerator,2.734
2026-01-10T17:55:00Z,television,4.638
2026-01-10T17:55:00Z,game_console,0.874
2026-01-10T17:55:00Z,printer,1.917
2026-01-10T18:00:00Z,refrigerator,88.383
2026-01-10T18:00:00Z,television,72.583
2026-01-10T18:00:00Z,game_console,0.617
2026-01-10T18:00:00Z,printer,17.82
2026-01-10T18:05:00Z,refrigerator,88.366
2026-01-10T18:05:00Z,television,72.054
2026-01-10T18:05:00Z,game_console,0.784
2026-01-10T18:05:00Z,printer,17.708
2026-01-10T18:10:00Z,refrigerator,88.594
2026-01-10T18:10:00Z,television,71.935
2026-01-10T18:10:00Z,game_console,0.652
2026-01-10T18:10:00Z,printer,18.287
2026-01-10T18:15:00Z,refrigerator,86.909
2026-01-10T18:15:00Z,television,72.137
2026-01-10T18:15:00Z,game_console,0.753
2026-01-10T18:15:00Z,printer,17.977
2026-01-10T18:20:00Z,refrigerator,87.847
2026-01-10T18:20:00Z,television,71.492
2026-01-10T18:20:00Z,game_console,0.408
2026-01-10T18:20:00Z,printer,2.291
2026-01-10T18:25:00Z,refrigerator,2.177
2026-01-10T18:25:00Z,television,72.449
2026-01-10T18:25:00Z,game_console,0.32
2026-01-10T18:25:00Z,printer,2.014
2026-01-10T18:30:00Z,refrigerator,2.537
2026-01-10T18:30:00Z,television,72.399
2026-01-10T18:30:00Z,game_console,0.0
2026-01-10T18:30:00Z,printer,2.13
2026-01-10T18:35:00Z,refrigerator,3.288
2026-01-10T18:35:00Z,television,72.592
2026-01-10T18:35:00Z,game_console,0.883
2026-01-10T18:35:00Z,printer,2.495
2026-01-10T18:40:00Z,refrigerator,2.48
2026-01-10T18:40:00Z,television,72.459
2026-01-10T18:40:00Z,game_console,0.705
2026-01-10T18:40:00Z,printer,2.065
2026-01-10T18:45:00Z,refrigerator,2.105
2026-01-10T18:45:00Z,television,72.385
2026-01-10T18:45:00Z,game_console,0.726
2026-01-10T18:45:00Z,printer,2.162
2026-01-10T18:50:00Z,refrigerator,3.081
2026-01-10T18:50:00Z,television,72.023
2026-01-10T18:50:00Z,game_console,0.0
2026-01-10T18:50:00Z,printer,1.912
2026-01-10T18:55:00Z,refrigerator,2.821
2026-01-10T18:55:00Z,television,71.926
2026-01-10T18:55:00Z,game_console,0.776
2026-01-10T18:55:00Z,printer,2.304
2026-01-10T19:00:00Z,refrigerator,2.11
2026-01-10T19:00:00Z,television,72.622
2026-01-10T19:00:00Z,game_console,148.454
2026-01-10T19:00:00Z,printer,2.299
2026-01-10T19:05:00Z,refrigerator,3.617
2026-01-10T19:05:00Z,television,71.928
2026-01-10T19:05:00Z,game_console,147.62
2026-01-10T19:05:00Z,printer,2.146
2026-01-10T19:10:00Z,refrigerator,4.295
2026-01-10T19:10:00Z,television,71.634
2026-01-10T19:10:00Z,game_console,148.406
2026-01-10T19:10:00Z,printer,2.164
2026-01-10T19:15:00Z,refrigerator,3.741
2026-01-10T19:15:00Z,television,72.221
2026-01-10T19:15:00Z,game_console,147.587
2026-01-10T19:15:00Z,printer,2.047
2026-01-10T19:20:00Z,refrigerator,4.014
2026-01-10T19:20:00Z,television,71.518
2026-01-10T19:20:00Z,game_console,148.199
2026-01-10T19:20:00Z,printer,2.342
2026-01-10T19:25:00Z,refrigerator,3.505
2026-01-10T19:25:00Z,television,72.27
2026-01-10T19:25:00Z,game_console,148.284
2026-01-10T19:25:00Z,printer,1.912
2026-01-10T19:30:00Z,refrigerator,87.819
2026-01-10T19:30:00Z,television,71.805
2026-01-10T19:30:00Z,game_console,148.433
2026-01-10T19:30:00Z,printer,2.179
2026-01-10T19:35:00Z,refrigerator,88.935
2026-01-10T19:35:00Z,television,72.107
2026-01-10T19:35:00Z,game_console,148.357
2026-01-10T19:35:00Z,printer,1.926
2026-01-10T19:40:00Z,refrigerator,88.523
2026-01-10T19:40:00Z,television,71.682
2026-01-10T19:40:00Z,game_console,148.46
2026-01-10T19:40:00Z,printer,2.135
2026-01-10T19:45:00Z,refrigerator,86.976
2026-01-10T19:45:00Z,television,71.463
2026-01-10T19:45:00Z,game_console,148.179
2026-01-10T19:45:00Z,printer,2.252
2026-01-10T19:50:00Z,refrigerator,87.105
2026-01-10T19:50:00Z,television,72.415
2026-01-10T19:50:00Z,game_console,148.146
2026-01-10T19:50:00Z,printer,2.236
2026-01-10T19:55:00Z,refrigerator,2.551
2026-01-10T19:55:00Z,television,71.916
2026-01-10T19:55:00Z,game_console,148.351
2026-01-10T19:55:00Z,printer,2.512
2026-01-10T20:00:00Z,refrigerator,2.02
2026-01-10T20:00:00Z,television,72.23
2026-01-10T20:00:00Z,game_console,148.415
2026-01-10T20:00:00Z,printer,2.418
2026-01-10T20:05:00Z,refrigerator,2.334
2026-01-10T20:05:00Z,television,72.358
2026-01-10T20:05:00Z,game_console,147.936
2026-01-10T20:05:00Z,printer,2.171
2026-01-10T20:10:00Z,refrigerator,4.031
2026-01-10T20:10:00Z,television,72.282
2026-01-10T20:10:00Z,game_console,147.605
2026-01-10T20:10:00Z,printer,2.249
2026-01-10T20:15:00Z,refrigerator,2.014
2026-01-10T20:15:00Z,television,72.258
2026-01-10T20:15:00Z,game_console,147.649
2026-01-10T20:15:00Z,printer,2.111
2026-01-10T20:20:00Z,refrigerator,3.983
2026-01-10T20:20:00Z,television,71.861
2026-01-10T20:20:00Z,game_console,147.749
2026-01-10T20:20:00Z,printer,2.108
2026-01-10T20:25:00Z,refrigerator,2.19
2026-01-10T20:25:00Z,television,72.031
2026-01-10T20:25:00Z,game_console,147.705
2026-01-10T20:25:00Z,printer,2.31
2026-01-10T20:30:00Z,refrigerator,2.339
2026-01-10T20:30:00Z,television,71.333
2026-01-10T20:30:00Z,game_console,147.836
2026-01-10T20:30:00Z,printer,2.148
2026-01-10T20:35:00Z,refrigerator,2.763
2026-01-10T20:35:00Z,television,72.672
2026-01-10T20:35:00Z,game_console,147.853
2026-01-10T20:35:00Z,printer,1.981
2026-01-10T20:40:00Z,refrigerator,2.964
2026-01-10T20:40:00Z,television,72.03
2026-01-10T20:40:00Z,game_console,148.058
2026-01-10T20:40:00Z,printer,1.954
2026-01-10T20:45:00Z,refrigerator,2.549
2026-01-10T20:45:00Z,television,72.651
2026-01-10T20:45:00Z,game_console,148.031
2026-01-10T20:45:00Z,printer,1.872
2026-01-10T20:50:00Z,refrigerator,3.639
2026-01-10T20:50:00Z,television,72.09
2026-01-10T20:50:00Z,game_console,148.238
2026-01-10T20:50:00Z,printer,2.092
2026-01-10T20:55:00Z,refrigerator,3.307
2026-01-10T20:55:00Z,television,72.113
2026-01-10T20:55:00Z,game_console,148.364
2026-01-10T20:55:00Z,printer,1.971
2026-01-10T21:00:00Z,refrigerator,87.141
2026-01-10T21:00:00Z,television,71.438
2026-01-10T21:00:00Z,game_console,148.089
2026-01-10T21:00:00Z,printer,2.404
2026-01-10T21:05:00Z,refrigerator,86.892
2026-01-10T21:05:00Z,television,72.501
2026-01-10T21:05:00Z,game_console,147.525
2026-01-10T21:05:00Z,printer,2.253
2026-01-10T21:10:00Z,refrigerator,87.093
2026-01-10T21:10:00Z,television,72.684
2026-01-10T21:10:00Z,game_console,147.829
2026-01-10T21:10:00Z,printer,2.069
2026-01-10T21:15:00Z,refrigerator,87.019
2026-01-10T21:15:00Z,television,72.262
2026-01-10T21:15:00Z,game_console,147.861
2026-01-10T21:15:00Z,printer,2.192
2026-01-10T21:20:00Z,refrigerator,88.921
2026-01-10T21:20:00Z,television,71.943
2026-01-10T21:20:00Z,game_console,147.995
2026-01-10T21:20:00Z,printer,2.478
2026-01-10T21:25:00Z,refrigerator,3.078
2026-01-10T21:25:00Z,television,72.684
2026-01-10T21:25:00Z,game_console,148.175
2026-01-10T21:25:00Z,printer,2.034
2026-01-10T21:30:00Z,refrigerator,2.415
2026-01-10T21:30:00Z,television,71.729
2026-01-10T21:30:00Z,game_console,148.173
2026-01-10T21:30:00Z,printer,1.859
2026-01-10T21:35:00Z,refrigerator,2.632
2026-01-10T21:35:00Z,television,71.482
2026-01-10T21:35:00Z,game_console,148.473
2026-01-10T21:35:00Z,printer,2.028
2026-01-10T21:40:00Z,refrigerator,4.267
2026-01-10T21:40:00Z,television,72.384
2026-01-10T21:40:00Z,game_console,147.846
2026-01-10T21:40:00Z,printer,2.081
2026-01-10T21:45:00Z,refrigerator,2.221
2026-01-10T21:45:00Z,television,71.695
2026-01-10T21:45:00Z,game_console,147.918
2026-01-10T21:45:00Z,printer,1.983
2026-01-10T21:50:00Z,refrigerator,4.111
2026-01-10T21:50:00Z,television,72.573
2026-01-10T21:50:00Z,game_console,147.983
2026-01-10T21:50:00Z,printer,1.87
2026-01-10T21:55:00Z,refrigerator,3.332
2026-01-10T21:55:00Z,television,72.167
2026-01-10T21:55:00Z,game_console,148.237
2026-01-10T21:55:00Z,printer,2.306
2026-01-10T22:00:00Z,refrigerator,2.518
2026-01-10T22:00:00Z,television,5.722
2026-01-10T22:00:00Z,game_console,148.179
2026-01-10T22:00:00Z,printer,2.382
2026-01-10T22:05:00Z,refrigerator,3.38
2026-01-10T22:05:00Z,television,5.554
2026-01-10T22:05:00Z,game_console,148.138
2026-01-10T22:05:00Z,printer,2.121
2026-01-10T22:10:00Z,refrigerator,3.193
2026-01-10T22:10:00Z,television,5.77
2026-01-10T22:10:00Z,game_console,147.537
2026-01-10T22:10:00Z,printer,2.46
2026-01-10T22:15:00Z,refrigerator,2.501
2026-01-10T22:15:00Z,television,5.769
2026-01-10T22:15:00Z,game_console,147.729
2026-01-10T22:15:00Z,printer,2.442
2026-01-10T22:20:00Z,refrigerator,3.051
2026-01-10T22:20:00Z,television,4.994
2026-01-10T22:20:00Z,game_console,148.389
2026-01-10T22:20:00Z,printer,1.994
2026-01-10T22:25:00Z,refrigerator,4.174
2026-01-10T22:25:00Z,television,5.461
2026-01-10T22:25:00Z,game_console,147.568
2026-01-10T22:25:00Z,printer,2.32
2026-01-10T22:30:00Z,refrigerator,87.16
2026-01-10T22:30:00Z,television,4.904
2026-01-10T22:30:00Z,game_console,147.775
2026-01-10T22:30:00Z,printer,2.513
2026-01-10T22:35:00Z,refrigerator,88.848
2026-01-10T22:35:00Z,television,5.391
2026-01-10T22:35:00Z,game_console,147.889
2026-01-10T22:35:00Z,printer,1.946
2026-01-10T22:40:00Z,refrigerator,87.509
2026-01-10T22:40:00Z,television,5.879
2026-01-10T22:40:00Z,game_console,147.981
2026-01-10T22:40:00Z,printer,2.433
2026-01-10T22:45:00Z,refrigerator,86.877
2026-01-10T22:45:00Z,television,5.861
2026-01-10T22:45:00Z,game_console,147.938
2026-01-10T22:45:00Z,printer,2.012
2026-01-10T22:50:00Z,refrigerator,88.84
2026-01-10T22:50:00Z,television,5.828
2026-01-10T22:50:00Z,game_console,148.176
2026-01-10T22:50:00Z,printer,2.541
2026-01-10T22:55:00Z,refrigerator,2.118
2026-01-10T22:55:00Z,television,5.823
2026-01-10T22:55:00Z,game_console,148.003
2026-01-10T22:55:00Z,printer,1.903
2026-01-10T23:00:00Z,refrigerator,2.907
2026-01-10T23:00:00Z,television,5.812
2026-01-10T23:00:00Z,game_console,11.963
2026-01-10T23:00:00Z,printer,2.232
2026-01-10T23:05:00Z,refrigerator,2.799
2026-01-10T23:05:00Z,television,5.402
2026-01-10T23:05:00Z,game_console,12.168
2026-01-10T23:05:00Z,printer,2.349
2026-01-10T23:10:00Z,refrigerator,2.717
2026-01-10T23:10:00Z,television,4.589
2026-01-10T23:10:00Z,game_console,11.561
2026-01-10T23:10:00Z,printer,2.117
2026-01-10T23:15:00Z,refrigerator,4.087
2026-01-10T23:15:00Z,television,5.094
2026-01-10T23:15:00Z,game_console,11.309
2026-01-10T23:15:00Z,printer,2.117
2026-01-10T23:20:00Z,refrigerator,4.239
2026-01-10T23:20:00Z,television,5.365
2026-01-10T23:20:00Z,game_console,11.937
2026-01-10T23:20:00Z,printer,2.298
2026-01-10T23:25:00Z,refrigerator,2.779
2026-01-10T23:25:00Z,television,5.146
2026-01-10T23:25:00Z,game_console,11.62
2026-01-10T23:25:00Z,printer,2.242
2026-01-10T23:30:00Z,refrigerator,3.713
2026-01-10T23:30:00Z,television,5.174
2026-01-10T23:30:00Z,game_console,12.002
2026-01-10T23:30:00Z,printer,2.338
2026-01-10T23:35:00Z,refrigerator,3.822
2026-01-10T23:35:00Z,television,4.606
2026-01-10T23:35:00Z,game_console,11.966
2026-01-10T23:35:00Z,printer,1.896
2026-01-10T23:40:00Z,refrigerator,4.281
2026-01-10T23:40:00Z,television,5.674
2026-01-10T23:40:00Z,game_console,11.69
2026-01-10T23:40:00Z,printer,2.08
2026-01-10T23:45:00Z,refrigerator,2.845
2026-01-10T23:45:00Z,television,4.695
2026-01-10T23:45:00Z,game_console,11.635
2026-01-10T23:45:00Z,printer,2.533
2026-01-10T23:50:00Z,refrigerator,3.288
2026-01-10T23:50:00Z,television,5.058
2026-01-10T23:50:00Z,game_console,11.319
2026-01-10T23:50:00Z,printer,2.085
2026-01-10T23:55:00Z,refrigerator,2.602
2026-01-10T23:55:00Z,television,5.106
2026-01-10T23:55:00Z,game_console,11.359
2026-01-10T23:55:00Z,printer,1.958
2026-01-11T00:00:00Z,refrigerator,87.724
2026-01-11T00:00:00Z,television,5.794
2026-01-11T00:00:00Z,game_console,11.482
2026-01-11T00:00:00Z,printer,18.338
2026-01-11T00:05:00Z,refrigerator,88.485
2026-01-11T00:05:00Z,television,5.268
2026-01-11T00:05:00Z,game_console,11.471
2026-01-11T00:05:00Z,printer,17.774
2026-01-11T00:10:00Z,refrigerator,86.832
2026-01-11T00:10:00Z,television,4.81
2026-01-11T00:10:00Z,game_console,11.875
2026-01-11T00:10:00Z,printer,18.073
2026-01-11T00:15:00Z,refrigerator,88.746
2026-01-11T00:15:00Z,television,4.58
2026-01-11T00:15:00Z,game_console,11.87
2026-01-11T00:15:00Z,printer,17.67
2026-01-11T00:20:00Z,refrigerator,89.128
2026-01-11T00:20:00Z,television,5.536
2026-01-11T00:20:00Z,game_console,11.704
2026-01-11T00:20:00Z,printer,2.253
2026-01-11T00:25:00Z,refrigerator,2.3
2026-01-11T00:25:00Z,television,5.007
2026-01-11T00:25:00Z,game_console,11.667
2026-01-11T00:25:00Z,printer,2.418
2026-01-11T00:30:00Z,refrigerator,2.721
2026-01-11T00:30:00Z,television,5.587
2026-01-11T00:30:00Z,game_console,11.52
2026-01-11T00:30:00Z,printer,1.999
2026-01-11T00:35:00Z,refrigerator,1.998
2026-01-11T00:35:00Z,television,5.11
2026-01-11T00:35:00Z,game_console,11.354
2026-01-11T00:35:00Z,printer,2.112
2026-01-11T00:40:00Z,refrigerator,3.412
2026-01-11T00:40:00Z,television,5.401
2026-01-11T00:40:00Z,game_console,12.07
2026-01-11T00:40:00Z,printer,2.52
2026-01-11T00:45:00Z,refrigerator,2.878
2026-01-11T00:45:00Z,television,5.205
2026-01-11T00:45:00Z,game_console,11.66
2026-01-11T00:45:00Z,printer,2.38
2026-01-11T00:50:00Z,refrigerator,2.969
2026-01-11T00:50:00Z,television,4.686
2026-01-11T00:50:00Z,game_console,11.808
2026-01-11T00:50:00Z,printer,2.439
2026-01-11T00:55:00Z,refrigerator,2.16
2026-01-11T00:55:00Z,television,5.744
2026-01-11T00:55:00Z,game_console,11.711
2026-01-11T00:55:00Z,printer,2.286
2026-01-11T01:00:00Z,refrigerator,2.887
2026-01-11T01:00:00Z,television,4.993
2026-01-11T01:00:00Z,game_console,11.388
2026-01-11T01:00:00Z,printer,2.195
2026-01-11T01:05:00Z,refrigerator,3.428
2026-01-11T01:05:00Z,television,5.083
2026-01-11T01:05:00Z,game_console,11.494
2026-01-11T01:05:00Z,printer,2.188
2026-01-11T01:10:00Z,refrigerator,2.279
2026-01-11T01:10:00Z,television,4.968
2026-01-11T01:10:00Z,game_console,12.196
2026-01-11T01:10:00Z,printer,2.439
2026-01-11T01:15:00Z,refrigerator,3.519
2026-01-11T01:15:00Z,television,4.968
2026-01-11T01:15:00Z,game_console,11.632
2026-01-11T01:15:00Z,printer,2.083
2026-01-11T01:20:00Z,refrigerator,3.937
2026-01-11T01:20:00Z,television,5.24
2026-01-11T01:20:00Z,game_console,11.627
2026-01-11T01:20:00Z,printer,2.364
2026-01-11T01:25:00Z,refrigerator,3.32
2026-01-11T01:25:00Z,television,5.162
2026-01-11T01:25:00Z,game_console,12.154
2026-01-11T01:25:00Z,printer,1.925
2026-01-11T01:30:00Z,refrigerator,87.398
2026-01-11T01:30:00Z,television,5.378
2026-01-11T01:30:00Z,game_console,11.479
2026-01-11T01:30:00Z,printer,2.144
2026-01-11T01:35:00Z,refrigerator,87.497
2026-01-11T01:35:00Z,television,5.102
2026-01-11T01:35:00Z,game_console,11.559
2026-01-11T01:35:00Z,printer,2.538
2026-01-11T01:40:00Z,refrigerator,87.41
2026-01-11T01:40:00Z,television,5.564
2026-01-11T01:40:00Z,game_console,11.718
2026-01-11T01:40:00Z,printer,2.223
2026-01-11T01:45:00Z,refrigerator,88.946
2026-01-11T01:45:00Z,television,4.549
2026-01-11T01:45:00Z,game_console,11.496
2026-01-11T01:45:00Z,printer,1.985
2026-01-11T01:50:00Z,refrigerator,88.896
2026-01-11T01:50:00Z,television,5.305
2026-01-11T01:50:00Z,game_console,12.042
2026-01-11T01:50:00Z,printer,2.227
2026-01-11T01:55:00Z,refrigerator,3.926
2026-01-11T01:55:00Z,television,4.985
2026-01-11T01:55:00Z,game_console,11.596
2026-01-11T01:55:00Z,printer,2.46
2026-01-11T02:00:00Z,refrigerator,2.921
2026-01-11T02:00:00Z,television,5.712
2026-01-11T02:00:00Z,game_console,12.25
2026-01-11T02:00:00Z,printer,2.439
2026-01-11T02:05:00Z,refrigerator,3.608
2026-01-11T02:05:00Z,television,5.304
2026-01-11T02:05:00Z,game_console,11.817
2026-01-11T02:05:00Z,printer,2.175
2026-01-11T02:10:00Z,refrigerator,3.055
2026-01-11T02:10:00Z,television,5.542
2026-01-11T02:10:00Z,game_console,12.205
2026-01-11T02:10:00Z,printer,2.26
2026-01-11T02:15:00Z,refrigerator,3.724
2026-01-11T02:15:00Z,television,5.136
2026-01-11T02:15:00Z,game_console,12.066
2026-01-11T02:15:00Z,printer,1.863
2026-01-11T02:20:00Z,refrigerator,2.166
2026-01-11T02:20:00Z,television,5.714
2026-01-11T02:20:00Z,game_console,12.061
2026-01-11T02:20:00Z,printer,2.153
2026-01-11T02:25:00Z,refrigerator,3.779
2026-01-11T02:25:00Z,television,4.923
2026-01-11T02:25:00Z,game_console,11.932
2026-01-11T02:25:00Z,printer,2.189
2026-01-11T02:30:00Z,refrigerator,2.334
2026-01-11T02:30:00Z,television,4.664
2026-01-11T02:30:00Z,game_console,11.834
2026-01-11T02:30:00Z,printer,1.863
2026-01-11T02:35:00Z,refrigerator,3.213
2026-01-11T02:35:00Z,television,4.857
2026-01-11T02:35:00Z,game_console,11.682
2026-01-11T02:35:00Z,printer,2.22
2026-01-11T02:40:00Z,refrigerator,4.27
2026-01-11T02:40:00Z,television,5.783
2026-01-11T02:40:00Z,game_console,11.817
2026-01-11T02:40:00Z,printer,1.93
2026-01-11T02:45:00Z,refrigerator,3.626
2026-01-11T02:45:00Z,television,5.677
2026-01-11T02:45:00Z,game_console,11.755
2026-01-11T02:45:00Z,printer,2.488
2026-01-11T02:50:00Z,refrigerator,4.188
2026-01-11T02:50:00Z,television,4.683
2026-01-11T02:50:00Z,game_console,12.11
2026-01-11T02:50:00Z,printer,2.345
2026-01-11T02:55:00Z,refrigerator,2.447
2026-01-11T02:55:00Z,television,4.822
2026-01-11T02:55:00Z,game_console,12.194
2026-01-11T02:55:00Z,printer,2.528
2026-01-11T03:00:00Z,refrigerator,87.165
2026-01-11T03:00:00Z,television,4.606
2026-01-11T03:00:00Z,game_console,11.698
2026-01-11T03:00:00Z,printer,2.382
2026-01-11T03:05:00Z,refrigerator,88.352
2026-01-11T03:05:00Z,television,5.328
2026-01-11T03:05:00Z,game_console,11.488
2026-01-11T03:05:00Z,printer,1.895
2026-01-11T03:10:00Z,refrigerator,87.482
2026-01-11T03:10:00Z,television,4.867
2026-01-11T03:10:00Z,game_console,11.38
2026-01-11T03:10:00Z,printer,2.072
2026-01-11T03:15:00Z,refrigerator,86.816
2026-01-11T03:15:00Z,television,5.893
2026-01-11T03:15:00Z,game_console,12.268
2026-01-11T03:15:00Z,printer,2.303
2026-01-11T03:20:00Z,refrigerator,87.81
2026-01-11T03:20:00Z,television,5.351
2026-01-11T03:20:00Z,game_console,11.387
2026-01-11T03:20:00Z,printer,1.874
2026-01-11T03:25:00Z,refrigerator,3.775
2026-01-11T03:25:00Z,television,4.738
2026-01-11T03:25:00Z,game_console,11.526
2026-01-11T03:25:00Z,printer,2.063
2026-01-11T03:30:00Z,refrigerator,3.236
2026-01-11T03:30:00Z,television,5.359
2026-01-11T03:30:00Z,game_console,11.849
2026-01-11T03:30:00Z,printer,1.965
2026-01-11T03:35:00Z,refrigerator,2.996
2026-01-11T03:35:00Z,television,4.599
2026-01-11T03:35:00Z,game_console,11.826
2026-01-11T03:35:00Z,printer,2.077
2026-01-11T03:40:00Z,refrigerator,2.513
2026-01-11T03:40:00Z,television,5.776
2026-01-11T03:40:00Z,game_console,11.622
2026-01-11T03:40:00Z,printer,2.393
2026-01-11T03:45:00Z,refrigerator,3.938
2026-01-11T03:45:00Z,television,4.619
2026-01-11T03:45:00Z,game_console,11.675
2026-01-11T03:45:00Z,printer,2.043
2026-01-11T03:50:00Z,refrigerator,2.847
2026-01-11T03:50:00Z,television,5.13
2026-01-11T03:50:00Z,game_console,11.877
2026-01-11T03:50:00Z,printer,2.296
2026-01-11T03:55:00Z,refrigerator,3.162
2026-01-11T03:55:00Z,television,5.74
2026-01-11T03:55:00Z,game_console,11.932
2026-01-11T03:55:00Z,printer,2.165
2026-01-11T04:00:00Z,refrigerator,2.862
2026-01-11T04:00:00Z,television,5.322
2026-01-11T04:00:00Z,game_console,12.112
2026-01-11T04:00:00Z,printer,2.302
2026-01-11T04:05:00Z,refrigerator,3.89
2026-01-11T04:05:00Z,television,4.918
2026-01-11T04:05:00Z,game_console,12.177
2026-01-11T04:05:00Z,printer,2.053
2026-01-11T04:10:00Z,refrigerator,2.483
2026-01-11T04:10:00Z,television,5.135
2026-01-11T04:10:00Z,game_console,11.732
2026-01-11T04:10:00Z,printer,2.312
2026-01-11T04:15:00Z,refrigerator,3.906
2026-01-11T04:15:00Z,television,5.618
2026-01-11T04:15:00Z,game_console,11.487
2026-01-11T04:15:00Z,printer,2.214
2026-01-11T04:20:00Z,refrigerator,3.657
2026-01-11T04:20:00Z,television,5.366
2026-01-11T04:20:00Z,game_console,11.759
2026-01-11T04:20:00Z,printer,2.383
2026-01-11T04:25:00Z,refrigerator,2.168
2026-01-11T04:25:00Z,television,5.713
2026-01-11T04:25:00Z,game_console,11.499
2026-01-11T04:25:00Z,printer,2.235
2026-01-11T04:30:00Z,refrigerator,88.768
2026-01-11T04:30:00Z,television,5.124
2026-01-11T04:30:00Z,game_console,11.502
2026-01-11T04:30:00Z,printer,1.97
2026-01-11T04:35:00Z,refrigerator,87.672
2026-01-11T04:35:00Z,television,5.624
2026-01-11T04:35:00Z,game_console,11.606
2026-01-11T04:35:00Z,printer,2.343
2026-01-11T04:40:00Z,refrigerator,88.978
2026-01-11T04:40:00Z,television,5.246
2026-01-11T04:40:00Z,game_console,11.829
2026-01-11T04:40:00Z,printer,1.86
2026-01-11T04:45:00Z,refrigerator,87.946
2026-01-11T04:45:00Z,television,5.185
2026-01-11T04:45:00Z,game_console,11.857
2026-01-11T04:45:00Z,printer,1.952
2026-01-11T04:50:00Z,refrigerator,88.593
2026-01-11T04:50:00Z,television,4.763
2026-01-11T04:50:00Z,game_console,11.925
2026-01-11T04:50:00Z,printer,2.136
2026-01-11T04:55:00Z,refrigerator,2.665
2026-01-11T04:55:00Z,television,5.659
2026-01-11T04:55:00Z,game_console,11.406
2026-01-11T04:55:00Z,printer,2.334
2026-01-11T05:00:00Z,refrigerator,2.938
2026-01-11T05:00:00Z,television,4.545
2026-01-11T05:00:00Z,game_console,12.188
2026-01-11T05:00:00Z,printer,2.196
2026-01-11T05:05:00Z,refrigerator,3.769
2026-01-11T05:05:00Z,television,5.788
2026-01-11T05:05:00Z,game_console,12.046
2026-01-11T05:05:00Z,printer,2.516
2026-01-11T05:10:00Z,refrigerator,3.264
2026-01-11T05:10:00Z,television,4.821
2026-01-11T05:10:00Z,game_console,12.05
2026-01-11T05:10:00Z,printer,1.951
2026-01-11T05:15:00Z,refrigerator,2.556
2026-01-11T05:15:00Z,television,5.238
2026-01-11T05:15:00Z,game_console,11.973
2026-01-11T05:15:00Z,printer,2.451
2026-01-11T05:20:00Z,refrigerator,3.218
2026-01-11T05:20:00Z,television,5.751
2026-01-11T05:20:00Z,game_console,11.468
2026-01-11T05:20:00Z,printer,1.945
2026-01-11T05:25:00Z,refrigerator,1.917
2026-01-11T05:25:00Z,television,4.669
2026-01-11T05:25:00Z,game_console,12.096
2026-01-11T05:25:00Z,printer,2.07
2026-01-11T05:30:00Z,refrigerator,2.621
2026-01-11T05:30:00Z,television,5.255
2026-01-11T05:30:00Z,game_console,11.333
2026-01-11T05:30:00Z,printer,1.894
2026-01-11T05:35:00Z,refrigerator,2.819
2026-01-11T05:35:00Z,television,5.296
2026-01-11T05:35:00Z,game_console,11.78
2026-01-11T05:35:00Z,printer,1.967
2026-01-11T05:40:00Z,refrigerator,3.835
2026-01-11T05:40:00Z,television,5.511
2026-01-11T05:40:00Z,game_console,12.194
2026-01-11T05:40:00Z,printer,2.391
2026-01-11T05:45:00Z,refrigerator,3.768
2026-01-11T05:45:00Z,television,4.866
2026-01-11T05:45:00Z,game_console,11.984
2026-01-11T05:45:00Z,printer,2.335
2026-01-11T05:50:00Z,refrigerator,3.786
2026-01-11T05:50:00Z,television,4.574
2026-01-11T05:50:00Z,game_console,11.395
2026-01-11T05:50:00Z,printer,2.439
2026-01-11T05:55:00Z,refrigerator,3.68
2026-01-11T05:55:00Z,television,5.772
2026-01-11T05:55:00Z,game_console,12.145
2026-01-11T05:55:00Z,printer,2.228
2026-01-11T06:00:00Z,refrigerator,88.64
2026-01-11T06:00:00Z,television,5.642
2026-01-11T06:00:00Z,game_console,12.085
2026-01-11T06:00:00Z,printer,18.128
2026-01-11T06:05:00Z,refrigerator,87.14
2026-01-11T06:05:00Z,television,4.683
2026-01-11T06:05:00Z,game_console,12.29
2026-01-11T06:05:00Z,printer,17.963
2026-01-11T06:10:00Z,refrigerator,88.689
2026-01-11T06:10:00Z,television,5.02
2026-01-11T06:10:00Z,game_console,11.384
2026-01-11T06:10:00Z,printer,17.697
2026-01-11T06:15:00Z,refrigerator,88.147
2026-01-11T06:15:00Z,television,4.845
2026-01-11T06:15:00Z,game_console,12.158
2026-01-11T06:15:00Z,printer,18.094
2026-01-11T06:20:00Z,refrigerator,88.753
2026-01-11T06:20:00Z,television,4.968
2026-01-11T06:20:00Z,game_console,11.932
2026-01-11T06:20:00Z,printer,1.869
2026-01-11T06:25:00Z,refrigerator,2.302
2026-01-11T06:25:00Z,television,5.551
2026-01-11T06:25:00Z,game_console,12.148
2026-01-11T06:25:00Z,printer,2.265
2026-01-11T06:30:00Z,refrigerator,2.182
2026-01-11T06:30:00Z,television,5.367
2026-01-11T06:30:00Z,game_console,11.345
2026-01-11T06:30:00Z,printer,2.053
2026-01-11T06:35:00Z,refrigerator,3.881
2026-01-11T06:35:00Z,television,5.859
2026-01-11T06:35:00Z,game_console,11.496
2026-01-11T06:35:00Z,printer,2.098
2026-01-11T06:40:00Z,refrigerator,2.104
2026-01-11T06:40:00Z,television,5.308
2026-01-11T06:40:00Z,game_console,12.009
2026-01-11T06:40:00Z,printer,1.904
2026-01-11T06:45:00Z,refrigerator,3.347
2026-01-11T06:45:00Z,television,5.854
2026-01-11T06:45:00Z,game_console,12.124
2026-01-11T06:45:00Z,printer,2.015
2026-01-11T06:50:00Z,refrigerator,2.188
2026-01-11T06:50:00Z,television,5.31
2026-01-11T06:50:00Z,game_console,12.286
2026-01-11T06:50:00Z,printer,2.513
2026-01-11T06:55:00Z,refrigerator,4.055
2026-01-11T06:55:00Z,television,5.588
2026-01-11T06:55:00Z,game_console,12.161
2026-01-11T06:55:00Z,printer,2.536
2026-01-11T07:00:00Z,refrigerator,2.944
2026-01-11T07:00:00Z,television,4.55
2026-01-11T07:00:00Z,game_console,0.292
2026-01-11T07:00:00Z,printer,2.538
2026-01-11T07:05:00Z,refrigerator,2.044
2026-01-11T07:05:00Z,television,5.034
2026-01-11T07:05:00Z,game_console,0.73
2026-01-11T07:05:00Z,printer,2.304
2026-01-11T07:10:00Z,refrigerator,2.543
2026-01-11T07:10:00Z,television,5.048
2026-01-11T07:10:00Z,game_console,0.558
2026-01-11T07:10:00Z,printer,2.324
2026-01-11T07:15:00Z,refrigerator,3.732
2026-01-11T07:15:00Z,television,5.076
2026-01-11T07:15:00Z,game_console,0.215
2026-01-11T07:15:00Z,printer,2.444
2026-01-11T07:20:00Z,refrigerator,2.299
2026-01-11T07:20:00Z,television,4.936
2026-01-11T07:20:00Z,game_console,0.807
2026-01-11T07:20:00Z,printer,2.383
2026-01-11T07:25:00Z,refrigerator,3.301
2026-01-11T07:25:00Z,television,4.855
2026-01-11T07:25:00Z,game_console,0.154
2026-01-11T07:25:00Z,printer,2.463
2026-01-11T07:30:00Z,refrigerator,87.866
2026-01-11T07:30:00Z,television,5.093
2026-01-11T07:30:00Z,game_console,0.546
2026-01-11T07:30:00Z,printer,2.104
2026-01-11T07:35:00Z,refrigerator,88.964
2026-01-11T07:35:00Z,television,5.101
2026-01-11T07:35:00Z,game_console,0.299
2026-01-11T07:35:00Z,printer,2.094
2026-01-11T07:40:00Z,refrigerator,89.051
2026-01-11T07:40:00Z,television,5.86
2026-01-11T07:40:00Z,game_console,0.558
2026-01-11T07:40:00Z,printer,2.127
2026-01-11T07:45:00Z,refrigerator,87.145
2026-01-11T07:45:00Z,television,5.774
2026-01-11T07:45:00Z,game_console,0.179
2026-01-11T07:45:00Z,printer,2.504
2026-01-11T07:50:00Z,refrigerator,87.73
2026-01-11T07:50:00Z,television,5.164
2026-01-11T07:50:00Z,game_console,0.697
2026-01-11T07:50:00Z,printer,1.891
2026-01-11T07:55:00Z,refrigerator,3.384
2026-01-11T07:55:00Z,television,5.73
2026-01-11T07:55:00Z,game_console,0.547
2026-01-11T07:55:00Z,printer,2.132
2026-01-11T08:00:00Z,refrigerator,2.101
2026-01-11T08:00:00Z,television,5.257
2026-01-11T08:00:00Z,game_console,0.698
2026-01-11T08:00:00Z,printer,2.089
2026-01-11T08:05:00Z,refrigerator,3.19
2026-01-11T08:05:00Z,television,5.754
2026-01-11T08:05:00Z,game_console,0.877
2026-01-11T08:05:00Z,printer,2.113
2026-01-11T08:10:00Z,refrigerator,2.365
2026-01-11T08:10:00Z,television,4.711
2026-01-11T08:10:00Z,game_console,0.496
2026-01-11T08:10:00Z,printer,2.275
2026-01-11T08:15:00Z,refrigerator,3.226
2026-01-11T08:15:00Z,television,5.891
2026-01-11T08:15:00Z,game_console,0.716
2026-01-11T08:15:00Z,printer,2.323
2026-01-11T08:20:00Z,refrigerator,2.344
2026-01-11T08:20:00Z,television,4.507
2026-01-11T08:20:00Z,game_console,0.607
2026-01-11T08:20:00Z,printer,1.909
2026-01-11T08:25:00Z,refrigerator,2.824
2026-01-11T08:25:00Z,television,5.884
2026-01-11T08:25:00Z,game_console,0.0
2026-01-11T08:25:00Z,printer,1.935
2026-01-11T08:30:00Z,refrigerator,3.938
2026-01-11T08:30:00Z,television,5.296
2026-01-11T08:30:00Z,game_console,0.063
2026-01-11T08:30:00Z,printer,2.363
2026-01-11T08:35:00Z,refrigerator,3.17
2026-01-11T08:35:00Z,television,5.154
2026-01-11T08:35:00Z,game_console,0.687
2026-01-11T08:35:00Z,printer,2.072
2026-01-11T08:40:00Z,refrigerator,3.327
2026-01-11T08:40:00Z,television,5.154
2026-01-11T08:40:00Z,game_console,0.565
2026-01-11T08:40:00Z,printer,2.316
2026-01-11T08:45:00Z,refrigerator,2.533
2026-01-11T08:45:00Z,television,4.586
2026-01-11T08:45:00Z,game_console,0.015
2026-01-11T08:45:00Z,printer,2.141
2026-01-11T08:50:00Z,refrigerator,2.26
2026-01-11T08:50:00Z,television,5.29
2026-01-11T08:50:00Z,game_console,0.091
2026-01-11T08:50:00Z,printer,1.915
2026-01-11T08:55:00Z,refrigerator,3.265
2026-01-11T08:55:00Z,television,5.094
2026-01-11T08:55:00Z,game_console,0.026
2026-01-11T08:55:00Z,printer,2.231
2026-01-11T09:00:00Z,refrigerator,87.432
2026-01-11T09:00:00Z,television,5.243
2026-01-11T09:00:00Z,game_console,0.773
2026-01-11T09:00:00Z,printer,2.055
2026-01-11T09:05:00Z,refrigerator,86.912
2026-01-11T09:05:00Z,television,4.869
2026-01-11T09:05:00Z,game_console,0.347
2026-01-11T09:05:00Z,printer,2.276
2026-01-11T09:10:00Z,refrigerator,87.322
2026-01-11T09:10:00Z,television,5.574
2026-01-11T09:10:00Z,game_console,0.374
2026-01-11T09:10:00Z,printer,2.187
2026-01-11T09:15:00Z,refrigerator,88.261
2026-01-11T09:15:00Z,television,5.081
2026-01-11T09:15:00Z,game_console,0.541
2026-01-11T09:15:00Z,printer,2.432
2026-01-11T09:20:00Z,refrigerator,86.937
2026-01-11T09:20:00Z,television,5.213
2026-01-11T09:20:00Z,game_console,0.448
2026-01-11T09:20:00Z,printer,2.364
2026-01-11T09:25:00Z,refrigerator,2.295
2026-01-11T09:25:00Z,television,4.538
2026-01-11T09:25:00Z,game_console,0.417
2026-01-11T09:25:00Z,printer,1.871
2026-01-11T09:30:00Z,refrigerator,2.938
2026-01-11T09:30:00Z,television,4.71
2026-01-11T09:30:00Z,game_console,0.241
2026-01-11T09:30:00Z,printer,2.531
2026-01-11T09:35:00Z,refrigerator,2.012
2026-01-11T09:35:00Z,television,5.841
2026-01-11T09:35:00Z,game_console,0.623
2026-01-11T09:35:00Z,printer,2.207
2026-01-11T09:40:00Z,refrigerator,2.547
2026-01-11T09:40:00Z,television,5.268
2026-01-11T09:40:00Z,game_console,0.894
2026-01-11T09:40:00Z,printer,2.147
2026-01-11T09:45:00Z,refrigerator,2.708
2026-01-11T09:45:00Z,television,4.68
2026-01-11T09:45:00Z,game_console,0.061
2026-01-11T09:45:00Z,printer,2.389
2026-01-11T09:50:00Z,refrigerator,3.371
2026-01-11T09:50:00Z,television,5.267
2026-01-11T09:50:00Z,game_console,0.009
2026-01-11T09:50:00Z,printer,2.521
2026-01-11T09:55:00Z,refrigerator,3.246
2026-01-11T09:55:00Z,television,4.807
2026-01-11T09:55:00Z,game_console,0.0
2026-01-11T09:55:00Z,printer,1.97
2026-01-11T10:00:00Z,refrigerator,2.816
2026-01-11T10:00:00Z,television,5.291
2026-01-11T10:00:00Z,game_console,0.855
2026-01-11T10:00:00Z,printer,2.14
2026-01-11T10:05:00Z,refrigerator,3.926
2026-01-11T10:05:00Z,television,5.437
2026-01-11T10:05:00Z,game_console,0.545
2026-01-11T10:05:00Z,printer,1.907
2026-01-11T10:10:00Z,refrigerator,3.526
2026-01-11T10:10:00Z,television,4.853
2026-01-11T10:10:00Z,game_console,0.37
2026-01-11T10:10:00Z,printer,2.261
2026-01-11T10:15:00Z,refrigerator,2.878
2026-01-11T10:15:00Z,television,5.743
2026-01-11T10:15:00Z,game_console,0.252
2026-01-11T10:15:00Z,printer,2.005
2026-01-11T10:20:00Z,refrigerator,4.177
2026-01-11T10:20:00Z,television,4.601
2026-01-11T10:20:00Z,game_console,0.894
2026-01-11T10:20:00Z,printer,2.53
2026-01-11T10:25:00Z,refrigerator,4.115
2026-01-11T10:25:00Z,television,5.083
2026-01-11T10:25:00Z,game_console,0.194
2026-01-11T10:25:00Z,printer,1.906
2026-01-11T10:30:00Z,refrigerator,88.281
2026-01-11T10:30:00Z,television,4.838
2026-01-11T10:30:00Z,game_console,0.799
2026-01-11T10:30:00Z,printer,2.329
2026-01-11T10:35:00Z,refrigerator,88.819
2026-01-11T10:35:00Z,television,4.662
2026-01-11T10:35:00Z,game_console,0.049
2026-01-11T10:35:00Z,printer,2.044
2026-01-11T10:40:00Z,refrigerator,86.906
2026-01-11T10:40:00Z,television,5.412
2026-01-11T10:40:00Z,game_console,0.042
2026-01-11T10:40:00Z,printer,2.485
2026-01-11T10:45:00Z,refrigerator,89.097
2026-01-11T10:45:00Z,television,5.416
2026-01-11T10:45:00Z,game_console,0.031
2026-01-11T10:45:00Z,printer,1.856
2026-01-11T10:50:00Z,refrigerator,89.059
2026-01-11T10:50:00Z,television,5.434
2026-01-11T10:50:00Z,game_console,0.86
2026-01-11T10:50:00Z,printer,1.859
2026-01-11T10:55:00Z,refrigerator,2.448
2026-01-11T10:55:00Z,television,5.327
2026-01-11T10:55:00Z,game_console,0.764
2026-01-11T10:55:00Z,printer,2.272
2026-01-11T11:00:00Z,refrigerator,3.378
2026-01-11T11:00:00Z,television,4.734
2026-01-11T11:00:00Z,game_console,0.619
2026-01-11T11:00:00Z,printer,1.876
2026-01-11T11:05:00Z,refrigerator,3.993
2026-01-11T11:05:00Z,television,4.896
2026-01-11T11:05:00Z,game_console,0.804
2026-01-11T11:05:00Z,printer,1.987
2026-01-11T11:10:00Z,refrigerator,3.015
2026-01-11T11:10:00Z,television,5.834
2026-01-11T11:10:00Z,game_console,0.0
2026-01-11T11:10:00Z,printer,2.261
2026-01-11T11:15:00Z,refrigerator,3.732
2026-01-11T11:15:00Z,television,4.838
2026-01-11T11:15:00Z,game_console,0.0
2026-01-11T11:15:00Z,printer,1.865
2026-01-11T11:20:00Z,refrigerator,2.097
2026-01-11T11:20:00Z,television,5.276
2026-01-11T11:20:00Z,game_console,0.549
2026-01-11T11:20:00Z,printer,2.232
2026-01-11T11:25:00Z,refrigerator,2.661
2026-01-11T11:25:00Z,television,5.153
2026-01-11T11:25:00Z,game_console,0.0
2026-01-11T11:25:00Z,printer,1.926
2026-01-11T11:30:00Z,refrigerator,2.48
2026-01-11T11:30:00Z,television,5.576
2026-01-11T11:30:00Z,game_console,0.218
2026-01-11T11:30:00Z,printer,1.987
2026-01-11T11:35:00Z,refrigerator,2.182
2026-01-11T11:35:00Z,television,5.082
2026-01-11T11:35:00Z,game_console,0.207
2026-01-11T11:35:00Z,printer,1.937
2026-01-11T11:40:00Z,refrigerator,3.866
2026-01-11T11:40:00Z,television,5.714
2026-01-11T11:40:00Z,game_console,0.0
2026-01-11T11:40:00Z,printer,2.303
2026-01-11T11:45:00Z,refrigerator,2.799
2026-01-11T11:45:00Z,television,5.241
2026-01-11T11:45:00Z,game_console,0.0
2026-01-11T11:45:00Z,printer,2.066
2026-01-11T11:50:00Z,refrigerator,2.767
2026-01-11T11:50:00Z,television,5.176
2026-01-11T11:50:00Z,game_console,0.115
2026-01-11T11:50:00Z,printer,1.85
2026-01-11T11:55:00Z,refrigerator,4.289
2026-01-11T11:55:00Z,television,5.591
2026-01-11T11:55:00Z,game_console,0.098
2026-01-11T11:55:00Z,printer,2.368
2026-01-11T12:00:00Z,refrigerator,87.221
2026-01-11T12:00:00Z,television,4.511
2026-01-11T12:00:00Z,game_console,0.0
2026-01-11T12:00:00Z,printer,18.003
2026-01-11T12:05:00Z,refrigerator,89.039
2026-01-11T12:05:00Z,television,4.79
2026-01-11T12:05:00Z,game_console,0.313
2026-01-11T12:05:00Z,printer,18.306
2026-01-11T12:10:00Z,refrigerator,88.694
2026-01-11T12:10:00Z,television,5.772
2026-01-11T12:10:00Z,game_console,0.0
2026-01-11T12:10:00Z,printer,17.904
2026-01-11T12:15:00Z,refrigerator,87.873
2026-01-11T12:15:00Z,television,5.497
2026-01-11T12:15:00Z,game_console,0.635
2026-01-11T12:15:00Z,printer,18.147
2026-01-11T12:20:00Z,refrigerator,87.155
2026-01-11T12:20:00Z,television,4.648
2026-01-11T12:20:00Z,game_console,0.016
2026-01-11T12:20:00Z,printer,2.415
2026-01-11T12:25:00Z,refrigerator,3.01
2026-01-11T12:25:00Z,television,5.843
2026-01-11T12:25:00Z,game_console,0.47
2026-01-11T12:25:00Z,printer,2.199
2026-01-11T12:30:00Z,refrigerator,3.616
2026-01-11T12:30:00Z,television,5.157
2026-01-11T12:30:00Z,game_console,0.0
2026-01-11T12:30:00Z,printer,2.024
2026-01-11T12:35:00Z,refrigerator,3.306
2026-01-11T12:35:00Z,television,5.653
2026-01-11T12:35:00Z,game_console,0.006
2026-01-11T12:35:00Z,printer,1.929
2026-01-11T12:40:00Z,refrigerator,3.148
2026-01-11T12:40:00Z,television,5.341
2026-01-11T12:40:00Z,game_console,0.327
2026-01-11T12:40:00Z,printer,2.214
2026-01-11T12:45:00Z,refrigerator,2.262
2026-01-11T12:45:00Z,television,5.079
2026-01-11T12:45:00Z,game_console,0.066
2026-01-11T12:45:00Z,printer,1.949
2026-01-11T12:50:00Z,refrigerator,2.196
2026-01-11T12:50:00Z,television,5.851
2026-01-11T12:50:00Z,game_console,0.066
2026-01-11T12:50:00Z,printer,2.248
2026-01-11T12:55:00Z,refrigerator,2.732
2026-01-11T12:55:00Z,television,5.67
2026-01-11T12:55:00Z,game_console,0.423
2026-01-11T12:55:00Z,printer,2.446
2026-01-11T13:00:00Z,refrigerator,2.473
2026-01-11T13:00:00Z,television,4.541
2026-01-11T13:00:00Z,game_console,0.511
2026-01-11T13:00:00Z,printer,2.014
2026-01-11T13:05:00Z,refrigerator,2.078
2026-01-11T13:05:00Z,television,4.801
2026-01-11T13:05:00Z,game_console,0.424
2026-01-11T13:05:00Z,printer,1.915
2026-01-11T13:10:00Z,refrigerator,2.102
2026-01-11T13:10:00Z,television,4.827
2026-01-11T13:10:00Z,game_console,0.218
2026-01-11T13:10:00Z,printer,2.549
2026-01-11T13:15:00Z,refrigerator,3.084
2026-01-11T13:15:00Z,television,5.101
2026-01-11T13:15:00Z,game_console,0.391
2026-01-11T13:15:00Z,printer,2.011
2026-01-11T13:20:00Z,refrigerator,3.89
2026-01-11T13:20:00Z,television,5.048
2026-01-11T13:20:00Z,game_console,0.855
2026-01-11T13:20:00Z,printer,2.349
2026-01-11T13:25:00Z,refrigerator,2.651
2026-01-11T13:25:00Z,television,5.031
2026-01-11T13:25:00Z,game_console,0.365
2026-01-11T13:25:00Z,printer,2.312
2026-01-11T13:30:00Z,refrigerator,87.859
2026-01-11T13:30:00Z,television,4.818
2026-01-11T13:30:00Z,game_console,0.384
2026-01-11T13:30:00Z,printer,2.366
2026-01-11T13:35:00Z,refrigerator,88.377
2026-01-11T13:35:00Z,television,5.057
2026-01-11T13:35:00Z,game_console,0.196
2026-01-11T13:35:00Z,printer,2.153
2026-01-11T13:40:00Z,refrigerator,87.864
2026-01-11T13:40:00Z,television,5.55
2026-01-11T13:40:00Z,game_console,0.337
2026-01-11T13:40:00Z,printer,2.348
2026-01-11T13:45:00Z,refrigerator,86.974
2026-01-11T13:45:00Z,television,5.249
2026-01-11T13:45:00Z,game_console,0.431
2026-01-11T13:45:00Z,printer,2.494
2026-01-11T13:50:00Z,refrigerator,88.193
2026-01-11T13:50:00Z,television,5.078
2026-01-11T13:50:00Z,game_console,0.539
2026-01-11T13:50:00Z,printer,2.228
2026-01-11T13:55:00Z,refrigerator,1.988
2026-01-11T13:55:00Z,television,5.595
2026-01-11T13:55:00Z,game_console,0.235
2026-01-11T13:55:00Z,printer,2.121
2026-01-11T14:00:00Z,refrigerator,2.227
2026-01-11T14:00:00Z,television,5.688
2026-01-11T14:00:00Z,game_console,0.168
2026-01-11T14:00:00Z,printer,2.346
2026-01-11T14:05:00Z,refrigerator,2.264
2026-01-11T14:05:00Z,television,5.471
2026-01-11T14:05:00Z,game_console,0.49
2026-01-11T14:05:00Z,printer,2.235
2026-01-11T14:10:00Z,refrigerator,3.45
2026-01-11T14:10:00Z,television,5.485
2026-01-11T14:10:00Z,game_console,0.257
2026-01-11T14:10:00Z,printer,2.459
2026-01-11T14:15:00Z,refrigerator,3.211
2026-01-11T14:15:00Z,television,4.541
2026-01-11T14:15:00Z,game_console,0.0
2026-01-11T14:15:00Z,printer,1.97
2026-01-11T14:20:00Z,refrigerator,1.988
2026-01-11T14:20:00Z,television,5.579
2026-01-11T14:20:00Z,game_console,0.79
2026-01-11T14:20:00Z,printer,1.93
2026-01-11T14:25:00Z,refrigerator,2.045
2026-01-11T14:25:00Z,television,5.611
2026-01-11T14:25:00Z,game_console,0.896
2026-01-11T14:25:00Z,printer,1.907
2026-01-11T14:30:00Z,refrigerator,2.47
2026-01-11T14:30:00Z,television,5.194
2026-01-11T14:30:00Z,game_console,0.064
2026-01-11T14:30:00Z,printer,2.022
2026-01-11T14:35:00Z,refrigerator,4.248
2026-01-11T14:35:00Z,television,5.722
2026-01-11T14:35:00Z,game_console,0.671
2026-01-11T14:35:00Z,printer,2.358
2026-01-11T14:40:00Z,refrigerator,3.119
2026-01-11T14:40:00Z,television,5.862
2026-01-11T14:40:00Z,game_console,0.644
2026-01-11T14:40:00Z,printer,2.156
2026-01-11T14:45:00Z,refrigerator,4.245
2026-01-11T14:45:00Z,television,5.437
2026-01-11T14:45:00Z,game_console,0.383
2026-01-11T14:45:00Z,printer,2.435
2026-01-11T14:50:00Z,refrigerator,3.466
2026-01-11T14:50:00Z,television,5.028
2026-01-11T14:50:00Z,game_console,0.477
2026-01-11T14:50:00Z,printer,2.02
2026-01-11T14:55:00Z,refrigerator,2.747
2026-01-11T14:55:00Z,television,5.718
2026-01-11T14:55:00Z,game_console,0.716
2026-01-11T14:55:00Z,printer,2.223
2026-01-11T15:00:00Z,refrigerator,87.297
2026-01-11T15:00:00Z,television,5.537
2026-01-11T15:00:00Z,game_console,0.72
2026-01-11T15:00:00Z,printer,2.188
2026-01-11T15:05:00Z,refrigerator,88.372
2026-01-11T15:05:00Z,television,4.563
2026-01-11T15:05:00Z,game_console,0.106
2026-01-11T15:05:00Z,printer,2.023
2026-01-11T15:10:00Z,refrigerator,88.855
2026-01-11T15:10:00Z,television,5.643
2026-01-11T15:10:00Z,game_console,0.349
2026-01-11T15:10:00Z,printer,2.344
2026-01-11T15:15:00Z,refrigerator,87.604
2026-01-11T15:15:00Z,television,5.368
2026-01-11T15:15:00Z,game_console,0.007
2026-01-11T15:15:00Z,printer,1.901
2026-01-11T15:20:00Z,refrigerator,88.009
2026-01-11T15:20:00Z,television,5.166
2026-01-11T15:20:00Z,game_console,0.0
2026-01-11T15:20:00Z,printer,2.364
2026-01-11T15:25:00Z,refrigerator,2.855
2026-01-11T15:25:00Z,television,4.792
2026-01-11T15:25:00Z,game_console,0.738
2026-01-11T15:25:00Z,printer,2.472
2026-01-11T15:30:00Z,refrigerator,2.867
2026-01-11T15:30:00Z,television,4.912
2026-01-11T15:30:00Z,game_console,0.0
2026-01-11T15:30:00Z,printer,2.198
2026-01-11T15:35:00Z,refrigerator,3.262
2026-01-11T15:35:00Z,television,4.932
2026-01-11T15:35:00Z,game_console,0.431
2026-01-11T15:35:00Z,printer,2.19
2026-01-11T15:40:00Z,refrigerator,2.073
2026-01-11T15:40:00Z,television,5.066
2026-01-11T15:40:00Z,game_console,0.277
2026-01-11T15:40:00Z,printer,2.482
2026-01-11T15:45:00Z,refrigerator,3.193
2026-01-11T15:45:00Z,television,4.546
2026-01-11T15:45:00Z,game_console,0.328
2026-01-11T15:45:00Z,printer,1.863
2026-01-11T15:50:00Z,refrigerator,2.517
2026-01-11T15:50:00Z,television,5.59
2026-01-11T15:50:00Z,game_console,0.424
2026-01-11T15:50:00Z,printer,2.405
2026-01-11T15:55:00Z,refrigerator,4.026
2026-01-11T15:55:00Z,television,5.444
2026-01-11T15:55:00Z,game_console,0.483
2026-01-11T15:55:00Z,printer,1.911
2026-01-11T16:00:00Z,refrigerator,3.687
2026-01-11T16:00:00Z,television,4.677
2026-01-11T16:00:00Z,game_console,0.25
2026-01-11T16:00:00Z,printer,2.312
2026-01-11T16:05:00Z,refrigerator,4.006
2026-01-11T16:05:00Z,television,5.678
2026-01-11T16:05:00Z,game_console,0.846
2026-01-11T16:05:00Z,printer,2.248
2026-01-11T16:10:00Z,refrigerator,3.305
2026-01-11T16:10:00Z,television,4.543
2026-01-11T16:10:00Z,game_console,0.133
2026-01-11T16:10:00Z,printer,2.234
2026-01-11T16:15:00Z,refrigerator,3.059
2026-01-11T16:15:00Z,television,4.933
2026-01-11T16:15:00Z,game_console,0.02
2026-01-11T16:15:00Z,printer,2.547
2026-01-11T16:20:00Z,refrigerator,2.146
2026-01-11T16:20:00Z,television,5.056
2026-01-11T16:20:00Z,game_console,0.076
2026-01-11T16:20:00Z,printer,2.328
2026-01-11T16:25:00Z,refrigerator,2.209
2026-01-11T16:25:00Z,television,4.72
2026-01-11T16:25:00Z,game_console,0.242
2026-01-11T16:25:00Z,printer,2.356
2026-01-11T16:30:00Z,refrigerator,87.066
2026-01-11T16:30:00Z,television,5.646
2026-01-11T16:30:00Z,game_console,0.792
2026-01-11T16:30:00Z,printer,2.299
2026-01-11T16:35:00Z,refrigerator,88.441
2026-01-11T16:35:00Z,television,4.6
2026-01-11T16:35:00Z,game_console,0.104
2026-01-11T16:35:00Z,printer,1.954
2026-01-11T16:40:00Z,refrigerator,88.432
2026-01-11T16:40:00Z,television,4.553
2026-01-11T16:40:00Z,game_console,0.884
2026-01-11T16:40:00Z,printer,2.214
2026-01-11T16:45:00Z,refrigerator,87.199
2026-01-11T16:45:00Z,television,5.604
2026-01-11T16:45:00Z,game_console,0.834
2026-01-11T16:45:00Z,printer,2.167
2026-01-11T16:50:00Z,refrigerator,87.656
2026-01-11T16:50:00Z,television,5.082
2026-01-11T16:50:00Z,game_console,0.291
2026-01-11T16:50:00Z,printer,2.024
2026-01-11T16:55:00Z,refrigerator,2.741
2026-01-11T16:55:00Z,television,5.774
2026-01-11T16:55:00Z,game_console,0.0
2026-01-11T16:55:00Z,printer,2.233
2026-01-11T17:00:00Z,refrigerator,2.833
2026-01-11T17:00:00Z,television,5.842
2026-01-11T17:00:00Z,game_console,0.409
2026-01-11T17:00:00Z,printer,1.888
2026-01-11T17:05:00Z,refrigerator,4.044
2026-01-11T17:05:00Z,television,4.955
2026-01-11T17:05:00Z,game_console,0.414
2026-01-11T17:05:00Z,printer,2.268
2026-01-11T17:10:00Z,refrigerator,3.027
2026-01-11T17:10:00Z,television,5.59
2026-01-11T17:10:00Z,game_console,0.0
2026-01-11T17:10:00Z,printer,2.416
2026-01-11T17:15:00Z,refrigerator,2.77
2026-01-11T17:15:00Z,television,4.884
2026-01-11T17:15:00Z,game_console,0.0
2026-01-11T17:15:00Z,printer,2.311
2026-01-11T17:20:00Z,refrigerator,3.154
2026-01-11T17:20:00Z,television,5.072
2026-01-11T17:20:00Z,game_console,0.197
2026-01-11T17:20:00Z,printer,2.513
2026-01-11T17:25:00Z,refrigerator,4.103
2026-01-11T17:25:00Z,television,5.3
2026-01-11T17:25:00Z,game_console,0.52
2026-01-11T17:25:00Z,printer,2.208
2026-01-11T17:30:00Z,refrigerator,2.494
2026-01-11T17:30:00Z,television,4.632
2026-01-11T17:30:00Z,game_console,0.656
2026-01-11T17:30:00Z,printer,2.233
2026-01-11T17:35:00Z,refrigerator,2.696
2026-01-11T17:35:00Z,television,5.47
2026-01-11T17:35:00Z,game_console,0.238
2026-01-11T17:35:00Z,printer,1.933
2026-01-11T17:40:00Z,refrigerator,3.204
2026-01-11T17:40:00Z,television,5.805
2026-01-11T17:40:00Z,game_console,0.153
2026-01-11T17:40:00Z,printer,2.361
2026-01-11T17:45:00Z,refrigerator,2.871
2026-01-11T17:45:00Z,television,5.558
2026-01-11T17:45:00Z,game_console,0.654
2026-01-11T17:45:00Z,printer,2.144
2026-01-11T17:50:00Z,refrigerator,2.246
2026-01-11T17:50:00Z,television,5.342
2026-01-11T17:50:00Z,game_console,0.766
2026-01-11T17:50:00Z,printer,2.068
2026-01-11T17:55:00Z,refrigerator,3.375
2026-01-11T17:55:00Z,television,5.202
2026-01-11T17:55:00Z,game_console,0.282
2026-01-11T17:55:00Z,printer,2.251
2026-01-11T18:00:00Z,refrigerator,87.83
2026-01-11T18:00:00Z,television,71.756
2026-01-11T18:00:00Z,game_console,0.625
2026-01-11T18:00:00Z,printer,17.829
2026-01-11T18:05:00Z,refrigerator,88.395
2026-01-11T18:05:00Z,television,71.783
2026-01-11T18:05:00Z,game_console,0.032
2026-01-11T18:05:00Z,printer,18.093
2026-01-11T18:10:00Z,refrigerator,87.936
2026-01-11T18:10:00Z,television,71.379
2026-01-11T18:10:00Z,game_console,0.27
2026-01-11T18:10:00Z,printer,18.273
2026-01-11T18:15:00Z,refrigerator,86.803
2026-01-11T18:15:00Z,television,71.962
2026-01-11T18:15:00Z,game_console,0.145
2026-01-11T18:15:00Z,printer,18.204
2026-01-11T18:20:00Z,refrigerator,87.301
2026-01-11T18:20:00Z,television,72.539
2026-01-11T18:20:00Z,game_console,0.722
2026-01-11T18:20:00Z,printer,2.492
2026-01-11T18:25:00Z,refrigerator,2.603
2026-01-11T18:25:00Z,television,72.502
2026-01-11T18:25:00Z,game_console,0.607
2026-01-11T18:25:00Z,printer,2.071
2026-01-11T18:30:00Z,refrigerator,3.685
2026-01-11T18:30:00Z,television,72.406
2026-01-11T18:30:00Z,game_console,0.626
2026-01-11T18:30:00Z,printer,2.057
2026-01-11T18:35:00Z,refrigerator,3.304
2026-01-11T18:35:00Z,television,72.684
2026-01-11T18:35:00Z,game_console,0.0
2026-01-11T18:35:00Z,printer,2.546
2026-01-11T18:40:00Z,refrigerator,2.356
2026-01-11T18:40:00Z,television,72.44
2026-01-11T18:40:00Z,game_console,0.346
2026-01-11T18:40:00Z,printer,2.384
2026-01-11T18:45:00Z,refrigerator,2.951
2026-01-11T18:45:00Z,television,72.557
2026-01-11T18:45:00Z,game_console,0.779
2026-01-11T18:45:00Z,printer,2.315
2026-01-11T18:50:00Z,refrigerator,2.911
2026-01-11T18:50:00Z,television,71.638
2026-01-11T18:50:00Z,game_console,0.041
2026-01-11T18:50:00Z,printer,1.886
2026-01-11T18:55:00Z,refrigerator,2.259
2026-01-11T18:55:00Z,television,72.255
2026-01-11T18:55:00Z,game_console,0.065
2026-01-11T18:55:00Z,printer,1.897
2026-01-11T19:00:00Z,refrigerator,3.715
2026-01-11T19:00:00Z,television,72.7
2026-01-11T19:00:00Z,game_console,147.743
2026-01-11T19:00:00Z,printer,2.442
2026-01-11T19:05:00Z,refrigerator,4.251
2026-01-11T19:05:00Z,television,72.269
2026-01-11T19:05:00Z,game_console,147.865
2026-01-11T19:05:00Z,printer,2.182
2026-01-11T19:10:00Z,refrigerator,2.653
2026-01-11T19:10:00Z,television,71.368
2026-01-11T19:10:00Z,game_console,148.229
2026-01-11T19:10:00Z,printer,2.313
2026-01-11T19:15:00Z,refrigerator,2.015
2026-01-11T19:15:00Z,television,72.244
2026-01-11T19:15:00Z,game_console,148.303
2026-01-11T19:15:00Z,printer,1.88
2026-01-11T19:20:00Z,refrigerator,3.592
2026-01-11T19:20:00Z,television,72.202
2026-01-11T19:20:00Z,game_console,147.97
2026-01-11T19:20:00Z,printer,2.308
2026-01-11T19:25:00Z,refrigerator,3.649
2026-01-11T19:25:00Z,television,71.903
2026-01-11T19:25:00Z,game_console,147.64
2026-01-11T19:25:00Z,printer,2.016
2026-01-11T19:30:00Z,refrigerator,87.264
2026-01-11T19:30:00Z,television,72.559
2026-01-11T19:30:00Z,game_console,148.441
2026-01-11T19:30:00Z,printer,2.459
2026-01-11T19:35:00Z,refrigerator,88.397
2026-01-11T19:35:00Z,television,71.737
2026-01-11T19:35:00Z,game_console,147.844
2026-01-11T19:35:00Z,printer,2.075
2026-01-11T19:40:00Z,refrigerator,88.982
2026-01-11T19:40:00Z,television,72.439
2026-01-11T19:40:00Z,game_console,147.522
2026-01-11T19:40:00Z,printer,2.538
2026-01-11T19:45:00Z,refrigerator,89.003
2026-01-11T19:45:00Z,television,72.103
2026-01-11T19:45:00Z,game_console,148.336
2026-01-11T19:45:00Z,printer,2.497
2026-01-11T19:50:00Z,refrigerator,87.1
2026-01-11T19:50:00Z,television,71.685
2026-01-11T19:50:00Z,game_console,147.851
2026-01-11T19:50:00Z,printer,1.852
2026-01-11T19:55:00Z,refrigerator,2.744
2026-01-11T19:55:00Z,television,71.633
2026-01-11T19:55:00Z,game_console,147.776
2026-01-11T19:55:00Z,printer,2.339
2026-01-11T20:00:00Z,refrigerator,2.291
2026-01-11T20:00:00Z,television,71.836
2026-01-11T20:00:00Z,game_console,148.241
2026-01-11T20:00:00Z,printer,2.021
2026-01-11T20:05:00Z,refrigerator,2.812
2026-01-11T20:05:00Z,television,72.142
2026-01-11T20:05:00Z,game_console,147.968
2026-01-11T20:05:00Z,printer,2.489
2026-01-11T20:10:00Z,refrigerator,2.334
2026-01-11T20:10:00Z,television,71.433
2026-01-11T20:10:00Z,game_console,147.941
2026-01-11T20:10:00Z,printer,2.084
2026-01-11T20:15:00Z,refrigerator,2.85
2026-01-11T20:15:00Z,television,71.503
2026-01-11T20:15:00Z,game_console,148.003
2026-01-11T20:15:00Z,printer,2.312
2026-01-11T20:20:00Z,refrigerator,3.191
2026-01-11T20:20:00Z,television,72.084
2026-01-11T20:20:00Z,game_console,148.374
2026-01-11T20:20:00Z,printer,1.935
2026-01-11T20:25:00Z,refrigerator,4.222
2026-01-11T20:25:00Z,television,71.985
2026-01-11T20:25:00Z,game_console,147.896
2026-01-11T20:25:00Z,printer,1.853
2026-01-11T20:30:00Z,refrigerator,4.218
2026-01-11T20:30:00Z,television,72.124
2026-01-11T20:30:00Z,game_console,148.315
2026-01-11T20:30:00Z,printer,2.045
2026-01-11T20:35:00Z,refrigerator,4.166
2026-01-11T20:35:00Z,television,71.999
2026-01-11T20:35:00Z,game_console,147.951
2026-01-11T20:35:00Z,printer,2.426
2026-01-11T20:40:00Z,refrigerator,1.948
2026-01-11T20:40:00Z,television,71.367
2026-01-11T20:40:00Z,game_console,148.345
2026-01-11T20:40:00Z,printer,2.232
2026-01-11T20:45:00Z,refrigerator,2.758
2026-01-11T20:45:00Z,television,71.327
2026-01-11T20:45:00Z,game_console,148.183
2026-01-11T20:45:00Z,printer,2.295
2026-01-11T20:50:00Z,refrigerator,3.42
2026-01-11T20:50:00Z,television,72.07
2026-01-11T20:50:00Z,game_console,148.309
2026-01-11T20:50:00Z,printer,1.944
2026-01-11T20:55:00Z,refrigerator,2.928
2026-01-11T20:55:00Z,television,71.438
2026-01-11T20:55:00Z,game_console,147.873
2026-01-11T20:55:00Z,printer,2.091
2026-01-11T21:00:00Z,refrigerator,88.691
2026-01-11T21:00:00Z,television,72.648
2026-01-11T21:00:00Z,game_console,147.711
2026-01-11T21:00:00Z,printer,2.228
2026-01-11T21:05:00Z,refrigerator,89.085
2026-01-11T21:05:00Z,television,72.587
2026-01-11T21:05:00Z,game_console,148.231
2026-01-11T21:05:00Z,printer,2.17
2026-01-11T21:10:00Z,refrigerator,88.381
2026-01-11T21:10:00Z,television,72.383
2026-01-11T21:10:00Z,game_console,148.101
2026-01-11T21:10:00Z,printer,2.427
2026-01-11T21:15:00Z,refrigerator,87.538
2026-01-11T21:15:00Z,television,72.237
2026-01-11T21:15:00Z,game_console,148.467
2026-01-11T21:15:00Z,printer,2.539
2026-01-11T21:20:00Z,refrigerator,88.383
2026-01-11T21:20:00Z,television,72.14
2026-01-11T21:20:00Z,game_console,147.697
2026-01-11T21:20:00Z,printer,2.232
2026-01-11T21:25:00Z,refrigerator,4.232
2026-01-11T21:25:00Z,television,71.95
2026-01-11T21:25:00Z,game_console,148.131
2026-01-11T21:25:00Z,printer,1.942
2026-01-11T21:30:00Z,refrigerator,2.417
2026-01-11T21:30:00Z,television,71.809
2026-01-11T21:30:00Z,game_console,147.694
2026-01-11T21:30:00Z,printer,2.409
2026-01-11T21:35:00Z,refrigerator,2.874
2026-01-11T21:35:00Z,television,72.411
2026-01-11T21:35:00Z,game_console,147.649
2026-01-11T21:35:00Z,printer,1.877
2026-01-11T21:40:00Z,refrigerator,2.434
2026-01-11T21:40:00Z,television,71.656
2026-01-11T21:40:00Z,game_console,148.273
2026-01-11T21:40:00Z,printer,2.436
2026-01-11T21:45:00Z,refrigerator,2.86
2026-01-11T21:45:00Z,television,71.365
2026-01-11T21:45:00Z,game_console,147.569
2026-01-11T21:45:00Z,printer,1.935
2026-01-11T21:50:00Z,refrigerator,2.316
2026-01-11T21:50:00Z,television,72.302
2026-01-11T21:50:00Z,game_console,147.706
2026-01-11T21:50:00Z,printer,2.481
2026-01-11T21:55:00Z,refrigerator,2.681
2026-01-11T21:55:00Z,television,71.751
2026-01-11T21:55:00Z,game_console,148.039
2026-01-11T21:55:00Z,printer,2.23
2026-01-11T22:00:00Z,refrigerator,4.275
2026-01-11T22:00:00Z,television,4.631
2026-01-11T22:00:00Z,game_console,148.152
2026-01-11T22:00:00Z,printer,1.937
2026-01-11T22:05:00Z,refrigerator,2.068
2026-01-11T22:05:00Z,television,4.713
2026-01-11T22:05:00Z,game_console,147.885
2026-01-11T22:05:00Z,printer,2.518
2026-01-11T22:10:00Z,refrigerator,3.568
2026-01-11T22:10:00Z,television,4.752
2026-01-11T22:10:00Z,game_console,148.235
2026-01-11T22:10:00Z,printer,1.946
2026-01-11T22:15:00Z,refrigerator,2.316
2026-01-11T22:15:00Z,television,5.584
2026-01-11T22:15:00Z,game_console,147.964
2026-01-11T22:15:00Z,printer,2.264
2026-01-11T22:20:00Z,refrigerator,3.37
2026-01-11T22:20:00Z,television,5.87
2026-01-11T22:20:00Z,game_console,148.372
2026-01-11T22:20:00Z,printer,2.251
2026-01-11T22:25:00Z,refrigerator,3.508
2026-01-11T22:25:00Z,television,5.844
2026-01-11T22:25:00Z,game_console,148.284
2026-01-11T22:25:00Z,printer,2.26
2026-01-11T22:30:00Z,refrigerator,88.745
2026-01-11T22:30:00Z,television,5.538
2026-01-11T22:30:00Z,game_console,148.008
2026-01-11T22:30:00Z,printer,2.377
2026-01-11T22:35:00Z,refrigerator,87.798
2026-01-11T22:35:00Z,television,4.589
2026-01-11T22:35:00Z,game_console,147.61
2026-01-11T22:35:00Z,printer,2.048
2026-01-11T22:40:00Z,refrigerator,87.035
2026-01-11T22:40:00Z,television,4.978
2026-01-11T22:40:00Z,game_console,148.166
2026-01-11T22:40:00Z,printer,2.431
2026-01-11T22:45:00Z,refrigerator,88.393
2026-01-11T22:45:00Z,television,5.039
2026-01-11T22:45:00Z,game_console,147.994
2026-01-11T22:45:00Z,printer,2.04
2026-01-11T22:50:00Z,refrigerator,86.993
2026-01-11T22:50:00Z,television,5.724
2026-01-11T22:50:00Z,game_console,147.564
2026-01-11T22:50:00Z,printer,2.528
2026-01-11T22:55:00Z,refrigerator,2.235
2026-01-11T22:55:00Z,television,4.929
2026-01-11T22:55:00Z,game_console,148.24
2026-01-11T22:55:00Z,printer,1.885
2026-01-11T23:00:00Z,refrigerator,3.255
2026-01-11T23:00:00Z,television,5.826
2026-01-11T23:00:00Z,game_console,12.262
2026-01-11T23:00:00Z,printer,2.339
2026-01-11T23:05:00Z,refrigerator,3.942
2026-01-11T23:05:00Z,television,5.417
2026-01-11T23:05:00Z,game_console,12.191
2026-01-11T23:05:00Z,printer,2.258
2026-01-11T23:10:00Z,refrigerator,3.249
2026-01-11T23:10:00Z,television,5.668
2026-01-11T23:10:00Z,game_console,11.359
2026-01-11T23:10:00Z,printer,1.989
2026-01-11T23:15:00Z,refrigerator,2.47
2026-01-11T23:15:00Z,television,4.844
2026-01-11T23:15:00Z,game_console,11.322
2026-01-11T23:15:00Z,printer,2.521
2026-01-11T23:20:00Z,refrigerator,4.236
2026-01-11T23:20:00Z,television,5.372
2026-01-11T23:20:00Z,game_console,11.618
2026-01-11T23:20:00Z,printer,1.989
2026-01-11T23:25:00Z,refrigerator,2.811
2026-01-11T23:25:00Z,television,5.767
2026-01-11T23:25:00Z,game_console,11.566
2026-01-11T23:25:00Z,printer,2.492
2026-01-11T23:30:00Z,refrigerator,1.918
2026-01-11T23:30:00Z,television,5.282
2026-01-11T23:30:00Z,game_console,12.095
2026-01-11T23:30:00Z,printer,2.526
2026-01-11T23:35:00Z,refrigerator,2.632
2026-01-11T23:35:00Z,television,5.595
2026-01-11T23:35:00Z,game_console,11.678
2026-01-11T23:35:00Z,printer,1.947
2026-01-11T23:40:00Z,refrigerator,3.789
2026-01-11T23:40:00Z,television,5.009
2026-01-11T23:40:00Z,game_console,11.973
2026-01-11T23:40:00Z,printer,2.021
2026-01-11T23:45:00Z,refrigerator,4.112
2026-01-11T23:45:00Z,television,5.441
2026-01-11T23:45:00Z,game_console,11.731
2026-01-11T23:45:00Z,printer,2.379
2026-01-11T23:50:00Z,refrigerator,4.086
2026-01-11T23:50:00Z,television,5.13
2026-01-11T23:50:00Z,game_console,12.011
2026-01-11T23:50:00Z,printer,2.504
2026-01-11T23:55:00Z,refrigerator,3.41
2026-01-11T23:55:00Z,television,4.764
2026-01-11T23:55:00Z,game_console,12.043
2026-01-11T23:55:00Z,printer,2.282
